WARNING: File `gltest.config.yaml` not found in the current directory, using default config, create a `gltest.config.yaml` file to manage multiple networks
INFO: Clearing artifacts directory: artifacts
INFO: Using the following configuration:
INFO:   RPC URL: https://studio.genlayer.com/api
INFO:   Selected Network: studionet
INFO:   Available networks: ['localnet', 'studionet', 'testnet_asimov', 'testnet_bradbury']
INFO:   Selected chain type: studionet
INFO:   Available chains: localnet, studionet, testnet_asimov, testnet_bradbury
INFO:   Contracts directory: contracts
INFO:   Artifacts directory: artifacts
INFO:   Environment: .env
INFO:   Default wait interval: 3000 ms
INFO:   Default wait retries: 50
INFO:   Leader only mode: False
EEEEEEEEEEEEEEEEEEEEEEEEEEEEEEEEEEEEEEEEEEEEEEEEEEEEEEEEEEEEEEEEEEEEEEEE [ 34%]
EEEEEEEEEEEEEEEEEEEEEEEEEEEEEEEEEEEEEEEEEEEEFEEEEEEEEEEEEEEEEEEEEEEEEEEE [ 68%]
EEEEEEEEEEEEEEEEEEEEEEEEEEEEEEEEEEEEEEEEEEEEEEEEEEEEEEEEEEEEEEEEEEE      [100%]
==================================== ERRORS ====================================
___ ERROR at setup of test_A_full_independent_reexecution_and_atomic_success ___

contract_path = PosixPath('/workspace/scratch/6ad74b9a2f71/evidence-independence-matrix/contracts/evidence_independence_matrix.py')

    def _load_module(contract_path: Path) -> Any:
        """Load a Python module from file path."""
        module_name = f"_contract_{contract_path.stem}"
    
        if module_name in sys.modules:
            del sys.modules[module_name]
    
        spec = importlib.util.spec_from_file_location(module_name, contract_path)
        if spec is None or spec.loader is None:
            raise ImportError(f"Cannot load module from {contract_path}")
    
        module = importlib.util.module_from_spec(spec)
        sys.modules[module_name] = module
    
        try:
>           spec.loader.exec_module(module)
E             File "/workspace/scratch/6ad74b9a2f71/evidence-independence-matrix/contracts/evidence_independence_matrix.py", line 551
E               "relations": [p["relation"] for p in candidate["pairs"]}),
E                                                                      ^
E           SyntaxError: closing parenthesis '}' does not match opening parenthesis '['

/tmp/eim-phase3-env/lib/python3.12/site-packages/gltest/direct/loader.py:311: SyntaxError

The above exception was the direct cause of the following exception:

    @pytest.fixture(scope="session")
    def eim():
        archive = download_artifacts("v0.2.16")
        with archive.open("rb") as stream:
            assert hashlib.file_digest(stream, "sha256").hexdigest() == ARTIFACT_SHA256
        vm = VMContext()
        vm._sender = bytes.fromhex("ab" * 20)
        vm._contract_address = bytes.fromhex("cd" * 20)
        vm._chain_id = 61999
>       cls = load_contract_class(ROOT / "contracts/evidence_independence_matrix.py", vm, sdk_version="v0.2.16")
              ^^^^^^^^^^^^^^^^^^^^^^^^^^^^^^^^^^^^^^^^^^^^^^^^^^^^^^^^^^^^^^^^^^^^^^^^^^^^^^^^^^^^^^^^^^^^^^^^^^

tests/conftest.py:21: 
_ _ _ _ _ _ _ _ _ _ _ _ _ _ _ _ _ _ _ _ _ _ _ _ _ _ _ _ _ _ _ _ _ _ _ _ _ _ _ _ 
/tmp/eim-phase3-env/lib/python3.12/site-packages/gltest/direct/loader.py:57: in load_contract_class
    module = _load_module(contract_path)
             ^^^^^^^^^^^^^^^^^^^^^^^^^^^
_ _ _ _ _ _ _ _ _ _ _ _ _ _ _ _ _ _ _ _ _ _ _ _ _ _ _ _ _ _ _ _ _ _ _ _ _ _ _ _ 

contract_path = PosixPath('/workspace/scratch/6ad74b9a2f71/evidence-independence-matrix/contracts/evidence_independence_matrix.py')

    def _load_module(contract_path: Path) -> Any:
        """Load a Python module from file path."""
        module_name = f"_contract_{contract_path.stem}"
    
        if module_name in sys.modules:
            del sys.modules[module_name]
    
        spec = importlib.util.spec_from_file_location(module_name, contract_path)
        if spec is None or spec.loader is None:
            raise ImportError(f"Cannot load module from {contract_path}")
    
        module = importlib.util.module_from_spec(spec)
        sys.modules[module_name] = module
    
        try:
            spec.loader.exec_module(module)
        except Exception as e:
            if module_name in sys.modules:
                del sys.modules[module_name]
>           raise ImportError(f"Failed to load contract: {e}") from e
E           ImportError: Failed to load contract: closing parenthesis '}' does not match opening parenthesis '[' (evidence_independence_matrix.py, line 551)

/tmp/eim-phase3-env/lib/python3.12/site-packages/gltest/direct/loader.py:315: ImportError
________ ERROR at setup of test_B_C_D_L_material_disagreement[relation] ________

contract_path = PosixPath('/workspace/scratch/6ad74b9a2f71/evidence-independence-matrix/contracts/evidence_independence_matrix.py')

    def _load_module(contract_path: Path) -> Any:
        """Load a Python module from file path."""
        module_name = f"_contract_{contract_path.stem}"
    
        if module_name in sys.modules:
            del sys.modules[module_name]
    
        spec = importlib.util.spec_from_file_location(module_name, contract_path)
        if spec is None or spec.loader is None:
            raise ImportError(f"Cannot load module from {contract_path}")
    
        module = importlib.util.module_from_spec(spec)
        sys.modules[module_name] = module
    
        try:
>           spec.loader.exec_module(module)
E             File "/workspace/scratch/6ad74b9a2f71/evidence-independence-matrix/contracts/evidence_independence_matrix.py", line 551
E               "relations": [p["relation"] for p in candidate["pairs"]}),
E                                                                      ^
E           SyntaxError: closing parenthesis '}' does not match opening parenthesis '['

/tmp/eim-phase3-env/lib/python3.12/site-packages/gltest/direct/loader.py:311: SyntaxError

The above exception was the direct cause of the following exception:

    @pytest.fixture(scope="session")
    def eim():
        archive = download_artifacts("v0.2.16")
        with archive.open("rb") as stream:
            assert hashlib.file_digest(stream, "sha256").hexdigest() == ARTIFACT_SHA256
        vm = VMContext()
        vm._sender = bytes.fromhex("ab" * 20)
        vm._contract_address = bytes.fromhex("cd" * 20)
        vm._chain_id = 61999
>       cls = load_contract_class(ROOT / "contracts/evidence_independence_matrix.py", vm, sdk_version="v0.2.16")
              ^^^^^^^^^^^^^^^^^^^^^^^^^^^^^^^^^^^^^^^^^^^^^^^^^^^^^^^^^^^^^^^^^^^^^^^^^^^^^^^^^^^^^^^^^^^^^^^^^^

tests/conftest.py:21: 
_ _ _ _ _ _ _ _ _ _ _ _ _ _ _ _ _ _ _ _ _ _ _ _ _ _ _ _ _ _ _ _ _ _ _ _ _ _ _ _ 
/tmp/eim-phase3-env/lib/python3.12/site-packages/gltest/direct/loader.py:57: in load_contract_class
    module = _load_module(contract_path)
             ^^^^^^^^^^^^^^^^^^^^^^^^^^^
_ _ _ _ _ _ _ _ _ _ _ _ _ _ _ _ _ _ _ _ _ _ _ _ _ _ _ _ _ _ _ _ _ _ _ _ _ _ _ _ 

contract_path = PosixPath('/workspace/scratch/6ad74b9a2f71/evidence-independence-matrix/contracts/evidence_independence_matrix.py')

    def _load_module(contract_path: Path) -> Any:
        """Load a Python module from file path."""
        module_name = f"_contract_{contract_path.stem}"
    
        if module_name in sys.modules:
            del sys.modules[module_name]
    
        spec = importlib.util.spec_from_file_location(module_name, contract_path)
        if spec is None or spec.loader is None:
            raise ImportError(f"Cannot load module from {contract_path}")
    
        module = importlib.util.module_from_spec(spec)
        sys.modules[module_name] = module
    
        try:
            spec.loader.exec_module(module)
        except Exception as e:
            if module_name in sys.modules:
                del sys.modules[module_name]
>           raise ImportError(f"Failed to load contract: {e}") from e
E           ImportError: Failed to load contract: closing parenthesis '}' does not match opening parenthesis '[' (evidence_independence_matrix.py, line 551)

/tmp/eim-phase3-env/lib/python3.12/site-packages/gltest/direct/loader.py:315: ImportError
_______ ERROR at setup of test_B_C_D_L_material_disagreement[relevance] ________

contract_path = PosixPath('/workspace/scratch/6ad74b9a2f71/evidence-independence-matrix/contracts/evidence_independence_matrix.py')

    def _load_module(contract_path: Path) -> Any:
        """Load a Python module from file path."""
        module_name = f"_contract_{contract_path.stem}"
    
        if module_name in sys.modules:
            del sys.modules[module_name]
    
        spec = importlib.util.spec_from_file_location(module_name, contract_path)
        if spec is None or spec.loader is None:
            raise ImportError(f"Cannot load module from {contract_path}")
    
        module = importlib.util.module_from_spec(spec)
        sys.modules[module_name] = module
    
        try:
>           spec.loader.exec_module(module)
E             File "/workspace/scratch/6ad74b9a2f71/evidence-independence-matrix/contracts/evidence_independence_matrix.py", line 551
E               "relations": [p["relation"] for p in candidate["pairs"]}),
E                                                                      ^
E           SyntaxError: closing parenthesis '}' does not match opening parenthesis '['

/tmp/eim-phase3-env/lib/python3.12/site-packages/gltest/direct/loader.py:311: SyntaxError

The above exception was the direct cause of the following exception:

    @pytest.fixture(scope="session")
    def eim():
        archive = download_artifacts("v0.2.16")
        with archive.open("rb") as stream:
            assert hashlib.file_digest(stream, "sha256").hexdigest() == ARTIFACT_SHA256
        vm = VMContext()
        vm._sender = bytes.fromhex("ab" * 20)
        vm._contract_address = bytes.fromhex("cd" * 20)
        vm._chain_id = 61999
>       cls = load_contract_class(ROOT / "contracts/evidence_independence_matrix.py", vm, sdk_version="v0.2.16")
              ^^^^^^^^^^^^^^^^^^^^^^^^^^^^^^^^^^^^^^^^^^^^^^^^^^^^^^^^^^^^^^^^^^^^^^^^^^^^^^^^^^^^^^^^^^^^^^^^^^

tests/conftest.py:21: 
_ _ _ _ _ _ _ _ _ _ _ _ _ _ _ _ _ _ _ _ _ _ _ _ _ _ _ _ _ _ _ _ _ _ _ _ _ _ _ _ 
/tmp/eim-phase3-env/lib/python3.12/site-packages/gltest/direct/loader.py:57: in load_contract_class
    module = _load_module(contract_path)
             ^^^^^^^^^^^^^^^^^^^^^^^^^^^
_ _ _ _ _ _ _ _ _ _ _ _ _ _ _ _ _ _ _ _ _ _ _ _ _ _ _ _ _ _ _ _ _ _ _ _ _ _ _ _ 

contract_path = PosixPath('/workspace/scratch/6ad74b9a2f71/evidence-independence-matrix/contracts/evidence_independence_matrix.py')

    def _load_module(contract_path: Path) -> Any:
        """Load a Python module from file path."""
        module_name = f"_contract_{contract_path.stem}"
    
        if module_name in sys.modules:
            del sys.modules[module_name]
    
        spec = importlib.util.spec_from_file_location(module_name, contract_path)
        if spec is None or spec.loader is None:
            raise ImportError(f"Cannot load module from {contract_path}")
    
        module = importlib.util.module_from_spec(spec)
        sys.modules[module_name] = module
    
        try:
            spec.loader.exec_module(module)
        except Exception as e:
            if module_name in sys.modules:
                del sys.modules[module_name]
>           raise ImportError(f"Failed to load contract: {e}") from e
E           ImportError: Failed to load contract: closing parenthesis '}' does not match opening parenthesis '[' (evidence_independence_matrix.py, line 551)

/tmp/eim-phase3-env/lib/python3.12/site-packages/gltest/direct/loader.py:315: ImportError
_________ ERROR at setup of test_B_C_D_L_material_disagreement[digest] _________

contract_path = PosixPath('/workspace/scratch/6ad74b9a2f71/evidence-independence-matrix/contracts/evidence_independence_matrix.py')

    def _load_module(contract_path: Path) -> Any:
        """Load a Python module from file path."""
        module_name = f"_contract_{contract_path.stem}"
    
        if module_name in sys.modules:
            del sys.modules[module_name]
    
        spec = importlib.util.spec_from_file_location(module_name, contract_path)
        if spec is None or spec.loader is None:
            raise ImportError(f"Cannot load module from {contract_path}")
    
        module = importlib.util.module_from_spec(spec)
        sys.modules[module_name] = module
    
        try:
>           spec.loader.exec_module(module)
E             File "/workspace/scratch/6ad74b9a2f71/evidence-independence-matrix/contracts/evidence_independence_matrix.py", line 551
E               "relations": [p["relation"] for p in candidate["pairs"]}),
E                                                                      ^
E           SyntaxError: closing parenthesis '}' does not match opening parenthesis '['

/tmp/eim-phase3-env/lib/python3.12/site-packages/gltest/direct/loader.py:311: SyntaxError

The above exception was the direct cause of the following exception:

    @pytest.fixture(scope="session")
    def eim():
        archive = download_artifacts("v0.2.16")
        with archive.open("rb") as stream:
            assert hashlib.file_digest(stream, "sha256").hexdigest() == ARTIFACT_SHA256
        vm = VMContext()
        vm._sender = bytes.fromhex("ab" * 20)
        vm._contract_address = bytes.fromhex("cd" * 20)
        vm._chain_id = 61999
>       cls = load_contract_class(ROOT / "contracts/evidence_independence_matrix.py", vm, sdk_version="v0.2.16")
              ^^^^^^^^^^^^^^^^^^^^^^^^^^^^^^^^^^^^^^^^^^^^^^^^^^^^^^^^^^^^^^^^^^^^^^^^^^^^^^^^^^^^^^^^^^^^^^^^^^

tests/conftest.py:21: 
_ _ _ _ _ _ _ _ _ _ _ _ _ _ _ _ _ _ _ _ _ _ _ _ _ _ _ _ _ _ _ _ _ _ _ _ _ _ _ _ 
/tmp/eim-phase3-env/lib/python3.12/site-packages/gltest/direct/loader.py:57: in load_contract_class
    module = _load_module(contract_path)
             ^^^^^^^^^^^^^^^^^^^^^^^^^^^
_ _ _ _ _ _ _ _ _ _ _ _ _ _ _ _ _ _ _ _ _ _ _ _ _ _ _ _ _ _ _ _ _ _ _ _ _ _ _ _ 

contract_path = PosixPath('/workspace/scratch/6ad74b9a2f71/evidence-independence-matrix/contracts/evidence_independence_matrix.py')

    def _load_module(contract_path: Path) -> Any:
        """Load a Python module from file path."""
        module_name = f"_contract_{contract_path.stem}"
    
        if module_name in sys.modules:
            del sys.modules[module_name]
    
        spec = importlib.util.spec_from_file_location(module_name, contract_path)
        if spec is None or spec.loader is None:
            raise ImportError(f"Cannot load module from {contract_path}")
    
        module = importlib.util.module_from_spec(spec)
        sys.modules[module_name] = module
    
        try:
            spec.loader.exec_module(module)
        except Exception as e:
            if module_name in sys.modules:
                del sys.modules[module_name]
>           raise ImportError(f"Failed to load contract: {e}") from e
E           ImportError: Failed to load contract: closing parenthesis '}' does not match opening parenthesis '[' (evidence_independence_matrix.py, line 551)

/tmp/eim-phase3-env/lib/python3.12/site-packages/gltest/direct/loader.py:315: ImportError
_____ ERROR at setup of test_B_C_D_L_material_disagreement[fetch_content] ______

contract_path = PosixPath('/workspace/scratch/6ad74b9a2f71/evidence-independence-matrix/contracts/evidence_independence_matrix.py')

    def _load_module(contract_path: Path) -> Any:
        """Load a Python module from file path."""
        module_name = f"_contract_{contract_path.stem}"
    
        if module_name in sys.modules:
            del sys.modules[module_name]
    
        spec = importlib.util.spec_from_file_location(module_name, contract_path)
        if spec is None or spec.loader is None:
            raise ImportError(f"Cannot load module from {contract_path}")
    
        module = importlib.util.module_from_spec(spec)
        sys.modules[module_name] = module
    
        try:
>           spec.loader.exec_module(module)
E             File "/workspace/scratch/6ad74b9a2f71/evidence-independence-matrix/contracts/evidence_independence_matrix.py", line 551
E               "relations": [p["relation"] for p in candidate["pairs"]}),
E                                                                      ^
E           SyntaxError: closing parenthesis '}' does not match opening parenthesis '['

/tmp/eim-phase3-env/lib/python3.12/site-packages/gltest/direct/loader.py:311: SyntaxError

The above exception was the direct cause of the following exception:

    @pytest.fixture(scope="session")
    def eim():
        archive = download_artifacts("v0.2.16")
        with archive.open("rb") as stream:
            assert hashlib.file_digest(stream, "sha256").hexdigest() == ARTIFACT_SHA256
        vm = VMContext()
        vm._sender = bytes.fromhex("ab" * 20)
        vm._contract_address = bytes.fromhex("cd" * 20)
        vm._chain_id = 61999
>       cls = load_contract_class(ROOT / "contracts/evidence_independence_matrix.py", vm, sdk_version="v0.2.16")
              ^^^^^^^^^^^^^^^^^^^^^^^^^^^^^^^^^^^^^^^^^^^^^^^^^^^^^^^^^^^^^^^^^^^^^^^^^^^^^^^^^^^^^^^^^^^^^^^^^^

tests/conftest.py:21: 
_ _ _ _ _ _ _ _ _ _ _ _ _ _ _ _ _ _ _ _ _ _ _ _ _ _ _ _ _ _ _ _ _ _ _ _ _ _ _ _ 
/tmp/eim-phase3-env/lib/python3.12/site-packages/gltest/direct/loader.py:57: in load_contract_class
    module = _load_module(contract_path)
             ^^^^^^^^^^^^^^^^^^^^^^^^^^^
_ _ _ _ _ _ _ _ _ _ _ _ _ _ _ _ _ _ _ _ _ _ _ _ _ _ _ _ _ _ _ _ _ _ _ _ _ _ _ _ 

contract_path = PosixPath('/workspace/scratch/6ad74b9a2f71/evidence-independence-matrix/contracts/evidence_independence_matrix.py')

    def _load_module(contract_path: Path) -> Any:
        """Load a Python module from file path."""
        module_name = f"_contract_{contract_path.stem}"
    
        if module_name in sys.modules:
            del sys.modules[module_name]
    
        spec = importlib.util.spec_from_file_location(module_name, contract_path)
        if spec is None or spec.loader is None:
            raise ImportError(f"Cannot load module from {contract_path}")
    
        module = importlib.util.module_from_spec(spec)
        sys.modules[module_name] = module
    
        try:
            spec.loader.exec_module(module)
        except Exception as e:
            if module_name in sys.modules:
                del sys.modules[module_name]
>           raise ImportError(f"Failed to load contract: {e}") from e
E           ImportError: Failed to load contract: closing parenthesis '}' does not match opening parenthesis '[' (evidence_independence_matrix.py, line 551)

/tmp/eim-phase3-env/lib/python3.12/site-packages/gltest/direct/loader.py:315: ImportError
______ ERROR at setup of test_B_C_D_L_material_disagreement[read_status] _______

contract_path = PosixPath('/workspace/scratch/6ad74b9a2f71/evidence-independence-matrix/contracts/evidence_independence_matrix.py')

    def _load_module(contract_path: Path) -> Any:
        """Load a Python module from file path."""
        module_name = f"_contract_{contract_path.stem}"
    
        if module_name in sys.modules:
            del sys.modules[module_name]
    
        spec = importlib.util.spec_from_file_location(module_name, contract_path)
        if spec is None or spec.loader is None:
            raise ImportError(f"Cannot load module from {contract_path}")
    
        module = importlib.util.module_from_spec(spec)
        sys.modules[module_name] = module
    
        try:
>           spec.loader.exec_module(module)
E             File "/workspace/scratch/6ad74b9a2f71/evidence-independence-matrix/contracts/evidence_independence_matrix.py", line 551
E               "relations": [p["relation"] for p in candidate["pairs"]}),
E                                                                      ^
E           SyntaxError: closing parenthesis '}' does not match opening parenthesis '['

/tmp/eim-phase3-env/lib/python3.12/site-packages/gltest/direct/loader.py:311: SyntaxError

The above exception was the direct cause of the following exception:

    @pytest.fixture(scope="session")
    def eim():
        archive = download_artifacts("v0.2.16")
        with archive.open("rb") as stream:
            assert hashlib.file_digest(stream, "sha256").hexdigest() == ARTIFACT_SHA256
        vm = VMContext()
        vm._sender = bytes.fromhex("ab" * 20)
        vm._contract_address = bytes.fromhex("cd" * 20)
        vm._chain_id = 61999
>       cls = load_contract_class(ROOT / "contracts/evidence_independence_matrix.py", vm, sdk_version="v0.2.16")
              ^^^^^^^^^^^^^^^^^^^^^^^^^^^^^^^^^^^^^^^^^^^^^^^^^^^^^^^^^^^^^^^^^^^^^^^^^^^^^^^^^^^^^^^^^^^^^^^^^^

tests/conftest.py:21: 
_ _ _ _ _ _ _ _ _ _ _ _ _ _ _ _ _ _ _ _ _ _ _ _ _ _ _ _ _ _ _ _ _ _ _ _ _ _ _ _ 
/tmp/eim-phase3-env/lib/python3.12/site-packages/gltest/direct/loader.py:57: in load_contract_class
    module = _load_module(contract_path)
             ^^^^^^^^^^^^^^^^^^^^^^^^^^^
_ _ _ _ _ _ _ _ _ _ _ _ _ _ _ _ _ _ _ _ _ _ _ _ _ _ _ _ _ _ _ _ _ _ _ _ _ _ _ _ 

contract_path = PosixPath('/workspace/scratch/6ad74b9a2f71/evidence-independence-matrix/contracts/evidence_independence_matrix.py')

    def _load_module(contract_path: Path) -> Any:
        """Load a Python module from file path."""
        module_name = f"_contract_{contract_path.stem}"
    
        if module_name in sys.modules:
            del sys.modules[module_name]
    
        spec = importlib.util.spec_from_file_location(module_name, contract_path)
        if spec is None or spec.loader is None:
            raise ImportError(f"Cannot load module from {contract_path}")
    
        module = importlib.util.module_from_spec(spec)
        sys.modules[module_name] = module
    
        try:
            spec.loader.exec_module(module)
        except Exception as e:
            if module_name in sys.modules:
                del sys.modules[module_name]
>           raise ImportError(f"Failed to load contract: {e}") from e
E           ImportError: Failed to load contract: closing parenthesis '}' does not match opening parenthesis '[' (evidence_independence_matrix.py, line 551)

/tmp/eim-phase3-env/lib/python3.12/site-packages/gltest/direct/loader.py:315: ImportError
___ ERROR at setup of test_E_F_invalid_leader_candidate_rejected[<lambda>0] ____

contract_path = PosixPath('/workspace/scratch/6ad74b9a2f71/evidence-independence-matrix/contracts/evidence_independence_matrix.py')

    def _load_module(contract_path: Path) -> Any:
        """Load a Python module from file path."""
        module_name = f"_contract_{contract_path.stem}"
    
        if module_name in sys.modules:
            del sys.modules[module_name]
    
        spec = importlib.util.spec_from_file_location(module_name, contract_path)
        if spec is None or spec.loader is None:
            raise ImportError(f"Cannot load module from {contract_path}")
    
        module = importlib.util.module_from_spec(spec)
        sys.modules[module_name] = module
    
        try:
>           spec.loader.exec_module(module)
E             File "/workspace/scratch/6ad74b9a2f71/evidence-independence-matrix/contracts/evidence_independence_matrix.py", line 551
E               "relations": [p["relation"] for p in candidate["pairs"]}),
E                                                                      ^
E           SyntaxError: closing parenthesis '}' does not match opening parenthesis '['

/tmp/eim-phase3-env/lib/python3.12/site-packages/gltest/direct/loader.py:311: SyntaxError

The above exception was the direct cause of the following exception:

    @pytest.fixture(scope="session")
    def eim():
        archive = download_artifacts("v0.2.16")
        with archive.open("rb") as stream:
            assert hashlib.file_digest(stream, "sha256").hexdigest() == ARTIFACT_SHA256
        vm = VMContext()
        vm._sender = bytes.fromhex("ab" * 20)
        vm._contract_address = bytes.fromhex("cd" * 20)
        vm._chain_id = 61999
>       cls = load_contract_class(ROOT / "contracts/evidence_independence_matrix.py", vm, sdk_version="v0.2.16")
              ^^^^^^^^^^^^^^^^^^^^^^^^^^^^^^^^^^^^^^^^^^^^^^^^^^^^^^^^^^^^^^^^^^^^^^^^^^^^^^^^^^^^^^^^^^^^^^^^^^

tests/conftest.py:21: 
_ _ _ _ _ _ _ _ _ _ _ _ _ _ _ _ _ _ _ _ _ _ _ _ _ _ _ _ _ _ _ _ _ _ _ _ _ _ _ _ 
/tmp/eim-phase3-env/lib/python3.12/site-packages/gltest/direct/loader.py:57: in load_contract_class
    module = _load_module(contract_path)
             ^^^^^^^^^^^^^^^^^^^^^^^^^^^
_ _ _ _ _ _ _ _ _ _ _ _ _ _ _ _ _ _ _ _ _ _ _ _ _ _ _ _ _ _ _ _ _ _ _ _ _ _ _ _ 

contract_path = PosixPath('/workspace/scratch/6ad74b9a2f71/evidence-independence-matrix/contracts/evidence_independence_matrix.py')

    def _load_module(contract_path: Path) -> Any:
        """Load a Python module from file path."""
        module_name = f"_contract_{contract_path.stem}"
    
        if module_name in sys.modules:
            del sys.modules[module_name]
    
        spec = importlib.util.spec_from_file_location(module_name, contract_path)
        if spec is None or spec.loader is None:
            raise ImportError(f"Cannot load module from {contract_path}")
    
        module = importlib.util.module_from_spec(spec)
        sys.modules[module_name] = module
    
        try:
            spec.loader.exec_module(module)
        except Exception as e:
            if module_name in sys.modules:
                del sys.modules[module_name]
>           raise ImportError(f"Failed to load contract: {e}") from e
E           ImportError: Failed to load contract: closing parenthesis '}' does not match opening parenthesis '[' (evidence_independence_matrix.py, line 551)

/tmp/eim-phase3-env/lib/python3.12/site-packages/gltest/direct/loader.py:315: ImportError
___ ERROR at setup of test_E_F_invalid_leader_candidate_rejected[<lambda>1] ____

contract_path = PosixPath('/workspace/scratch/6ad74b9a2f71/evidence-independence-matrix/contracts/evidence_independence_matrix.py')

    def _load_module(contract_path: Path) -> Any:
        """Load a Python module from file path."""
        module_name = f"_contract_{contract_path.stem}"
    
        if module_name in sys.modules:
            del sys.modules[module_name]
    
        spec = importlib.util.spec_from_file_location(module_name, contract_path)
        if spec is None or spec.loader is None:
            raise ImportError(f"Cannot load module from {contract_path}")
    
        module = importlib.util.module_from_spec(spec)
        sys.modules[module_name] = module
    
        try:
>           spec.loader.exec_module(module)
E             File "/workspace/scratch/6ad74b9a2f71/evidence-independence-matrix/contracts/evidence_independence_matrix.py", line 551
E               "relations": [p["relation"] for p in candidate["pairs"]}),
E                                                                      ^
E           SyntaxError: closing parenthesis '}' does not match opening parenthesis '['

/tmp/eim-phase3-env/lib/python3.12/site-packages/gltest/direct/loader.py:311: SyntaxError

The above exception was the direct cause of the following exception:

    @pytest.fixture(scope="session")
    def eim():
        archive = download_artifacts("v0.2.16")
        with archive.open("rb") as stream:
            assert hashlib.file_digest(stream, "sha256").hexdigest() == ARTIFACT_SHA256
        vm = VMContext()
        vm._sender = bytes.fromhex("ab" * 20)
        vm._contract_address = bytes.fromhex("cd" * 20)
        vm._chain_id = 61999
>       cls = load_contract_class(ROOT / "contracts/evidence_independence_matrix.py", vm, sdk_version="v0.2.16")
              ^^^^^^^^^^^^^^^^^^^^^^^^^^^^^^^^^^^^^^^^^^^^^^^^^^^^^^^^^^^^^^^^^^^^^^^^^^^^^^^^^^^^^^^^^^^^^^^^^^

tests/conftest.py:21: 
_ _ _ _ _ _ _ _ _ _ _ _ _ _ _ _ _ _ _ _ _ _ _ _ _ _ _ _ _ _ _ _ _ _ _ _ _ _ _ _ 
/tmp/eim-phase3-env/lib/python3.12/site-packages/gltest/direct/loader.py:57: in load_contract_class
    module = _load_module(contract_path)
             ^^^^^^^^^^^^^^^^^^^^^^^^^^^
_ _ _ _ _ _ _ _ _ _ _ _ _ _ _ _ _ _ _ _ _ _ _ _ _ _ _ _ _ _ _ _ _ _ _ _ _ _ _ _ 

contract_path = PosixPath('/workspace/scratch/6ad74b9a2f71/evidence-independence-matrix/contracts/evidence_independence_matrix.py')

    def _load_module(contract_path: Path) -> Any:
        """Load a Python module from file path."""
        module_name = f"_contract_{contract_path.stem}"
    
        if module_name in sys.modules:
            del sys.modules[module_name]
    
        spec = importlib.util.spec_from_file_location(module_name, contract_path)
        if spec is None or spec.loader is None:
            raise ImportError(f"Cannot load module from {contract_path}")
    
        module = importlib.util.module_from_spec(spec)
        sys.modules[module_name] = module
    
        try:
            spec.loader.exec_module(module)
        except Exception as e:
            if module_name in sys.modules:
                del sys.modules[module_name]
>           raise ImportError(f"Failed to load contract: {e}") from e
E           ImportError: Failed to load contract: closing parenthesis '}' does not match opening parenthesis '[' (evidence_independence_matrix.py, line 551)

/tmp/eim-phase3-env/lib/python3.12/site-packages/gltest/direct/loader.py:315: ImportError
___ ERROR at setup of test_E_F_invalid_leader_candidate_rejected[<lambda>2] ____

contract_path = PosixPath('/workspace/scratch/6ad74b9a2f71/evidence-independence-matrix/contracts/evidence_independence_matrix.py')

    def _load_module(contract_path: Path) -> Any:
        """Load a Python module from file path."""
        module_name = f"_contract_{contract_path.stem}"
    
        if module_name in sys.modules:
            del sys.modules[module_name]
    
        spec = importlib.util.spec_from_file_location(module_name, contract_path)
        if spec is None or spec.loader is None:
            raise ImportError(f"Cannot load module from {contract_path}")
    
        module = importlib.util.module_from_spec(spec)
        sys.modules[module_name] = module
    
        try:
>           spec.loader.exec_module(module)
E             File "/workspace/scratch/6ad74b9a2f71/evidence-independence-matrix/contracts/evidence_independence_matrix.py", line 551
E               "relations": [p["relation"] for p in candidate["pairs"]}),
E                                                                      ^
E           SyntaxError: closing parenthesis '}' does not match opening parenthesis '['

/tmp/eim-phase3-env/lib/python3.12/site-packages/gltest/direct/loader.py:311: SyntaxError

The above exception was the direct cause of the following exception:

    @pytest.fixture(scope="session")
    def eim():
        archive = download_artifacts("v0.2.16")
        with archive.open("rb") as stream:
            assert hashlib.file_digest(stream, "sha256").hexdigest() == ARTIFACT_SHA256
        vm = VMContext()
        vm._sender = bytes.fromhex("ab" * 20)
        vm._contract_address = bytes.fromhex("cd" * 20)
        vm._chain_id = 61999
>       cls = load_contract_class(ROOT / "contracts/evidence_independence_matrix.py", vm, sdk_version="v0.2.16")
              ^^^^^^^^^^^^^^^^^^^^^^^^^^^^^^^^^^^^^^^^^^^^^^^^^^^^^^^^^^^^^^^^^^^^^^^^^^^^^^^^^^^^^^^^^^^^^^^^^^

tests/conftest.py:21: 
_ _ _ _ _ _ _ _ _ _ _ _ _ _ _ _ _ _ _ _ _ _ _ _ _ _ _ _ _ _ _ _ _ _ _ _ _ _ _ _ 
/tmp/eim-phase3-env/lib/python3.12/site-packages/gltest/direct/loader.py:57: in load_contract_class
    module = _load_module(contract_path)
             ^^^^^^^^^^^^^^^^^^^^^^^^^^^
_ _ _ _ _ _ _ _ _ _ _ _ _ _ _ _ _ _ _ _ _ _ _ _ _ _ _ _ _ _ _ _ _ _ _ _ _ _ _ _ 

contract_path = PosixPath('/workspace/scratch/6ad74b9a2f71/evidence-independence-matrix/contracts/evidence_independence_matrix.py')

    def _load_module(contract_path: Path) -> Any:
        """Load a Python module from file path."""
        module_name = f"_contract_{contract_path.stem}"
    
        if module_name in sys.modules:
            del sys.modules[module_name]
    
        spec = importlib.util.spec_from_file_location(module_name, contract_path)
        if spec is None or spec.loader is None:
            raise ImportError(f"Cannot load module from {contract_path}")
    
        module = importlib.util.module_from_spec(spec)
        sys.modules[module_name] = module
    
        try:
            spec.loader.exec_module(module)
        except Exception as e:
            if module_name in sys.modules:
                del sys.modules[module_name]
>           raise ImportError(f"Failed to load contract: {e}") from e
E           ImportError: Failed to load contract: closing parenthesis '}' does not match opening parenthesis '[' (evidence_independence_matrix.py, line 551)

/tmp/eim-phase3-env/lib/python3.12/site-packages/gltest/direct/loader.py:315: ImportError
___ ERROR at setup of test_E_F_invalid_leader_candidate_rejected[<lambda>3] ____

contract_path = PosixPath('/workspace/scratch/6ad74b9a2f71/evidence-independence-matrix/contracts/evidence_independence_matrix.py')

    def _load_module(contract_path: Path) -> Any:
        """Load a Python module from file path."""
        module_name = f"_contract_{contract_path.stem}"
    
        if module_name in sys.modules:
            del sys.modules[module_name]
    
        spec = importlib.util.spec_from_file_location(module_name, contract_path)
        if spec is None or spec.loader is None:
            raise ImportError(f"Cannot load module from {contract_path}")
    
        module = importlib.util.module_from_spec(spec)
        sys.modules[module_name] = module
    
        try:
>           spec.loader.exec_module(module)
E             File "/workspace/scratch/6ad74b9a2f71/evidence-independence-matrix/contracts/evidence_independence_matrix.py", line 551
E               "relations": [p["relation"] for p in candidate["pairs"]}),
E                                                                      ^
E           SyntaxError: closing parenthesis '}' does not match opening parenthesis '['

/tmp/eim-phase3-env/lib/python3.12/site-packages/gltest/direct/loader.py:311: SyntaxError

The above exception was the direct cause of the following exception:

    @pytest.fixture(scope="session")
    def eim():
        archive = download_artifacts("v0.2.16")
        with archive.open("rb") as stream:
            assert hashlib.file_digest(stream, "sha256").hexdigest() == ARTIFACT_SHA256
        vm = VMContext()
        vm._sender = bytes.fromhex("ab" * 20)
        vm._contract_address = bytes.fromhex("cd" * 20)
        vm._chain_id = 61999
>       cls = load_contract_class(ROOT / "contracts/evidence_independence_matrix.py", vm, sdk_version="v0.2.16")
              ^^^^^^^^^^^^^^^^^^^^^^^^^^^^^^^^^^^^^^^^^^^^^^^^^^^^^^^^^^^^^^^^^^^^^^^^^^^^^^^^^^^^^^^^^^^^^^^^^^

tests/conftest.py:21: 
_ _ _ _ _ _ _ _ _ _ _ _ _ _ _ _ _ _ _ _ _ _ _ _ _ _ _ _ _ _ _ _ _ _ _ _ _ _ _ _ 
/tmp/eim-phase3-env/lib/python3.12/site-packages/gltest/direct/loader.py:57: in load_contract_class
    module = _load_module(contract_path)
             ^^^^^^^^^^^^^^^^^^^^^^^^^^^
_ _ _ _ _ _ _ _ _ _ _ _ _ _ _ _ _ _ _ _ _ _ _ _ _ _ _ _ _ _ _ _ _ _ _ _ _ _ _ _ 

contract_path = PosixPath('/workspace/scratch/6ad74b9a2f71/evidence-independence-matrix/contracts/evidence_independence_matrix.py')

    def _load_module(contract_path: Path) -> Any:
        """Load a Python module from file path."""
        module_name = f"_contract_{contract_path.stem}"
    
        if module_name in sys.modules:
            del sys.modules[module_name]
    
        spec = importlib.util.spec_from_file_location(module_name, contract_path)
        if spec is None or spec.loader is None:
            raise ImportError(f"Cannot load module from {contract_path}")
    
        module = importlib.util.module_from_spec(spec)
        sys.modules[module_name] = module
    
        try:
            spec.loader.exec_module(module)
        except Exception as e:
            if module_name in sys.modules:
                del sys.modules[module_name]
>           raise ImportError(f"Failed to load contract: {e}") from e
E           ImportError: Failed to load contract: closing parenthesis '}' does not match opening parenthesis '[' (evidence_independence_matrix.py, line 551)

/tmp/eim-phase3-env/lib/python3.12/site-packages/gltest/direct/loader.py:315: ImportError
___ ERROR at setup of test_E_F_invalid_leader_candidate_rejected[<lambda>4] ____

contract_path = PosixPath('/workspace/scratch/6ad74b9a2f71/evidence-independence-matrix/contracts/evidence_independence_matrix.py')

    def _load_module(contract_path: Path) -> Any:
        """Load a Python module from file path."""
        module_name = f"_contract_{contract_path.stem}"
    
        if module_name in sys.modules:
            del sys.modules[module_name]
    
        spec = importlib.util.spec_from_file_location(module_name, contract_path)
        if spec is None or spec.loader is None:
            raise ImportError(f"Cannot load module from {contract_path}")
    
        module = importlib.util.module_from_spec(spec)
        sys.modules[module_name] = module
    
        try:
>           spec.loader.exec_module(module)
E             File "/workspace/scratch/6ad74b9a2f71/evidence-independence-matrix/contracts/evidence_independence_matrix.py", line 551
E               "relations": [p["relation"] for p in candidate["pairs"]}),
E                                                                      ^
E           SyntaxError: closing parenthesis '}' does not match opening parenthesis '['

/tmp/eim-phase3-env/lib/python3.12/site-packages/gltest/direct/loader.py:311: SyntaxError

The above exception was the direct cause of the following exception:

    @pytest.fixture(scope="session")
    def eim():
        archive = download_artifacts("v0.2.16")
        with archive.open("rb") as stream:
            assert hashlib.file_digest(stream, "sha256").hexdigest() == ARTIFACT_SHA256
        vm = VMContext()
        vm._sender = bytes.fromhex("ab" * 20)
        vm._contract_address = bytes.fromhex("cd" * 20)
        vm._chain_id = 61999
>       cls = load_contract_class(ROOT / "contracts/evidence_independence_matrix.py", vm, sdk_version="v0.2.16")
              ^^^^^^^^^^^^^^^^^^^^^^^^^^^^^^^^^^^^^^^^^^^^^^^^^^^^^^^^^^^^^^^^^^^^^^^^^^^^^^^^^^^^^^^^^^^^^^^^^^

tests/conftest.py:21: 
_ _ _ _ _ _ _ _ _ _ _ _ _ _ _ _ _ _ _ _ _ _ _ _ _ _ _ _ _ _ _ _ _ _ _ _ _ _ _ _ 
/tmp/eim-phase3-env/lib/python3.12/site-packages/gltest/direct/loader.py:57: in load_contract_class
    module = _load_module(contract_path)
             ^^^^^^^^^^^^^^^^^^^^^^^^^^^
_ _ _ _ _ _ _ _ _ _ _ _ _ _ _ _ _ _ _ _ _ _ _ _ _ _ _ _ _ _ _ _ _ _ _ _ _ _ _ _ 

contract_path = PosixPath('/workspace/scratch/6ad74b9a2f71/evidence-independence-matrix/contracts/evidence_independence_matrix.py')

    def _load_module(contract_path: Path) -> Any:
        """Load a Python module from file path."""
        module_name = f"_contract_{contract_path.stem}"
    
        if module_name in sys.modules:
            del sys.modules[module_name]
    
        spec = importlib.util.spec_from_file_location(module_name, contract_path)
        if spec is None or spec.loader is None:
            raise ImportError(f"Cannot load module from {contract_path}")
    
        module = importlib.util.module_from_spec(spec)
        sys.modules[module_name] = module
    
        try:
            spec.loader.exec_module(module)
        except Exception as e:
            if module_name in sys.modules:
                del sys.modules[module_name]
>           raise ImportError(f"Failed to load contract: {e}") from e
E           ImportError: Failed to load contract: closing parenthesis '}' does not match opening parenthesis '[' (evidence_independence_matrix.py, line 551)

/tmp/eim-phase3-env/lib/python3.12/site-packages/gltest/direct/loader.py:315: ImportError
___ ERROR at setup of test_E_F_invalid_leader_candidate_rejected[<lambda>5] ____

contract_path = PosixPath('/workspace/scratch/6ad74b9a2f71/evidence-independence-matrix/contracts/evidence_independence_matrix.py')

    def _load_module(contract_path: Path) -> Any:
        """Load a Python module from file path."""
        module_name = f"_contract_{contract_path.stem}"
    
        if module_name in sys.modules:
            del sys.modules[module_name]
    
        spec = importlib.util.spec_from_file_location(module_name, contract_path)
        if spec is None or spec.loader is None:
            raise ImportError(f"Cannot load module from {contract_path}")
    
        module = importlib.util.module_from_spec(spec)
        sys.modules[module_name] = module
    
        try:
>           spec.loader.exec_module(module)
E             File "/workspace/scratch/6ad74b9a2f71/evidence-independence-matrix/contracts/evidence_independence_matrix.py", line 551
E               "relations": [p["relation"] for p in candidate["pairs"]}),
E                                                                      ^
E           SyntaxError: closing parenthesis '}' does not match opening parenthesis '['

/tmp/eim-phase3-env/lib/python3.12/site-packages/gltest/direct/loader.py:311: SyntaxError

The above exception was the direct cause of the following exception:

    @pytest.fixture(scope="session")
    def eim():
        archive = download_artifacts("v0.2.16")
        with archive.open("rb") as stream:
            assert hashlib.file_digest(stream, "sha256").hexdigest() == ARTIFACT_SHA256
        vm = VMContext()
        vm._sender = bytes.fromhex("ab" * 20)
        vm._contract_address = bytes.fromhex("cd" * 20)
        vm._chain_id = 61999
>       cls = load_contract_class(ROOT / "contracts/evidence_independence_matrix.py", vm, sdk_version="v0.2.16")
              ^^^^^^^^^^^^^^^^^^^^^^^^^^^^^^^^^^^^^^^^^^^^^^^^^^^^^^^^^^^^^^^^^^^^^^^^^^^^^^^^^^^^^^^^^^^^^^^^^^

tests/conftest.py:21: 
_ _ _ _ _ _ _ _ _ _ _ _ _ _ _ _ _ _ _ _ _ _ _ _ _ _ _ _ _ _ _ _ _ _ _ _ _ _ _ _ 
/tmp/eim-phase3-env/lib/python3.12/site-packages/gltest/direct/loader.py:57: in load_contract_class
    module = _load_module(contract_path)
             ^^^^^^^^^^^^^^^^^^^^^^^^^^^
_ _ _ _ _ _ _ _ _ _ _ _ _ _ _ _ _ _ _ _ _ _ _ _ _ _ _ _ _ _ _ _ _ _ _ _ _ _ _ _ 

contract_path = PosixPath('/workspace/scratch/6ad74b9a2f71/evidence-independence-matrix/contracts/evidence_independence_matrix.py')

    def _load_module(contract_path: Path) -> Any:
        """Load a Python module from file path."""
        module_name = f"_contract_{contract_path.stem}"
    
        if module_name in sys.modules:
            del sys.modules[module_name]
    
        spec = importlib.util.spec_from_file_location(module_name, contract_path)
        if spec is None or spec.loader is None:
            raise ImportError(f"Cannot load module from {contract_path}")
    
        module = importlib.util.module_from_spec(spec)
        sys.modules[module_name] = module
    
        try:
            spec.loader.exec_module(module)
        except Exception as e:
            if module_name in sys.modules:
                del sys.modules[module_name]
>           raise ImportError(f"Failed to load contract: {e}") from e
E           ImportError: Failed to load contract: closing parenthesis '}' does not match opening parenthesis '[' (evidence_independence_matrix.py, line 551)

/tmp/eim-phase3-env/lib/python3.12/site-packages/gltest/direct/loader.py:315: ImportError
___ ERROR at setup of test_E_F_invalid_leader_candidate_rejected[<lambda>6] ____

contract_path = PosixPath('/workspace/scratch/6ad74b9a2f71/evidence-independence-matrix/contracts/evidence_independence_matrix.py')

    def _load_module(contract_path: Path) -> Any:
        """Load a Python module from file path."""
        module_name = f"_contract_{contract_path.stem}"
    
        if module_name in sys.modules:
            del sys.modules[module_name]
    
        spec = importlib.util.spec_from_file_location(module_name, contract_path)
        if spec is None or spec.loader is None:
            raise ImportError(f"Cannot load module from {contract_path}")
    
        module = importlib.util.module_from_spec(spec)
        sys.modules[module_name] = module
    
        try:
>           spec.loader.exec_module(module)
E             File "/workspace/scratch/6ad74b9a2f71/evidence-independence-matrix/contracts/evidence_independence_matrix.py", line 551
E               "relations": [p["relation"] for p in candidate["pairs"]}),
E                                                                      ^
E           SyntaxError: closing parenthesis '}' does not match opening parenthesis '['

/tmp/eim-phase3-env/lib/python3.12/site-packages/gltest/direct/loader.py:311: SyntaxError

The above exception was the direct cause of the following exception:

    @pytest.fixture(scope="session")
    def eim():
        archive = download_artifacts("v0.2.16")
        with archive.open("rb") as stream:
            assert hashlib.file_digest(stream, "sha256").hexdigest() == ARTIFACT_SHA256
        vm = VMContext()
        vm._sender = bytes.fromhex("ab" * 20)
        vm._contract_address = bytes.fromhex("cd" * 20)
        vm._chain_id = 61999
>       cls = load_contract_class(ROOT / "contracts/evidence_independence_matrix.py", vm, sdk_version="v0.2.16")
              ^^^^^^^^^^^^^^^^^^^^^^^^^^^^^^^^^^^^^^^^^^^^^^^^^^^^^^^^^^^^^^^^^^^^^^^^^^^^^^^^^^^^^^^^^^^^^^^^^^

tests/conftest.py:21: 
_ _ _ _ _ _ _ _ _ _ _ _ _ _ _ _ _ _ _ _ _ _ _ _ _ _ _ _ _ _ _ _ _ _ _ _ _ _ _ _ 
/tmp/eim-phase3-env/lib/python3.12/site-packages/gltest/direct/loader.py:57: in load_contract_class
    module = _load_module(contract_path)
             ^^^^^^^^^^^^^^^^^^^^^^^^^^^
_ _ _ _ _ _ _ _ _ _ _ _ _ _ _ _ _ _ _ _ _ _ _ _ _ _ _ _ _ _ _ _ _ _ _ _ _ _ _ _ 

contract_path = PosixPath('/workspace/scratch/6ad74b9a2f71/evidence-independence-matrix/contracts/evidence_independence_matrix.py')

    def _load_module(contract_path: Path) -> Any:
        """Load a Python module from file path."""
        module_name = f"_contract_{contract_path.stem}"
    
        if module_name in sys.modules:
            del sys.modules[module_name]
    
        spec = importlib.util.spec_from_file_location(module_name, contract_path)
        if spec is None or spec.loader is None:
            raise ImportError(f"Cannot load module from {contract_path}")
    
        module = importlib.util.module_from_spec(spec)
        sys.modules[module_name] = module
    
        try:
            spec.loader.exec_module(module)
        except Exception as e:
            if module_name in sys.modules:
                del sys.modules[module_name]
>           raise ImportError(f"Failed to load contract: {e}") from e
E           ImportError: Failed to load contract: closing parenthesis '}' does not match opening parenthesis '[' (evidence_independence_matrix.py, line 551)

/tmp/eim-phase3-env/lib/python3.12/site-packages/gltest/direct/loader.py:315: ImportError
___ ERROR at setup of test_E_F_invalid_leader_candidate_rejected[<lambda>7] ____

contract_path = PosixPath('/workspace/scratch/6ad74b9a2f71/evidence-independence-matrix/contracts/evidence_independence_matrix.py')

    def _load_module(contract_path: Path) -> Any:
        """Load a Python module from file path."""
        module_name = f"_contract_{contract_path.stem}"
    
        if module_name in sys.modules:
            del sys.modules[module_name]
    
        spec = importlib.util.spec_from_file_location(module_name, contract_path)
        if spec is None or spec.loader is None:
            raise ImportError(f"Cannot load module from {contract_path}")
    
        module = importlib.util.module_from_spec(spec)
        sys.modules[module_name] = module
    
        try:
>           spec.loader.exec_module(module)
E             File "/workspace/scratch/6ad74b9a2f71/evidence-independence-matrix/contracts/evidence_independence_matrix.py", line 551
E               "relations": [p["relation"] for p in candidate["pairs"]}),
E                                                                      ^
E           SyntaxError: closing parenthesis '}' does not match opening parenthesis '['

/tmp/eim-phase3-env/lib/python3.12/site-packages/gltest/direct/loader.py:311: SyntaxError

The above exception was the direct cause of the following exception:

    @pytest.fixture(scope="session")
    def eim():
        archive = download_artifacts("v0.2.16")
        with archive.open("rb") as stream:
            assert hashlib.file_digest(stream, "sha256").hexdigest() == ARTIFACT_SHA256
        vm = VMContext()
        vm._sender = bytes.fromhex("ab" * 20)
        vm._contract_address = bytes.fromhex("cd" * 20)
        vm._chain_id = 61999
>       cls = load_contract_class(ROOT / "contracts/evidence_independence_matrix.py", vm, sdk_version="v0.2.16")
              ^^^^^^^^^^^^^^^^^^^^^^^^^^^^^^^^^^^^^^^^^^^^^^^^^^^^^^^^^^^^^^^^^^^^^^^^^^^^^^^^^^^^^^^^^^^^^^^^^^

tests/conftest.py:21: 
_ _ _ _ _ _ _ _ _ _ _ _ _ _ _ _ _ _ _ _ _ _ _ _ _ _ _ _ _ _ _ _ _ _ _ _ _ _ _ _ 
/tmp/eim-phase3-env/lib/python3.12/site-packages/gltest/direct/loader.py:57: in load_contract_class
    module = _load_module(contract_path)
             ^^^^^^^^^^^^^^^^^^^^^^^^^^^
_ _ _ _ _ _ _ _ _ _ _ _ _ _ _ _ _ _ _ _ _ _ _ _ _ _ _ _ _ _ _ _ _ _ _ _ _ _ _ _ 

contract_path = PosixPath('/workspace/scratch/6ad74b9a2f71/evidence-independence-matrix/contracts/evidence_independence_matrix.py')

    def _load_module(contract_path: Path) -> Any:
        """Load a Python module from file path."""
        module_name = f"_contract_{contract_path.stem}"
    
        if module_name in sys.modules:
            del sys.modules[module_name]
    
        spec = importlib.util.spec_from_file_location(module_name, contract_path)
        if spec is None or spec.loader is None:
            raise ImportError(f"Cannot load module from {contract_path}")
    
        module = importlib.util.module_from_spec(spec)
        sys.modules[module_name] = module
    
        try:
            spec.loader.exec_module(module)
        except Exception as e:
            if module_name in sys.modules:
                del sys.modules[module_name]
>           raise ImportError(f"Failed to load contract: {e}") from e
E           ImportError: Failed to load contract: closing parenthesis '}' does not match opening parenthesis '[' (evidence_independence_matrix.py, line 551)

/tmp/eim-phase3-env/lib/python3.12/site-packages/gltest/direct/loader.py:315: ImportError
_ ERROR at setup of test_F_G_H_O_raw_model_parser_failure_no_write[{"relevance":["RELEVANT","RELEVANT"],"relations":["INDEPENDENT"],"score":1}] _

contract_path = PosixPath('/workspace/scratch/6ad74b9a2f71/evidence-independence-matrix/contracts/evidence_independence_matrix.py')

    def _load_module(contract_path: Path) -> Any:
        """Load a Python module from file path."""
        module_name = f"_contract_{contract_path.stem}"
    
        if module_name in sys.modules:
            del sys.modules[module_name]
    
        spec = importlib.util.spec_from_file_location(module_name, contract_path)
        if spec is None or spec.loader is None:
            raise ImportError(f"Cannot load module from {contract_path}")
    
        module = importlib.util.module_from_spec(spec)
        sys.modules[module_name] = module
    
        try:
>           spec.loader.exec_module(module)
E             File "/workspace/scratch/6ad74b9a2f71/evidence-independence-matrix/contracts/evidence_independence_matrix.py", line 551
E               "relations": [p["relation"] for p in candidate["pairs"]}),
E                                                                      ^
E           SyntaxError: closing parenthesis '}' does not match opening parenthesis '['

/tmp/eim-phase3-env/lib/python3.12/site-packages/gltest/direct/loader.py:311: SyntaxError

The above exception was the direct cause of the following exception:

    @pytest.fixture(scope="session")
    def eim():
        archive = download_artifacts("v0.2.16")
        with archive.open("rb") as stream:
            assert hashlib.file_digest(stream, "sha256").hexdigest() == ARTIFACT_SHA256
        vm = VMContext()
        vm._sender = bytes.fromhex("ab" * 20)
        vm._contract_address = bytes.fromhex("cd" * 20)
        vm._chain_id = 61999
>       cls = load_contract_class(ROOT / "contracts/evidence_independence_matrix.py", vm, sdk_version="v0.2.16")
              ^^^^^^^^^^^^^^^^^^^^^^^^^^^^^^^^^^^^^^^^^^^^^^^^^^^^^^^^^^^^^^^^^^^^^^^^^^^^^^^^^^^^^^^^^^^^^^^^^^

tests/conftest.py:21: 
_ _ _ _ _ _ _ _ _ _ _ _ _ _ _ _ _ _ _ _ _ _ _ _ _ _ _ _ _ _ _ _ _ _ _ _ _ _ _ _ 
/tmp/eim-phase3-env/lib/python3.12/site-packages/gltest/direct/loader.py:57: in load_contract_class
    module = _load_module(contract_path)
             ^^^^^^^^^^^^^^^^^^^^^^^^^^^
_ _ _ _ _ _ _ _ _ _ _ _ _ _ _ _ _ _ _ _ _ _ _ _ _ _ _ _ _ _ _ _ _ _ _ _ _ _ _ _ 

contract_path = PosixPath('/workspace/scratch/6ad74b9a2f71/evidence-independence-matrix/contracts/evidence_independence_matrix.py')

    def _load_module(contract_path: Path) -> Any:
        """Load a Python module from file path."""
        module_name = f"_contract_{contract_path.stem}"
    
        if module_name in sys.modules:
            del sys.modules[module_name]
    
        spec = importlib.util.spec_from_file_location(module_name, contract_path)
        if spec is None or spec.loader is None:
            raise ImportError(f"Cannot load module from {contract_path}")
    
        module = importlib.util.module_from_spec(spec)
        sys.modules[module_name] = module
    
        try:
            spec.loader.exec_module(module)
        except Exception as e:
            if module_name in sys.modules:
                del sys.modules[module_name]
>           raise ImportError(f"Failed to load contract: {e}") from e
E           ImportError: Failed to load contract: closing parenthesis '}' does not match opening parenthesis '[' (evidence_independence_matrix.py, line 551)

/tmp/eim-phase3-env/lib/python3.12/site-packages/gltest/direct/loader.py:315: ImportError
_ ERROR at setup of test_F_G_H_O_raw_model_parser_failure_no_write[{"relevance":["RELEVANT","RELEVANT"],"relevance":["RELEVANT","RELEVANT"],"relations":["INDEPENDENT"]}] _

contract_path = PosixPath('/workspace/scratch/6ad74b9a2f71/evidence-independence-matrix/contracts/evidence_independence_matrix.py')

    def _load_module(contract_path: Path) -> Any:
        """Load a Python module from file path."""
        module_name = f"_contract_{contract_path.stem}"
    
        if module_name in sys.modules:
            del sys.modules[module_name]
    
        spec = importlib.util.spec_from_file_location(module_name, contract_path)
        if spec is None or spec.loader is None:
            raise ImportError(f"Cannot load module from {contract_path}")
    
        module = importlib.util.module_from_spec(spec)
        sys.modules[module_name] = module
    
        try:
>           spec.loader.exec_module(module)
E             File "/workspace/scratch/6ad74b9a2f71/evidence-independence-matrix/contracts/evidence_independence_matrix.py", line 551
E               "relations": [p["relation"] for p in candidate["pairs"]}),
E                                                                      ^
E           SyntaxError: closing parenthesis '}' does not match opening parenthesis '['

/tmp/eim-phase3-env/lib/python3.12/site-packages/gltest/direct/loader.py:311: SyntaxError

The above exception was the direct cause of the following exception:

    @pytest.fixture(scope="session")
    def eim():
        archive = download_artifacts("v0.2.16")
        with archive.open("rb") as stream:
            assert hashlib.file_digest(stream, "sha256").hexdigest() == ARTIFACT_SHA256
        vm = VMContext()
        vm._sender = bytes.fromhex("ab" * 20)
        vm._contract_address = bytes.fromhex("cd" * 20)
        vm._chain_id = 61999
>       cls = load_contract_class(ROOT / "contracts/evidence_independence_matrix.py", vm, sdk_version="v0.2.16")
              ^^^^^^^^^^^^^^^^^^^^^^^^^^^^^^^^^^^^^^^^^^^^^^^^^^^^^^^^^^^^^^^^^^^^^^^^^^^^^^^^^^^^^^^^^^^^^^^^^^

tests/conftest.py:21: 
_ _ _ _ _ _ _ _ _ _ _ _ _ _ _ _ _ _ _ _ _ _ _ _ _ _ _ _ _ _ _ _ _ _ _ _ _ _ _ _ 
/tmp/eim-phase3-env/lib/python3.12/site-packages/gltest/direct/loader.py:57: in load_contract_class
    module = _load_module(contract_path)
             ^^^^^^^^^^^^^^^^^^^^^^^^^^^
_ _ _ _ _ _ _ _ _ _ _ _ _ _ _ _ _ _ _ _ _ _ _ _ _ _ _ _ _ _ _ _ _ _ _ _ _ _ _ _ 

contract_path = PosixPath('/workspace/scratch/6ad74b9a2f71/evidence-independence-matrix/contracts/evidence_independence_matrix.py')

    def _load_module(contract_path: Path) -> Any:
        """Load a Python module from file path."""
        module_name = f"_contract_{contract_path.stem}"
    
        if module_name in sys.modules:
            del sys.modules[module_name]
    
        spec = importlib.util.spec_from_file_location(module_name, contract_path)
        if spec is None or spec.loader is None:
            raise ImportError(f"Cannot load module from {contract_path}")
    
        module = importlib.util.module_from_spec(spec)
        sys.modules[module_name] = module
    
        try:
            spec.loader.exec_module(module)
        except Exception as e:
            if module_name in sys.modules:
                del sys.modules[module_name]
>           raise ImportError(f"Failed to load contract: {e}") from e
E           ImportError: Failed to load contract: closing parenthesis '}' does not match opening parenthesis '[' (evidence_independence_matrix.py, line 551)

/tmp/eim-phase3-env/lib/python3.12/site-packages/gltest/direct/loader.py:315: ImportError
_ ERROR at setup of test_F_G_H_O_raw_model_parser_failure_no_write[{"relevance":["RELEVANT","RELEVANT"],"relations":["INVALID"]}] _

contract_path = PosixPath('/workspace/scratch/6ad74b9a2f71/evidence-independence-matrix/contracts/evidence_independence_matrix.py')

    def _load_module(contract_path: Path) -> Any:
        """Load a Python module from file path."""
        module_name = f"_contract_{contract_path.stem}"
    
        if module_name in sys.modules:
            del sys.modules[module_name]
    
        spec = importlib.util.spec_from_file_location(module_name, contract_path)
        if spec is None or spec.loader is None:
            raise ImportError(f"Cannot load module from {contract_path}")
    
        module = importlib.util.module_from_spec(spec)
        sys.modules[module_name] = module
    
        try:
>           spec.loader.exec_module(module)
E             File "/workspace/scratch/6ad74b9a2f71/evidence-independence-matrix/contracts/evidence_independence_matrix.py", line 551
E               "relations": [p["relation"] for p in candidate["pairs"]}),
E                                                                      ^
E           SyntaxError: closing parenthesis '}' does not match opening parenthesis '['

/tmp/eim-phase3-env/lib/python3.12/site-packages/gltest/direct/loader.py:311: SyntaxError

The above exception was the direct cause of the following exception:

    @pytest.fixture(scope="session")
    def eim():
        archive = download_artifacts("v0.2.16")
        with archive.open("rb") as stream:
            assert hashlib.file_digest(stream, "sha256").hexdigest() == ARTIFACT_SHA256
        vm = VMContext()
        vm._sender = bytes.fromhex("ab" * 20)
        vm._contract_address = bytes.fromhex("cd" * 20)
        vm._chain_id = 61999
>       cls = load_contract_class(ROOT / "contracts/evidence_independence_matrix.py", vm, sdk_version="v0.2.16")
              ^^^^^^^^^^^^^^^^^^^^^^^^^^^^^^^^^^^^^^^^^^^^^^^^^^^^^^^^^^^^^^^^^^^^^^^^^^^^^^^^^^^^^^^^^^^^^^^^^^

tests/conftest.py:21: 
_ _ _ _ _ _ _ _ _ _ _ _ _ _ _ _ _ _ _ _ _ _ _ _ _ _ _ _ _ _ _ _ _ _ _ _ _ _ _ _ 
/tmp/eim-phase3-env/lib/python3.12/site-packages/gltest/direct/loader.py:57: in load_contract_class
    module = _load_module(contract_path)
             ^^^^^^^^^^^^^^^^^^^^^^^^^^^
_ _ _ _ _ _ _ _ _ _ _ _ _ _ _ _ _ _ _ _ _ _ _ _ _ _ _ _ _ _ _ _ _ _ _ _ _ _ _ _ 

contract_path = PosixPath('/workspace/scratch/6ad74b9a2f71/evidence-independence-matrix/contracts/evidence_independence_matrix.py')

    def _load_module(contract_path: Path) -> Any:
        """Load a Python module from file path."""
        module_name = f"_contract_{contract_path.stem}"
    
        if module_name in sys.modules:
            del sys.modules[module_name]
    
        spec = importlib.util.spec_from_file_location(module_name, contract_path)
        if spec is None or spec.loader is None:
            raise ImportError(f"Cannot load module from {contract_path}")
    
        module = importlib.util.module_from_spec(spec)
        sys.modules[module_name] = module
    
        try:
            spec.loader.exec_module(module)
        except Exception as e:
            if module_name in sys.modules:
                del sys.modules[module_name]
>           raise ImportError(f"Failed to load contract: {e}") from e
E           ImportError: Failed to load contract: closing parenthesis '}' does not match opening parenthesis '[' (evidence_independence_matrix.py, line 551)

/tmp/eim-phase3-env/lib/python3.12/site-packages/gltest/direct/loader.py:315: ImportError
__ ERROR at setup of test_F_G_H_O_raw_model_parser_failure_no_write[not json] __

contract_path = PosixPath('/workspace/scratch/6ad74b9a2f71/evidence-independence-matrix/contracts/evidence_independence_matrix.py')

    def _load_module(contract_path: Path) -> Any:
        """Load a Python module from file path."""
        module_name = f"_contract_{contract_path.stem}"
    
        if module_name in sys.modules:
            del sys.modules[module_name]
    
        spec = importlib.util.spec_from_file_location(module_name, contract_path)
        if spec is None or spec.loader is None:
            raise ImportError(f"Cannot load module from {contract_path}")
    
        module = importlib.util.module_from_spec(spec)
        sys.modules[module_name] = module
    
        try:
>           spec.loader.exec_module(module)
E             File "/workspace/scratch/6ad74b9a2f71/evidence-independence-matrix/contracts/evidence_independence_matrix.py", line 551
E               "relations": [p["relation"] for p in candidate["pairs"]}),
E                                                                      ^
E           SyntaxError: closing parenthesis '}' does not match opening parenthesis '['

/tmp/eim-phase3-env/lib/python3.12/site-packages/gltest/direct/loader.py:311: SyntaxError

The above exception was the direct cause of the following exception:

    @pytest.fixture(scope="session")
    def eim():
        archive = download_artifacts("v0.2.16")
        with archive.open("rb") as stream:
            assert hashlib.file_digest(stream, "sha256").hexdigest() == ARTIFACT_SHA256
        vm = VMContext()
        vm._sender = bytes.fromhex("ab" * 20)
        vm._contract_address = bytes.fromhex("cd" * 20)
        vm._chain_id = 61999
>       cls = load_contract_class(ROOT / "contracts/evidence_independence_matrix.py", vm, sdk_version="v0.2.16")
              ^^^^^^^^^^^^^^^^^^^^^^^^^^^^^^^^^^^^^^^^^^^^^^^^^^^^^^^^^^^^^^^^^^^^^^^^^^^^^^^^^^^^^^^^^^^^^^^^^^

tests/conftest.py:21: 
_ _ _ _ _ _ _ _ _ _ _ _ _ _ _ _ _ _ _ _ _ _ _ _ _ _ _ _ _ _ _ _ _ _ _ _ _ _ _ _ 
/tmp/eim-phase3-env/lib/python3.12/site-packages/gltest/direct/loader.py:57: in load_contract_class
    module = _load_module(contract_path)
             ^^^^^^^^^^^^^^^^^^^^^^^^^^^
_ _ _ _ _ _ _ _ _ _ _ _ _ _ _ _ _ _ _ _ _ _ _ _ _ _ _ _ _ _ _ _ _ _ _ _ _ _ _ _ 

contract_path = PosixPath('/workspace/scratch/6ad74b9a2f71/evidence-independence-matrix/contracts/evidence_independence_matrix.py')

    def _load_module(contract_path: Path) -> Any:
        """Load a Python module from file path."""
        module_name = f"_contract_{contract_path.stem}"
    
        if module_name in sys.modules:
            del sys.modules[module_name]
    
        spec = importlib.util.spec_from_file_location(module_name, contract_path)
        if spec is None or spec.loader is None:
            raise ImportError(f"Cannot load module from {contract_path}")
    
        module = importlib.util.module_from_spec(spec)
        sys.modules[module_name] = module
    
        try:
            spec.loader.exec_module(module)
        except Exception as e:
            if module_name in sys.modules:
                del sys.modules[module_name]
>           raise ImportError(f"Failed to load contract: {e}") from e
E           ImportError: Failed to load contract: closing parenthesis '}' does not match opening parenthesis '[' (evidence_independence_matrix.py, line 551)

/tmp/eim-phase3-env/lib/python3.12/site-packages/gltest/direct/loader.py:315: ImportError
_ ERROR at setup of test_F_G_H_O_raw_model_parser_failure_no_write[```json\n{"relevance":["RELEVANT","RELEVANT"],"relations":["INDEPENDENT"]}\n```] _

contract_path = PosixPath('/workspace/scratch/6ad74b9a2f71/evidence-independence-matrix/contracts/evidence_independence_matrix.py')

    def _load_module(contract_path: Path) -> Any:
        """Load a Python module from file path."""
        module_name = f"_contract_{contract_path.stem}"
    
        if module_name in sys.modules:
            del sys.modules[module_name]
    
        spec = importlib.util.spec_from_file_location(module_name, contract_path)
        if spec is None or spec.loader is None:
            raise ImportError(f"Cannot load module from {contract_path}")
    
        module = importlib.util.module_from_spec(spec)
        sys.modules[module_name] = module
    
        try:
>           spec.loader.exec_module(module)
E             File "/workspace/scratch/6ad74b9a2f71/evidence-independence-matrix/contracts/evidence_independence_matrix.py", line 551
E               "relations": [p["relation"] for p in candidate["pairs"]}),
E                                                                      ^
E           SyntaxError: closing parenthesis '}' does not match opening parenthesis '['

/tmp/eim-phase3-env/lib/python3.12/site-packages/gltest/direct/loader.py:311: SyntaxError

The above exception was the direct cause of the following exception:

    @pytest.fixture(scope="session")
    def eim():
        archive = download_artifacts("v0.2.16")
        with archive.open("rb") as stream:
            assert hashlib.file_digest(stream, "sha256").hexdigest() == ARTIFACT_SHA256
        vm = VMContext()
        vm._sender = bytes.fromhex("ab" * 20)
        vm._contract_address = bytes.fromhex("cd" * 20)
        vm._chain_id = 61999
>       cls = load_contract_class(ROOT / "contracts/evidence_independence_matrix.py", vm, sdk_version="v0.2.16")
              ^^^^^^^^^^^^^^^^^^^^^^^^^^^^^^^^^^^^^^^^^^^^^^^^^^^^^^^^^^^^^^^^^^^^^^^^^^^^^^^^^^^^^^^^^^^^^^^^^^

tests/conftest.py:21: 
_ _ _ _ _ _ _ _ _ _ _ _ _ _ _ _ _ _ _ _ _ _ _ _ _ _ _ _ _ _ _ _ _ _ _ _ _ _ _ _ 
/tmp/eim-phase3-env/lib/python3.12/site-packages/gltest/direct/loader.py:57: in load_contract_class
    module = _load_module(contract_path)
             ^^^^^^^^^^^^^^^^^^^^^^^^^^^
_ _ _ _ _ _ _ _ _ _ _ _ _ _ _ _ _ _ _ _ _ _ _ _ _ _ _ _ _ _ _ _ _ _ _ _ _ _ _ _ 

contract_path = PosixPath('/workspace/scratch/6ad74b9a2f71/evidence-independence-matrix/contracts/evidence_independence_matrix.py')

    def _load_module(contract_path: Path) -> Any:
        """Load a Python module from file path."""
        module_name = f"_contract_{contract_path.stem}"
    
        if module_name in sys.modules:
            del sys.modules[module_name]
    
        spec = importlib.util.spec_from_file_location(module_name, contract_path)
        if spec is None or spec.loader is None:
            raise ImportError(f"Cannot load module from {contract_path}")
    
        module = importlib.util.module_from_spec(spec)
        sys.modules[module_name] = module
    
        try:
            spec.loader.exec_module(module)
        except Exception as e:
            if module_name in sys.modules:
                del sys.modules[module_name]
>           raise ImportError(f"Failed to load contract: {e}") from e
E           ImportError: Failed to load contract: closing parenthesis '}' does not match opening parenthesis '[' (evidence_independence_matrix.py, line 551)

/tmp/eim-phase3-env/lib/python3.12/site-packages/gltest/direct/loader.py:315: ImportError
_ ERROR at setup of test_F_G_H_O_raw_model_parser_failure_no_write[{"relevance":["RELEVANT"],"relations":["UNKNOWN"]}] _

contract_path = PosixPath('/workspace/scratch/6ad74b9a2f71/evidence-independence-matrix/contracts/evidence_independence_matrix.py')

    def _load_module(contract_path: Path) -> Any:
        """Load a Python module from file path."""
        module_name = f"_contract_{contract_path.stem}"
    
        if module_name in sys.modules:
            del sys.modules[module_name]
    
        spec = importlib.util.spec_from_file_location(module_name, contract_path)
        if spec is None or spec.loader is None:
            raise ImportError(f"Cannot load module from {contract_path}")
    
        module = importlib.util.module_from_spec(spec)
        sys.modules[module_name] = module
    
        try:
>           spec.loader.exec_module(module)
E             File "/workspace/scratch/6ad74b9a2f71/evidence-independence-matrix/contracts/evidence_independence_matrix.py", line 551
E               "relations": [p["relation"] for p in candidate["pairs"]}),
E                                                                      ^
E           SyntaxError: closing parenthesis '}' does not match opening parenthesis '['

/tmp/eim-phase3-env/lib/python3.12/site-packages/gltest/direct/loader.py:311: SyntaxError

The above exception was the direct cause of the following exception:

    @pytest.fixture(scope="session")
    def eim():
        archive = download_artifacts("v0.2.16")
        with archive.open("rb") as stream:
            assert hashlib.file_digest(stream, "sha256").hexdigest() == ARTIFACT_SHA256
        vm = VMContext()
        vm._sender = bytes.fromhex("ab" * 20)
        vm._contract_address = bytes.fromhex("cd" * 20)
        vm._chain_id = 61999
>       cls = load_contract_class(ROOT / "contracts/evidence_independence_matrix.py", vm, sdk_version="v0.2.16")
              ^^^^^^^^^^^^^^^^^^^^^^^^^^^^^^^^^^^^^^^^^^^^^^^^^^^^^^^^^^^^^^^^^^^^^^^^^^^^^^^^^^^^^^^^^^^^^^^^^^

tests/conftest.py:21: 
_ _ _ _ _ _ _ _ _ _ _ _ _ _ _ _ _ _ _ _ _ _ _ _ _ _ _ _ _ _ _ _ _ _ _ _ _ _ _ _ 
/tmp/eim-phase3-env/lib/python3.12/site-packages/gltest/direct/loader.py:57: in load_contract_class
    module = _load_module(contract_path)
             ^^^^^^^^^^^^^^^^^^^^^^^^^^^
_ _ _ _ _ _ _ _ _ _ _ _ _ _ _ _ _ _ _ _ _ _ _ _ _ _ _ _ _ _ _ _ _ _ _ _ _ _ _ _ 

contract_path = PosixPath('/workspace/scratch/6ad74b9a2f71/evidence-independence-matrix/contracts/evidence_independence_matrix.py')

    def _load_module(contract_path: Path) -> Any:
        """Load a Python module from file path."""
        module_name = f"_contract_{contract_path.stem}"
    
        if module_name in sys.modules:
            del sys.modules[module_name]
    
        spec = importlib.util.spec_from_file_location(module_name, contract_path)
        if spec is None or spec.loader is None:
            raise ImportError(f"Cannot load module from {contract_path}")
    
        module = importlib.util.module_from_spec(spec)
        sys.modules[module_name] = module
    
        try:
            spec.loader.exec_module(module)
        except Exception as e:
            if module_name in sys.modules:
                del sys.modules[module_name]
>           raise ImportError(f"Failed to load contract: {e}") from e
E           ImportError: Failed to load contract: closing parenthesis '}' does not match opening parenthesis '[' (evidence_independence_matrix.py, line 551)

/tmp/eim-phase3-env/lib/python3.12/site-packages/gltest/direct/loader.py:315: ImportError
_ ERROR at setup of test_F_G_H_O_raw_model_parser_failure_no_write[{"relevance":["RELEVANT","RELEVANT"],"relations":[]}] _

contract_path = PosixPath('/workspace/scratch/6ad74b9a2f71/evidence-independence-matrix/contracts/evidence_independence_matrix.py')

    def _load_module(contract_path: Path) -> Any:
        """Load a Python module from file path."""
        module_name = f"_contract_{contract_path.stem}"
    
        if module_name in sys.modules:
            del sys.modules[module_name]
    
        spec = importlib.util.spec_from_file_location(module_name, contract_path)
        if spec is None or spec.loader is None:
            raise ImportError(f"Cannot load module from {contract_path}")
    
        module = importlib.util.module_from_spec(spec)
        sys.modules[module_name] = module
    
        try:
>           spec.loader.exec_module(module)
E             File "/workspace/scratch/6ad74b9a2f71/evidence-independence-matrix/contracts/evidence_independence_matrix.py", line 551
E               "relations": [p["relation"] for p in candidate["pairs"]}),
E                                                                      ^
E           SyntaxError: closing parenthesis '}' does not match opening parenthesis '['

/tmp/eim-phase3-env/lib/python3.12/site-packages/gltest/direct/loader.py:311: SyntaxError

The above exception was the direct cause of the following exception:

    @pytest.fixture(scope="session")
    def eim():
        archive = download_artifacts("v0.2.16")
        with archive.open("rb") as stream:
            assert hashlib.file_digest(stream, "sha256").hexdigest() == ARTIFACT_SHA256
        vm = VMContext()
        vm._sender = bytes.fromhex("ab" * 20)
        vm._contract_address = bytes.fromhex("cd" * 20)
        vm._chain_id = 61999
>       cls = load_contract_class(ROOT / "contracts/evidence_independence_matrix.py", vm, sdk_version="v0.2.16")
              ^^^^^^^^^^^^^^^^^^^^^^^^^^^^^^^^^^^^^^^^^^^^^^^^^^^^^^^^^^^^^^^^^^^^^^^^^^^^^^^^^^^^^^^^^^^^^^^^^^

tests/conftest.py:21: 
_ _ _ _ _ _ _ _ _ _ _ _ _ _ _ _ _ _ _ _ _ _ _ _ _ _ _ _ _ _ _ _ _ _ _ _ _ _ _ _ 
/tmp/eim-phase3-env/lib/python3.12/site-packages/gltest/direct/loader.py:57: in load_contract_class
    module = _load_module(contract_path)
             ^^^^^^^^^^^^^^^^^^^^^^^^^^^
_ _ _ _ _ _ _ _ _ _ _ _ _ _ _ _ _ _ _ _ _ _ _ _ _ _ _ _ _ _ _ _ _ _ _ _ _ _ _ _ 

contract_path = PosixPath('/workspace/scratch/6ad74b9a2f71/evidence-independence-matrix/contracts/evidence_independence_matrix.py')

    def _load_module(contract_path: Path) -> Any:
        """Load a Python module from file path."""
        module_name = f"_contract_{contract_path.stem}"
    
        if module_name in sys.modules:
            del sys.modules[module_name]
    
        spec = importlib.util.spec_from_file_location(module_name, contract_path)
        if spec is None or spec.loader is None:
            raise ImportError(f"Cannot load module from {contract_path}")
    
        module = importlib.util.module_from_spec(spec)
        sys.modules[module_name] = module
    
        try:
            spec.loader.exec_module(module)
        except Exception as e:
            if module_name in sys.modules:
                del sys.modules[module_name]
>           raise ImportError(f"Failed to load contract: {e}") from e
E           ImportError: Failed to load contract: closing parenthesis '}' does not match opening parenthesis '[' (evidence_independence_matrix.py, line 551)

/tmp/eim-phase3-env/lib/python3.12/site-packages/gltest/direct/loader.py:315: ImportError
_ ERROR at setup of test_F_G_H_O_raw_model_parser_failure_no_write[{"relevance":[true,"RELEVANT"],"relations":["UNKNOWN"]}] _

contract_path = PosixPath('/workspace/scratch/6ad74b9a2f71/evidence-independence-matrix/contracts/evidence_independence_matrix.py')

    def _load_module(contract_path: Path) -> Any:
        """Load a Python module from file path."""
        module_name = f"_contract_{contract_path.stem}"
    
        if module_name in sys.modules:
            del sys.modules[module_name]
    
        spec = importlib.util.spec_from_file_location(module_name, contract_path)
        if spec is None or spec.loader is None:
            raise ImportError(f"Cannot load module from {contract_path}")
    
        module = importlib.util.module_from_spec(spec)
        sys.modules[module_name] = module
    
        try:
>           spec.loader.exec_module(module)
E             File "/workspace/scratch/6ad74b9a2f71/evidence-independence-matrix/contracts/evidence_independence_matrix.py", line 551
E               "relations": [p["relation"] for p in candidate["pairs"]}),
E                                                                      ^
E           SyntaxError: closing parenthesis '}' does not match opening parenthesis '['

/tmp/eim-phase3-env/lib/python3.12/site-packages/gltest/direct/loader.py:311: SyntaxError

The above exception was the direct cause of the following exception:

    @pytest.fixture(scope="session")
    def eim():
        archive = download_artifacts("v0.2.16")
        with archive.open("rb") as stream:
            assert hashlib.file_digest(stream, "sha256").hexdigest() == ARTIFACT_SHA256
        vm = VMContext()
        vm._sender = bytes.fromhex("ab" * 20)
        vm._contract_address = bytes.fromhex("cd" * 20)
        vm._chain_id = 61999
>       cls = load_contract_class(ROOT / "contracts/evidence_independence_matrix.py", vm, sdk_version="v0.2.16")
              ^^^^^^^^^^^^^^^^^^^^^^^^^^^^^^^^^^^^^^^^^^^^^^^^^^^^^^^^^^^^^^^^^^^^^^^^^^^^^^^^^^^^^^^^^^^^^^^^^^

tests/conftest.py:21: 
_ _ _ _ _ _ _ _ _ _ _ _ _ _ _ _ _ _ _ _ _ _ _ _ _ _ _ _ _ _ _ _ _ _ _ _ _ _ _ _ 
/tmp/eim-phase3-env/lib/python3.12/site-packages/gltest/direct/loader.py:57: in load_contract_class
    module = _load_module(contract_path)
             ^^^^^^^^^^^^^^^^^^^^^^^^^^^
_ _ _ _ _ _ _ _ _ _ _ _ _ _ _ _ _ _ _ _ _ _ _ _ _ _ _ _ _ _ _ _ _ _ _ _ _ _ _ _ 

contract_path = PosixPath('/workspace/scratch/6ad74b9a2f71/evidence-independence-matrix/contracts/evidence_independence_matrix.py')

    def _load_module(contract_path: Path) -> Any:
        """Load a Python module from file path."""
        module_name = f"_contract_{contract_path.stem}"
    
        if module_name in sys.modules:
            del sys.modules[module_name]
    
        spec = importlib.util.spec_from_file_location(module_name, contract_path)
        if spec is None or spec.loader is None:
            raise ImportError(f"Cannot load module from {contract_path}")
    
        module = importlib.util.module_from_spec(spec)
        sys.modules[module_name] = module
    
        try:
            spec.loader.exec_module(module)
        except Exception as e:
            if module_name in sys.modules:
                del sys.modules[module_name]
>           raise ImportError(f"Failed to load contract: {e}") from e
E           ImportError: Failed to load contract: closing parenthesis '}' does not match opening parenthesis '[' (evidence_independence_matrix.py, line 551)

/tmp/eim-phase3-env/lib/python3.12/site-packages/gltest/direct/loader.py:315: ImportError
_ ERROR at setup of test_F_G_H_O_raw_model_parser_failure_no_write[{"relations":["UNKNOWN"]}] _

contract_path = PosixPath('/workspace/scratch/6ad74b9a2f71/evidence-independence-matrix/contracts/evidence_independence_matrix.py')

    def _load_module(contract_path: Path) -> Any:
        """Load a Python module from file path."""
        module_name = f"_contract_{contract_path.stem}"
    
        if module_name in sys.modules:
            del sys.modules[module_name]
    
        spec = importlib.util.spec_from_file_location(module_name, contract_path)
        if spec is None or spec.loader is None:
            raise ImportError(f"Cannot load module from {contract_path}")
    
        module = importlib.util.module_from_spec(spec)
        sys.modules[module_name] = module
    
        try:
>           spec.loader.exec_module(module)
E             File "/workspace/scratch/6ad74b9a2f71/evidence-independence-matrix/contracts/evidence_independence_matrix.py", line 551
E               "relations": [p["relation"] for p in candidate["pairs"]}),
E                                                                      ^
E           SyntaxError: closing parenthesis '}' does not match opening parenthesis '['

/tmp/eim-phase3-env/lib/python3.12/site-packages/gltest/direct/loader.py:311: SyntaxError

The above exception was the direct cause of the following exception:

    @pytest.fixture(scope="session")
    def eim():
        archive = download_artifacts("v0.2.16")
        with archive.open("rb") as stream:
            assert hashlib.file_digest(stream, "sha256").hexdigest() == ARTIFACT_SHA256
        vm = VMContext()
        vm._sender = bytes.fromhex("ab" * 20)
        vm._contract_address = bytes.fromhex("cd" * 20)
        vm._chain_id = 61999
>       cls = load_contract_class(ROOT / "contracts/evidence_independence_matrix.py", vm, sdk_version="v0.2.16")
              ^^^^^^^^^^^^^^^^^^^^^^^^^^^^^^^^^^^^^^^^^^^^^^^^^^^^^^^^^^^^^^^^^^^^^^^^^^^^^^^^^^^^^^^^^^^^^^^^^^

tests/conftest.py:21: 
_ _ _ _ _ _ _ _ _ _ _ _ _ _ _ _ _ _ _ _ _ _ _ _ _ _ _ _ _ _ _ _ _ _ _ _ _ _ _ _ 
/tmp/eim-phase3-env/lib/python3.12/site-packages/gltest/direct/loader.py:57: in load_contract_class
    module = _load_module(contract_path)
             ^^^^^^^^^^^^^^^^^^^^^^^^^^^
_ _ _ _ _ _ _ _ _ _ _ _ _ _ _ _ _ _ _ _ _ _ _ _ _ _ _ _ _ _ _ _ _ _ _ _ _ _ _ _ 

contract_path = PosixPath('/workspace/scratch/6ad74b9a2f71/evidence-independence-matrix/contracts/evidence_independence_matrix.py')

    def _load_module(contract_path: Path) -> Any:
        """Load a Python module from file path."""
        module_name = f"_contract_{contract_path.stem}"
    
        if module_name in sys.modules:
            del sys.modules[module_name]
    
        spec = importlib.util.spec_from_file_location(module_name, contract_path)
        if spec is None or spec.loader is None:
            raise ImportError(f"Cannot load module from {contract_path}")
    
        module = importlib.util.module_from_spec(spec)
        sys.modules[module_name] = module
    
        try:
            spec.loader.exec_module(module)
        except Exception as e:
            if module_name in sys.modules:
                del sys.modules[module_name]
>           raise ImportError(f"Failed to load contract: {e}") from e
E           ImportError: Failed to load contract: closing parenthesis '}' does not match opening parenthesis '[' (evidence_independence_matrix.py, line 551)

/tmp/eim-phase3-env/lib/python3.12/site-packages/gltest/direct/loader.py:315: ImportError
_ ERROR at setup of test_F_G_H_O_raw_model_parser_failure_no_write[{"relevance":["NOT_APPLICABLE","RELEVANT"],"relations":["UNKNOWN"]}] _

contract_path = PosixPath('/workspace/scratch/6ad74b9a2f71/evidence-independence-matrix/contracts/evidence_independence_matrix.py')

    def _load_module(contract_path: Path) -> Any:
        """Load a Python module from file path."""
        module_name = f"_contract_{contract_path.stem}"
    
        if module_name in sys.modules:
            del sys.modules[module_name]
    
        spec = importlib.util.spec_from_file_location(module_name, contract_path)
        if spec is None or spec.loader is None:
            raise ImportError(f"Cannot load module from {contract_path}")
    
        module = importlib.util.module_from_spec(spec)
        sys.modules[module_name] = module
    
        try:
>           spec.loader.exec_module(module)
E             File "/workspace/scratch/6ad74b9a2f71/evidence-independence-matrix/contracts/evidence_independence_matrix.py", line 551
E               "relations": [p["relation"] for p in candidate["pairs"]}),
E                                                                      ^
E           SyntaxError: closing parenthesis '}' does not match opening parenthesis '['

/tmp/eim-phase3-env/lib/python3.12/site-packages/gltest/direct/loader.py:311: SyntaxError

The above exception was the direct cause of the following exception:

    @pytest.fixture(scope="session")
    def eim():
        archive = download_artifacts("v0.2.16")
        with archive.open("rb") as stream:
            assert hashlib.file_digest(stream, "sha256").hexdigest() == ARTIFACT_SHA256
        vm = VMContext()
        vm._sender = bytes.fromhex("ab" * 20)
        vm._contract_address = bytes.fromhex("cd" * 20)
        vm._chain_id = 61999
>       cls = load_contract_class(ROOT / "contracts/evidence_independence_matrix.py", vm, sdk_version="v0.2.16")
              ^^^^^^^^^^^^^^^^^^^^^^^^^^^^^^^^^^^^^^^^^^^^^^^^^^^^^^^^^^^^^^^^^^^^^^^^^^^^^^^^^^^^^^^^^^^^^^^^^^

tests/conftest.py:21: 
_ _ _ _ _ _ _ _ _ _ _ _ _ _ _ _ _ _ _ _ _ _ _ _ _ _ _ _ _ _ _ _ _ _ _ _ _ _ _ _ 
/tmp/eim-phase3-env/lib/python3.12/site-packages/gltest/direct/loader.py:57: in load_contract_class
    module = _load_module(contract_path)
             ^^^^^^^^^^^^^^^^^^^^^^^^^^^
_ _ _ _ _ _ _ _ _ _ _ _ _ _ _ _ _ _ _ _ _ _ _ _ _ _ _ _ _ _ _ _ _ _ _ _ _ _ _ _ 

contract_path = PosixPath('/workspace/scratch/6ad74b9a2f71/evidence-independence-matrix/contracts/evidence_independence_matrix.py')

    def _load_module(contract_path: Path) -> Any:
        """Load a Python module from file path."""
        module_name = f"_contract_{contract_path.stem}"
    
        if module_name in sys.modules:
            del sys.modules[module_name]
    
        spec = importlib.util.spec_from_file_location(module_name, contract_path)
        if spec is None or spec.loader is None:
            raise ImportError(f"Cannot load module from {contract_path}")
    
        module = importlib.util.module_from_spec(spec)
        sys.modules[module_name] = module
    
        try:
            spec.loader.exec_module(module)
        except Exception as e:
            if module_name in sys.modules:
                del sys.modules[module_name]
>           raise ImportError(f"Failed to load contract: {e}") from e
E           ImportError: Failed to load contract: closing parenthesis '}' does not match opening parenthesis '[' (evidence_independence_matrix.py, line 551)

/tmp/eim-phase3-env/lib/python3.12/site-packages/gltest/direct/loader.py:315: ImportError
_ ERROR at setup of test_F_G_H_O_raw_model_parser_failure_no_write[{"relevance":["UNCERTAIN","RELEVANT"],"relations":["INDEPENDENT"]}] _

contract_path = PosixPath('/workspace/scratch/6ad74b9a2f71/evidence-independence-matrix/contracts/evidence_independence_matrix.py')

    def _load_module(contract_path: Path) -> Any:
        """Load a Python module from file path."""
        module_name = f"_contract_{contract_path.stem}"
    
        if module_name in sys.modules:
            del sys.modules[module_name]
    
        spec = importlib.util.spec_from_file_location(module_name, contract_path)
        if spec is None or spec.loader is None:
            raise ImportError(f"Cannot load module from {contract_path}")
    
        module = importlib.util.module_from_spec(spec)
        sys.modules[module_name] = module
    
        try:
>           spec.loader.exec_module(module)
E             File "/workspace/scratch/6ad74b9a2f71/evidence-independence-matrix/contracts/evidence_independence_matrix.py", line 551
E               "relations": [p["relation"] for p in candidate["pairs"]}),
E                                                                      ^
E           SyntaxError: closing parenthesis '}' does not match opening parenthesis '['

/tmp/eim-phase3-env/lib/python3.12/site-packages/gltest/direct/loader.py:311: SyntaxError

The above exception was the direct cause of the following exception:

    @pytest.fixture(scope="session")
    def eim():
        archive = download_artifacts("v0.2.16")
        with archive.open("rb") as stream:
            assert hashlib.file_digest(stream, "sha256").hexdigest() == ARTIFACT_SHA256
        vm = VMContext()
        vm._sender = bytes.fromhex("ab" * 20)
        vm._contract_address = bytes.fromhex("cd" * 20)
        vm._chain_id = 61999
>       cls = load_contract_class(ROOT / "contracts/evidence_independence_matrix.py", vm, sdk_version="v0.2.16")
              ^^^^^^^^^^^^^^^^^^^^^^^^^^^^^^^^^^^^^^^^^^^^^^^^^^^^^^^^^^^^^^^^^^^^^^^^^^^^^^^^^^^^^^^^^^^^^^^^^^

tests/conftest.py:21: 
_ _ _ _ _ _ _ _ _ _ _ _ _ _ _ _ _ _ _ _ _ _ _ _ _ _ _ _ _ _ _ _ _ _ _ _ _ _ _ _ 
/tmp/eim-phase3-env/lib/python3.12/site-packages/gltest/direct/loader.py:57: in load_contract_class
    module = _load_module(contract_path)
             ^^^^^^^^^^^^^^^^^^^^^^^^^^^
_ _ _ _ _ _ _ _ _ _ _ _ _ _ _ _ _ _ _ _ _ _ _ _ _ _ _ _ _ _ _ _ _ _ _ _ _ _ _ _ 

contract_path = PosixPath('/workspace/scratch/6ad74b9a2f71/evidence-independence-matrix/contracts/evidence_independence_matrix.py')

    def _load_module(contract_path: Path) -> Any:
        """Load a Python module from file path."""
        module_name = f"_contract_{contract_path.stem}"
    
        if module_name in sys.modules:
            del sys.modules[module_name]
    
        spec = importlib.util.spec_from_file_location(module_name, contract_path)
        if spec is None or spec.loader is None:
            raise ImportError(f"Cannot load module from {contract_path}")
    
        module = importlib.util.module_from_spec(spec)
        sys.modules[module_name] = module
    
        try:
            spec.loader.exec_module(module)
        except Exception as e:
            if module_name in sys.modules:
                del sys.modules[module_name]
>           raise ImportError(f"Failed to load contract: {e}") from e
E           ImportError: Failed to load contract: closing parenthesis '}' does not match opening parenthesis '[' (evidence_independence_matrix.py, line 551)

/tmp/eim-phase3-env/lib/python3.12/site-packages/gltest/direct/loader.py:315: ImportError
___ ERROR at setup of test_I_temporary_fetch_failure_no_unknown_record[429] ____

contract_path = PosixPath('/workspace/scratch/6ad74b9a2f71/evidence-independence-matrix/contracts/evidence_independence_matrix.py')

    def _load_module(contract_path: Path) -> Any:
        """Load a Python module from file path."""
        module_name = f"_contract_{contract_path.stem}"
    
        if module_name in sys.modules:
            del sys.modules[module_name]
    
        spec = importlib.util.spec_from_file_location(module_name, contract_path)
        if spec is None or spec.loader is None:
            raise ImportError(f"Cannot load module from {contract_path}")
    
        module = importlib.util.module_from_spec(spec)
        sys.modules[module_name] = module
    
        try:
>           spec.loader.exec_module(module)
E             File "/workspace/scratch/6ad74b9a2f71/evidence-independence-matrix/contracts/evidence_independence_matrix.py", line 551
E               "relations": [p["relation"] for p in candidate["pairs"]}),
E                                                                      ^
E           SyntaxError: closing parenthesis '}' does not match opening parenthesis '['

/tmp/eim-phase3-env/lib/python3.12/site-packages/gltest/direct/loader.py:311: SyntaxError

The above exception was the direct cause of the following exception:

    @pytest.fixture(scope="session")
    def eim():
        archive = download_artifacts("v0.2.16")
        with archive.open("rb") as stream:
            assert hashlib.file_digest(stream, "sha256").hexdigest() == ARTIFACT_SHA256
        vm = VMContext()
        vm._sender = bytes.fromhex("ab" * 20)
        vm._contract_address = bytes.fromhex("cd" * 20)
        vm._chain_id = 61999
>       cls = load_contract_class(ROOT / "contracts/evidence_independence_matrix.py", vm, sdk_version="v0.2.16")
              ^^^^^^^^^^^^^^^^^^^^^^^^^^^^^^^^^^^^^^^^^^^^^^^^^^^^^^^^^^^^^^^^^^^^^^^^^^^^^^^^^^^^^^^^^^^^^^^^^^

tests/conftest.py:21: 
_ _ _ _ _ _ _ _ _ _ _ _ _ _ _ _ _ _ _ _ _ _ _ _ _ _ _ _ _ _ _ _ _ _ _ _ _ _ _ _ 
/tmp/eim-phase3-env/lib/python3.12/site-packages/gltest/direct/loader.py:57: in load_contract_class
    module = _load_module(contract_path)
             ^^^^^^^^^^^^^^^^^^^^^^^^^^^
_ _ _ _ _ _ _ _ _ _ _ _ _ _ _ _ _ _ _ _ _ _ _ _ _ _ _ _ _ _ _ _ _ _ _ _ _ _ _ _ 

contract_path = PosixPath('/workspace/scratch/6ad74b9a2f71/evidence-independence-matrix/contracts/evidence_independence_matrix.py')

    def _load_module(contract_path: Path) -> Any:
        """Load a Python module from file path."""
        module_name = f"_contract_{contract_path.stem}"
    
        if module_name in sys.modules:
            del sys.modules[module_name]
    
        spec = importlib.util.spec_from_file_location(module_name, contract_path)
        if spec is None or spec.loader is None:
            raise ImportError(f"Cannot load module from {contract_path}")
    
        module = importlib.util.module_from_spec(spec)
        sys.modules[module_name] = module
    
        try:
            spec.loader.exec_module(module)
        except Exception as e:
            if module_name in sys.modules:
                del sys.modules[module_name]
>           raise ImportError(f"Failed to load contract: {e}") from e
E           ImportError: Failed to load contract: closing parenthesis '}' does not match opening parenthesis '[' (evidence_independence_matrix.py, line 551)

/tmp/eim-phase3-env/lib/python3.12/site-packages/gltest/direct/loader.py:315: ImportError
___ ERROR at setup of test_I_temporary_fetch_failure_no_unknown_record[500] ____

contract_path = PosixPath('/workspace/scratch/6ad74b9a2f71/evidence-independence-matrix/contracts/evidence_independence_matrix.py')

    def _load_module(contract_path: Path) -> Any:
        """Load a Python module from file path."""
        module_name = f"_contract_{contract_path.stem}"
    
        if module_name in sys.modules:
            del sys.modules[module_name]
    
        spec = importlib.util.spec_from_file_location(module_name, contract_path)
        if spec is None or spec.loader is None:
            raise ImportError(f"Cannot load module from {contract_path}")
    
        module = importlib.util.module_from_spec(spec)
        sys.modules[module_name] = module
    
        try:
>           spec.loader.exec_module(module)
E             File "/workspace/scratch/6ad74b9a2f71/evidence-independence-matrix/contracts/evidence_independence_matrix.py", line 551
E               "relations": [p["relation"] for p in candidate["pairs"]}),
E                                                                      ^
E           SyntaxError: closing parenthesis '}' does not match opening parenthesis '['

/tmp/eim-phase3-env/lib/python3.12/site-packages/gltest/direct/loader.py:311: SyntaxError

The above exception was the direct cause of the following exception:

    @pytest.fixture(scope="session")
    def eim():
        archive = download_artifacts("v0.2.16")
        with archive.open("rb") as stream:
            assert hashlib.file_digest(stream, "sha256").hexdigest() == ARTIFACT_SHA256
        vm = VMContext()
        vm._sender = bytes.fromhex("ab" * 20)
        vm._contract_address = bytes.fromhex("cd" * 20)
        vm._chain_id = 61999
>       cls = load_contract_class(ROOT / "contracts/evidence_independence_matrix.py", vm, sdk_version="v0.2.16")
              ^^^^^^^^^^^^^^^^^^^^^^^^^^^^^^^^^^^^^^^^^^^^^^^^^^^^^^^^^^^^^^^^^^^^^^^^^^^^^^^^^^^^^^^^^^^^^^^^^^

tests/conftest.py:21: 
_ _ _ _ _ _ _ _ _ _ _ _ _ _ _ _ _ _ _ _ _ _ _ _ _ _ _ _ _ _ _ _ _ _ _ _ _ _ _ _ 
/tmp/eim-phase3-env/lib/python3.12/site-packages/gltest/direct/loader.py:57: in load_contract_class
    module = _load_module(contract_path)
             ^^^^^^^^^^^^^^^^^^^^^^^^^^^
_ _ _ _ _ _ _ _ _ _ _ _ _ _ _ _ _ _ _ _ _ _ _ _ _ _ _ _ _ _ _ _ _ _ _ _ _ _ _ _ 

contract_path = PosixPath('/workspace/scratch/6ad74b9a2f71/evidence-independence-matrix/contracts/evidence_independence_matrix.py')

    def _load_module(contract_path: Path) -> Any:
        """Load a Python module from file path."""
        module_name = f"_contract_{contract_path.stem}"
    
        if module_name in sys.modules:
            del sys.modules[module_name]
    
        spec = importlib.util.spec_from_file_location(module_name, contract_path)
        if spec is None or spec.loader is None:
            raise ImportError(f"Cannot load module from {contract_path}")
    
        module = importlib.util.module_from_spec(spec)
        sys.modules[module_name] = module
    
        try:
            spec.loader.exec_module(module)
        except Exception as e:
            if module_name in sys.modules:
                del sys.modules[module_name]
>           raise ImportError(f"Failed to load contract: {e}") from e
E           ImportError: Failed to load contract: closing parenthesis '}' does not match opening parenthesis '[' (evidence_independence_matrix.py, line 551)

/tmp/eim-phase3-env/lib/python3.12/site-packages/gltest/direct/loader.py:315: ImportError
___ ERROR at setup of test_I_temporary_fetch_failure_no_unknown_record[503] ____

contract_path = PosixPath('/workspace/scratch/6ad74b9a2f71/evidence-independence-matrix/contracts/evidence_independence_matrix.py')

    def _load_module(contract_path: Path) -> Any:
        """Load a Python module from file path."""
        module_name = f"_contract_{contract_path.stem}"
    
        if module_name in sys.modules:
            del sys.modules[module_name]
    
        spec = importlib.util.spec_from_file_location(module_name, contract_path)
        if spec is None or spec.loader is None:
            raise ImportError(f"Cannot load module from {contract_path}")
    
        module = importlib.util.module_from_spec(spec)
        sys.modules[module_name] = module
    
        try:
>           spec.loader.exec_module(module)
E             File "/workspace/scratch/6ad74b9a2f71/evidence-independence-matrix/contracts/evidence_independence_matrix.py", line 551
E               "relations": [p["relation"] for p in candidate["pairs"]}),
E                                                                      ^
E           SyntaxError: closing parenthesis '}' does not match opening parenthesis '['

/tmp/eim-phase3-env/lib/python3.12/site-packages/gltest/direct/loader.py:311: SyntaxError

The above exception was the direct cause of the following exception:

    @pytest.fixture(scope="session")
    def eim():
        archive = download_artifacts("v0.2.16")
        with archive.open("rb") as stream:
            assert hashlib.file_digest(stream, "sha256").hexdigest() == ARTIFACT_SHA256
        vm = VMContext()
        vm._sender = bytes.fromhex("ab" * 20)
        vm._contract_address = bytes.fromhex("cd" * 20)
        vm._chain_id = 61999
>       cls = load_contract_class(ROOT / "contracts/evidence_independence_matrix.py", vm, sdk_version="v0.2.16")
              ^^^^^^^^^^^^^^^^^^^^^^^^^^^^^^^^^^^^^^^^^^^^^^^^^^^^^^^^^^^^^^^^^^^^^^^^^^^^^^^^^^^^^^^^^^^^^^^^^^

tests/conftest.py:21: 
_ _ _ _ _ _ _ _ _ _ _ _ _ _ _ _ _ _ _ _ _ _ _ _ _ _ _ _ _ _ _ _ _ _ _ _ _ _ _ _ 
/tmp/eim-phase3-env/lib/python3.12/site-packages/gltest/direct/loader.py:57: in load_contract_class
    module = _load_module(contract_path)
             ^^^^^^^^^^^^^^^^^^^^^^^^^^^
_ _ _ _ _ _ _ _ _ _ _ _ _ _ _ _ _ _ _ _ _ _ _ _ _ _ _ _ _ _ _ _ _ _ _ _ _ _ _ _ 

contract_path = PosixPath('/workspace/scratch/6ad74b9a2f71/evidence-independence-matrix/contracts/evidence_independence_matrix.py')

    def _load_module(contract_path: Path) -> Any:
        """Load a Python module from file path."""
        module_name = f"_contract_{contract_path.stem}"
    
        if module_name in sys.modules:
            del sys.modules[module_name]
    
        spec = importlib.util.spec_from_file_location(module_name, contract_path)
        if spec is None or spec.loader is None:
            raise ImportError(f"Cannot load module from {contract_path}")
    
        module = importlib.util.module_from_spec(spec)
        sys.modules[module_name] = module
    
        try:
            spec.loader.exec_module(module)
        except Exception as e:
            if module_name in sys.modules:
                del sys.modules[module_name]
>           raise ImportError(f"Failed to load contract: {e}") from e
E           ImportError: Failed to load contract: closing parenthesis '}' does not match opening parenthesis '[' (evidence_independence_matrix.py, line 551)

/tmp/eim-phase3-env/lib/python3.12/site-packages/gltest/direct/loader.py:315: ImportError
___ ERROR at setup of test_I_temporary_fetch_failure_no_unknown_record[408] ____

contract_path = PosixPath('/workspace/scratch/6ad74b9a2f71/evidence-independence-matrix/contracts/evidence_independence_matrix.py')

    def _load_module(contract_path: Path) -> Any:
        """Load a Python module from file path."""
        module_name = f"_contract_{contract_path.stem}"
    
        if module_name in sys.modules:
            del sys.modules[module_name]
    
        spec = importlib.util.spec_from_file_location(module_name, contract_path)
        if spec is None or spec.loader is None:
            raise ImportError(f"Cannot load module from {contract_path}")
    
        module = importlib.util.module_from_spec(spec)
        sys.modules[module_name] = module
    
        try:
>           spec.loader.exec_module(module)
E             File "/workspace/scratch/6ad74b9a2f71/evidence-independence-matrix/contracts/evidence_independence_matrix.py", line 551
E               "relations": [p["relation"] for p in candidate["pairs"]}),
E                                                                      ^
E           SyntaxError: closing parenthesis '}' does not match opening parenthesis '['

/tmp/eim-phase3-env/lib/python3.12/site-packages/gltest/direct/loader.py:311: SyntaxError

The above exception was the direct cause of the following exception:

    @pytest.fixture(scope="session")
    def eim():
        archive = download_artifacts("v0.2.16")
        with archive.open("rb") as stream:
            assert hashlib.file_digest(stream, "sha256").hexdigest() == ARTIFACT_SHA256
        vm = VMContext()
        vm._sender = bytes.fromhex("ab" * 20)
        vm._contract_address = bytes.fromhex("cd" * 20)
        vm._chain_id = 61999
>       cls = load_contract_class(ROOT / "contracts/evidence_independence_matrix.py", vm, sdk_version="v0.2.16")
              ^^^^^^^^^^^^^^^^^^^^^^^^^^^^^^^^^^^^^^^^^^^^^^^^^^^^^^^^^^^^^^^^^^^^^^^^^^^^^^^^^^^^^^^^^^^^^^^^^^

tests/conftest.py:21: 
_ _ _ _ _ _ _ _ _ _ _ _ _ _ _ _ _ _ _ _ _ _ _ _ _ _ _ _ _ _ _ _ _ _ _ _ _ _ _ _ 
/tmp/eim-phase3-env/lib/python3.12/site-packages/gltest/direct/loader.py:57: in load_contract_class
    module = _load_module(contract_path)
             ^^^^^^^^^^^^^^^^^^^^^^^^^^^
_ _ _ _ _ _ _ _ _ _ _ _ _ _ _ _ _ _ _ _ _ _ _ _ _ _ _ _ _ _ _ _ _ _ _ _ _ _ _ _ 

contract_path = PosixPath('/workspace/scratch/6ad74b9a2f71/evidence-independence-matrix/contracts/evidence_independence_matrix.py')

    def _load_module(contract_path: Path) -> Any:
        """Load a Python module from file path."""
        module_name = f"_contract_{contract_path.stem}"
    
        if module_name in sys.modules:
            del sys.modules[module_name]
    
        spec = importlib.util.spec_from_file_location(module_name, contract_path)
        if spec is None or spec.loader is None:
            raise ImportError(f"Cannot load module from {contract_path}")
    
        module = importlib.util.module_from_spec(spec)
        sys.modules[module_name] = module
    
        try:
            spec.loader.exec_module(module)
        except Exception as e:
            if module_name in sys.modules:
                del sys.modules[module_name]
>           raise ImportError(f"Failed to load contract: {e}") from e
E           ImportError: Failed to load contract: closing parenthesis '}' does not match opening parenthesis '[' (evidence_independence_matrix.py, line 551)

/tmp/eim-phase3-env/lib/python3.12/site-packages/gltest/direct/loader.py:315: ImportError
___ ERROR at setup of test_I_temporary_fetch_failure_no_unknown_record[425] ____

contract_path = PosixPath('/workspace/scratch/6ad74b9a2f71/evidence-independence-matrix/contracts/evidence_independence_matrix.py')

    def _load_module(contract_path: Path) -> Any:
        """Load a Python module from file path."""
        module_name = f"_contract_{contract_path.stem}"
    
        if module_name in sys.modules:
            del sys.modules[module_name]
    
        spec = importlib.util.spec_from_file_location(module_name, contract_path)
        if spec is None or spec.loader is None:
            raise ImportError(f"Cannot load module from {contract_path}")
    
        module = importlib.util.module_from_spec(spec)
        sys.modules[module_name] = module
    
        try:
>           spec.loader.exec_module(module)
E             File "/workspace/scratch/6ad74b9a2f71/evidence-independence-matrix/contracts/evidence_independence_matrix.py", line 551
E               "relations": [p["relation"] for p in candidate["pairs"]}),
E                                                                      ^
E           SyntaxError: closing parenthesis '}' does not match opening parenthesis '['

/tmp/eim-phase3-env/lib/python3.12/site-packages/gltest/direct/loader.py:311: SyntaxError

The above exception was the direct cause of the following exception:

    @pytest.fixture(scope="session")
    def eim():
        archive = download_artifacts("v0.2.16")
        with archive.open("rb") as stream:
            assert hashlib.file_digest(stream, "sha256").hexdigest() == ARTIFACT_SHA256
        vm = VMContext()
        vm._sender = bytes.fromhex("ab" * 20)
        vm._contract_address = bytes.fromhex("cd" * 20)
        vm._chain_id = 61999
>       cls = load_contract_class(ROOT / "contracts/evidence_independence_matrix.py", vm, sdk_version="v0.2.16")
              ^^^^^^^^^^^^^^^^^^^^^^^^^^^^^^^^^^^^^^^^^^^^^^^^^^^^^^^^^^^^^^^^^^^^^^^^^^^^^^^^^^^^^^^^^^^^^^^^^^

tests/conftest.py:21: 
_ _ _ _ _ _ _ _ _ _ _ _ _ _ _ _ _ _ _ _ _ _ _ _ _ _ _ _ _ _ _ _ _ _ _ _ _ _ _ _ 
/tmp/eim-phase3-env/lib/python3.12/site-packages/gltest/direct/loader.py:57: in load_contract_class
    module = _load_module(contract_path)
             ^^^^^^^^^^^^^^^^^^^^^^^^^^^
_ _ _ _ _ _ _ _ _ _ _ _ _ _ _ _ _ _ _ _ _ _ _ _ _ _ _ _ _ _ _ _ _ _ _ _ _ _ _ _ 

contract_path = PosixPath('/workspace/scratch/6ad74b9a2f71/evidence-independence-matrix/contracts/evidence_independence_matrix.py')

    def _load_module(contract_path: Path) -> Any:
        """Load a Python module from file path."""
        module_name = f"_contract_{contract_path.stem}"
    
        if module_name in sys.modules:
            del sys.modules[module_name]
    
        spec = importlib.util.spec_from_file_location(module_name, contract_path)
        if spec is None or spec.loader is None:
            raise ImportError(f"Cannot load module from {contract_path}")
    
        module = importlib.util.module_from_spec(spec)
        sys.modules[module_name] = module
    
        try:
            spec.loader.exec_module(module)
        except Exception as e:
            if module_name in sys.modules:
                del sys.modules[module_name]
>           raise ImportError(f"Failed to load contract: {e}") from e
E           ImportError: Failed to load contract: closing parenthesis '}' does not match opening parenthesis '[' (evidence_independence_matrix.py, line 551)

/tmp/eim-phase3-env/lib/python3.12/site-packages/gltest/direct/loader.py:315: ImportError
_ ERROR at setup of test_I_temporary_fetch_failure_no_unknown_record[failure5] _

contract_path = PosixPath('/workspace/scratch/6ad74b9a2f71/evidence-independence-matrix/contracts/evidence_independence_matrix.py')

    def _load_module(contract_path: Path) -> Any:
        """Load a Python module from file path."""
        module_name = f"_contract_{contract_path.stem}"
    
        if module_name in sys.modules:
            del sys.modules[module_name]
    
        spec = importlib.util.spec_from_file_location(module_name, contract_path)
        if spec is None or spec.loader is None:
            raise ImportError(f"Cannot load module from {contract_path}")
    
        module = importlib.util.module_from_spec(spec)
        sys.modules[module_name] = module
    
        try:
>           spec.loader.exec_module(module)
E             File "/workspace/scratch/6ad74b9a2f71/evidence-independence-matrix/contracts/evidence_independence_matrix.py", line 551
E               "relations": [p["relation"] for p in candidate["pairs"]}),
E                                                                      ^
E           SyntaxError: closing parenthesis '}' does not match opening parenthesis '['

/tmp/eim-phase3-env/lib/python3.12/site-packages/gltest/direct/loader.py:311: SyntaxError

The above exception was the direct cause of the following exception:

    @pytest.fixture(scope="session")
    def eim():
        archive = download_artifacts("v0.2.16")
        with archive.open("rb") as stream:
            assert hashlib.file_digest(stream, "sha256").hexdigest() == ARTIFACT_SHA256
        vm = VMContext()
        vm._sender = bytes.fromhex("ab" * 20)
        vm._contract_address = bytes.fromhex("cd" * 20)
        vm._chain_id = 61999
>       cls = load_contract_class(ROOT / "contracts/evidence_independence_matrix.py", vm, sdk_version="v0.2.16")
              ^^^^^^^^^^^^^^^^^^^^^^^^^^^^^^^^^^^^^^^^^^^^^^^^^^^^^^^^^^^^^^^^^^^^^^^^^^^^^^^^^^^^^^^^^^^^^^^^^^

tests/conftest.py:21: 
_ _ _ _ _ _ _ _ _ _ _ _ _ _ _ _ _ _ _ _ _ _ _ _ _ _ _ _ _ _ _ _ _ _ _ _ _ _ _ _ 
/tmp/eim-phase3-env/lib/python3.12/site-packages/gltest/direct/loader.py:57: in load_contract_class
    module = _load_module(contract_path)
             ^^^^^^^^^^^^^^^^^^^^^^^^^^^
_ _ _ _ _ _ _ _ _ _ _ _ _ _ _ _ _ _ _ _ _ _ _ _ _ _ _ _ _ _ _ _ _ _ _ _ _ _ _ _ 

contract_path = PosixPath('/workspace/scratch/6ad74b9a2f71/evidence-independence-matrix/contracts/evidence_independence_matrix.py')

    def _load_module(contract_path: Path) -> Any:
        """Load a Python module from file path."""
        module_name = f"_contract_{contract_path.stem}"
    
        if module_name in sys.modules:
            del sys.modules[module_name]
    
        spec = importlib.util.spec_from_file_location(module_name, contract_path)
        if spec is None or spec.loader is None:
            raise ImportError(f"Cannot load module from {contract_path}")
    
        module = importlib.util.module_from_spec(spec)
        sys.modules[module_name] = module
    
        try:
            spec.loader.exec_module(module)
        except Exception as e:
            if module_name in sys.modules:
                del sys.modules[module_name]
>           raise ImportError(f"Failed to load contract: {e}") from e
E           ImportError: Failed to load contract: closing parenthesis '}' does not match opening parenthesis '[' (evidence_independence_matrix.py, line 551)

/tmp/eim-phase3-env/lib/python3.12/site-packages/gltest/direct/loader.py:315: ImportError
_ ERROR at setup of test_I_temporary_fetch_failure_no_unknown_record[failure6] _

contract_path = PosixPath('/workspace/scratch/6ad74b9a2f71/evidence-independence-matrix/contracts/evidence_independence_matrix.py')

    def _load_module(contract_path: Path) -> Any:
        """Load a Python module from file path."""
        module_name = f"_contract_{contract_path.stem}"
    
        if module_name in sys.modules:
            del sys.modules[module_name]
    
        spec = importlib.util.spec_from_file_location(module_name, contract_path)
        if spec is None or spec.loader is None:
            raise ImportError(f"Cannot load module from {contract_path}")
    
        module = importlib.util.module_from_spec(spec)
        sys.modules[module_name] = module
    
        try:
>           spec.loader.exec_module(module)
E             File "/workspace/scratch/6ad74b9a2f71/evidence-independence-matrix/contracts/evidence_independence_matrix.py", line 551
E               "relations": [p["relation"] for p in candidate["pairs"]}),
E                                                                      ^
E           SyntaxError: closing parenthesis '}' does not match opening parenthesis '['

/tmp/eim-phase3-env/lib/python3.12/site-packages/gltest/direct/loader.py:311: SyntaxError

The above exception was the direct cause of the following exception:

    @pytest.fixture(scope="session")
    def eim():
        archive = download_artifacts("v0.2.16")
        with archive.open("rb") as stream:
            assert hashlib.file_digest(stream, "sha256").hexdigest() == ARTIFACT_SHA256
        vm = VMContext()
        vm._sender = bytes.fromhex("ab" * 20)
        vm._contract_address = bytes.fromhex("cd" * 20)
        vm._chain_id = 61999
>       cls = load_contract_class(ROOT / "contracts/evidence_independence_matrix.py", vm, sdk_version="v0.2.16")
              ^^^^^^^^^^^^^^^^^^^^^^^^^^^^^^^^^^^^^^^^^^^^^^^^^^^^^^^^^^^^^^^^^^^^^^^^^^^^^^^^^^^^^^^^^^^^^^^^^^

tests/conftest.py:21: 
_ _ _ _ _ _ _ _ _ _ _ _ _ _ _ _ _ _ _ _ _ _ _ _ _ _ _ _ _ _ _ _ _ _ _ _ _ _ _ _ 
/tmp/eim-phase3-env/lib/python3.12/site-packages/gltest/direct/loader.py:57: in load_contract_class
    module = _load_module(contract_path)
             ^^^^^^^^^^^^^^^^^^^^^^^^^^^
_ _ _ _ _ _ _ _ _ _ _ _ _ _ _ _ _ _ _ _ _ _ _ _ _ _ _ _ _ _ _ _ _ _ _ _ _ _ _ _ 

contract_path = PosixPath('/workspace/scratch/6ad74b9a2f71/evidence-independence-matrix/contracts/evidence_independence_matrix.py')

    def _load_module(contract_path: Path) -> Any:
        """Load a Python module from file path."""
        module_name = f"_contract_{contract_path.stem}"
    
        if module_name in sys.modules:
            del sys.modules[module_name]
    
        spec = importlib.util.spec_from_file_location(module_name, contract_path)
        if spec is None or spec.loader is None:
            raise ImportError(f"Cannot load module from {contract_path}")
    
        module = importlib.util.module_from_spec(spec)
        sys.modules[module_name] = module
    
        try:
            spec.loader.exec_module(module)
        except Exception as e:
            if module_name in sys.modules:
                del sys.modules[module_name]
>           raise ImportError(f"Failed to load contract: {e}") from e
E           ImportError: Failed to load contract: closing parenthesis '}' does not match opening parenthesis '[' (evidence_independence_matrix.py, line 551)

/tmp/eim-phase3-env/lib/python3.12/site-packages/gltest/direct/loader.py:315: ImportError
_ ERROR at setup of test_I_temporary_fetch_failure_no_unknown_record[failure7] _

contract_path = PosixPath('/workspace/scratch/6ad74b9a2f71/evidence-independence-matrix/contracts/evidence_independence_matrix.py')

    def _load_module(contract_path: Path) -> Any:
        """Load a Python module from file path."""
        module_name = f"_contract_{contract_path.stem}"
    
        if module_name in sys.modules:
            del sys.modules[module_name]
    
        spec = importlib.util.spec_from_file_location(module_name, contract_path)
        if spec is None or spec.loader is None:
            raise ImportError(f"Cannot load module from {contract_path}")
    
        module = importlib.util.module_from_spec(spec)
        sys.modules[module_name] = module
    
        try:
>           spec.loader.exec_module(module)
E             File "/workspace/scratch/6ad74b9a2f71/evidence-independence-matrix/contracts/evidence_independence_matrix.py", line 551
E               "relations": [p["relation"] for p in candidate["pairs"]}),
E                                                                      ^
E           SyntaxError: closing parenthesis '}' does not match opening parenthesis '['

/tmp/eim-phase3-env/lib/python3.12/site-packages/gltest/direct/loader.py:311: SyntaxError

The above exception was the direct cause of the following exception:

    @pytest.fixture(scope="session")
    def eim():
        archive = download_artifacts("v0.2.16")
        with archive.open("rb") as stream:
            assert hashlib.file_digest(stream, "sha256").hexdigest() == ARTIFACT_SHA256
        vm = VMContext()
        vm._sender = bytes.fromhex("ab" * 20)
        vm._contract_address = bytes.fromhex("cd" * 20)
        vm._chain_id = 61999
>       cls = load_contract_class(ROOT / "contracts/evidence_independence_matrix.py", vm, sdk_version="v0.2.16")
              ^^^^^^^^^^^^^^^^^^^^^^^^^^^^^^^^^^^^^^^^^^^^^^^^^^^^^^^^^^^^^^^^^^^^^^^^^^^^^^^^^^^^^^^^^^^^^^^^^^

tests/conftest.py:21: 
_ _ _ _ _ _ _ _ _ _ _ _ _ _ _ _ _ _ _ _ _ _ _ _ _ _ _ _ _ _ _ _ _ _ _ _ _ _ _ _ 
/tmp/eim-phase3-env/lib/python3.12/site-packages/gltest/direct/loader.py:57: in load_contract_class
    module = _load_module(contract_path)
             ^^^^^^^^^^^^^^^^^^^^^^^^^^^
_ _ _ _ _ _ _ _ _ _ _ _ _ _ _ _ _ _ _ _ _ _ _ _ _ _ _ _ _ _ _ _ _ _ _ _ _ _ _ _ 

contract_path = PosixPath('/workspace/scratch/6ad74b9a2f71/evidence-independence-matrix/contracts/evidence_independence_matrix.py')

    def _load_module(contract_path: Path) -> Any:
        """Load a Python module from file path."""
        module_name = f"_contract_{contract_path.stem}"
    
        if module_name in sys.modules:
            del sys.modules[module_name]
    
        spec = importlib.util.spec_from_file_location(module_name, contract_path)
        if spec is None or spec.loader is None:
            raise ImportError(f"Cannot load module from {contract_path}")
    
        module = importlib.util.module_from_spec(spec)
        sys.modules[module_name] = module
    
        try:
            spec.loader.exec_module(module)
        except Exception as e:
            if module_name in sys.modules:
                del sys.modules[module_name]
>           raise ImportError(f"Failed to load contract: {e}") from e
E           ImportError: Failed to load contract: closing parenthesis '}' does not match opening parenthesis '[' (evidence_independence_matrix.py, line 551)

/tmp/eim-phase3-env/lib/python3.12/site-packages/gltest/direct/loader.py:315: ImportError
__________ ERROR at setup of test_J_unavailable_source_semantics[404] __________

contract_path = PosixPath('/workspace/scratch/6ad74b9a2f71/evidence-independence-matrix/contracts/evidence_independence_matrix.py')

    def _load_module(contract_path: Path) -> Any:
        """Load a Python module from file path."""
        module_name = f"_contract_{contract_path.stem}"
    
        if module_name in sys.modules:
            del sys.modules[module_name]
    
        spec = importlib.util.spec_from_file_location(module_name, contract_path)
        if spec is None or spec.loader is None:
            raise ImportError(f"Cannot load module from {contract_path}")
    
        module = importlib.util.module_from_spec(spec)
        sys.modules[module_name] = module
    
        try:
>           spec.loader.exec_module(module)
E             File "/workspace/scratch/6ad74b9a2f71/evidence-independence-matrix/contracts/evidence_independence_matrix.py", line 551
E               "relations": [p["relation"] for p in candidate["pairs"]}),
E                                                                      ^
E           SyntaxError: closing parenthesis '}' does not match opening parenthesis '['

/tmp/eim-phase3-env/lib/python3.12/site-packages/gltest/direct/loader.py:311: SyntaxError

The above exception was the direct cause of the following exception:

    @pytest.fixture(scope="session")
    def eim():
        archive = download_artifacts("v0.2.16")
        with archive.open("rb") as stream:
            assert hashlib.file_digest(stream, "sha256").hexdigest() == ARTIFACT_SHA256
        vm = VMContext()
        vm._sender = bytes.fromhex("ab" * 20)
        vm._contract_address = bytes.fromhex("cd" * 20)
        vm._chain_id = 61999
>       cls = load_contract_class(ROOT / "contracts/evidence_independence_matrix.py", vm, sdk_version="v0.2.16")
              ^^^^^^^^^^^^^^^^^^^^^^^^^^^^^^^^^^^^^^^^^^^^^^^^^^^^^^^^^^^^^^^^^^^^^^^^^^^^^^^^^^^^^^^^^^^^^^^^^^

tests/conftest.py:21: 
_ _ _ _ _ _ _ _ _ _ _ _ _ _ _ _ _ _ _ _ _ _ _ _ _ _ _ _ _ _ _ _ _ _ _ _ _ _ _ _ 
/tmp/eim-phase3-env/lib/python3.12/site-packages/gltest/direct/loader.py:57: in load_contract_class
    module = _load_module(contract_path)
             ^^^^^^^^^^^^^^^^^^^^^^^^^^^
_ _ _ _ _ _ _ _ _ _ _ _ _ _ _ _ _ _ _ _ _ _ _ _ _ _ _ _ _ _ _ _ _ _ _ _ _ _ _ _ 

contract_path = PosixPath('/workspace/scratch/6ad74b9a2f71/evidence-independence-matrix/contracts/evidence_independence_matrix.py')

    def _load_module(contract_path: Path) -> Any:
        """Load a Python module from file path."""
        module_name = f"_contract_{contract_path.stem}"
    
        if module_name in sys.modules:
            del sys.modules[module_name]
    
        spec = importlib.util.spec_from_file_location(module_name, contract_path)
        if spec is None or spec.loader is None:
            raise ImportError(f"Cannot load module from {contract_path}")
    
        module = importlib.util.module_from_spec(spec)
        sys.modules[module_name] = module
    
        try:
            spec.loader.exec_module(module)
        except Exception as e:
            if module_name in sys.modules:
                del sys.modules[module_name]
>           raise ImportError(f"Failed to load contract: {e}") from e
E           ImportError: Failed to load contract: closing parenthesis '}' does not match opening parenthesis '[' (evidence_independence_matrix.py, line 551)

/tmp/eim-phase3-env/lib/python3.12/site-packages/gltest/direct/loader.py:315: ImportError
__________ ERROR at setup of test_J_unavailable_source_semantics[410] __________

contract_path = PosixPath('/workspace/scratch/6ad74b9a2f71/evidence-independence-matrix/contracts/evidence_independence_matrix.py')

    def _load_module(contract_path: Path) -> Any:
        """Load a Python module from file path."""
        module_name = f"_contract_{contract_path.stem}"
    
        if module_name in sys.modules:
            del sys.modules[module_name]
    
        spec = importlib.util.spec_from_file_location(module_name, contract_path)
        if spec is None or spec.loader is None:
            raise ImportError(f"Cannot load module from {contract_path}")
    
        module = importlib.util.module_from_spec(spec)
        sys.modules[module_name] = module
    
        try:
>           spec.loader.exec_module(module)
E             File "/workspace/scratch/6ad74b9a2f71/evidence-independence-matrix/contracts/evidence_independence_matrix.py", line 551
E               "relations": [p["relation"] for p in candidate["pairs"]}),
E                                                                      ^
E           SyntaxError: closing parenthesis '}' does not match opening parenthesis '['

/tmp/eim-phase3-env/lib/python3.12/site-packages/gltest/direct/loader.py:311: SyntaxError

The above exception was the direct cause of the following exception:

    @pytest.fixture(scope="session")
    def eim():
        archive = download_artifacts("v0.2.16")
        with archive.open("rb") as stream:
            assert hashlib.file_digest(stream, "sha256").hexdigest() == ARTIFACT_SHA256
        vm = VMContext()
        vm._sender = bytes.fromhex("ab" * 20)
        vm._contract_address = bytes.fromhex("cd" * 20)
        vm._chain_id = 61999
>       cls = load_contract_class(ROOT / "contracts/evidence_independence_matrix.py", vm, sdk_version="v0.2.16")
              ^^^^^^^^^^^^^^^^^^^^^^^^^^^^^^^^^^^^^^^^^^^^^^^^^^^^^^^^^^^^^^^^^^^^^^^^^^^^^^^^^^^^^^^^^^^^^^^^^^

tests/conftest.py:21: 
_ _ _ _ _ _ _ _ _ _ _ _ _ _ _ _ _ _ _ _ _ _ _ _ _ _ _ _ _ _ _ _ _ _ _ _ _ _ _ _ 
/tmp/eim-phase3-env/lib/python3.12/site-packages/gltest/direct/loader.py:57: in load_contract_class
    module = _load_module(contract_path)
             ^^^^^^^^^^^^^^^^^^^^^^^^^^^
_ _ _ _ _ _ _ _ _ _ _ _ _ _ _ _ _ _ _ _ _ _ _ _ _ _ _ _ _ _ _ _ _ _ _ _ _ _ _ _ 

contract_path = PosixPath('/workspace/scratch/6ad74b9a2f71/evidence-independence-matrix/contracts/evidence_independence_matrix.py')

    def _load_module(contract_path: Path) -> Any:
        """Load a Python module from file path."""
        module_name = f"_contract_{contract_path.stem}"
    
        if module_name in sys.modules:
            del sys.modules[module_name]
    
        spec = importlib.util.spec_from_file_location(module_name, contract_path)
        if spec is None or spec.loader is None:
            raise ImportError(f"Cannot load module from {contract_path}")
    
        module = importlib.util.module_from_spec(spec)
        sys.modules[module_name] = module
    
        try:
            spec.loader.exec_module(module)
        except Exception as e:
            if module_name in sys.modules:
                del sys.modules[module_name]
>           raise ImportError(f"Failed to load contract: {e}") from e
E           ImportError: Failed to load contract: closing parenthesis '}' does not match opening parenthesis '[' (evidence_independence_matrix.py, line 551)

/tmp/eim-phase3-env/lib/python3.12/site-packages/gltest/direct/loader.py:315: ImportError
__________ ERROR at setup of test_J_unavailable_source_semantics[401] __________

contract_path = PosixPath('/workspace/scratch/6ad74b9a2f71/evidence-independence-matrix/contracts/evidence_independence_matrix.py')

    def _load_module(contract_path: Path) -> Any:
        """Load a Python module from file path."""
        module_name = f"_contract_{contract_path.stem}"
    
        if module_name in sys.modules:
            del sys.modules[module_name]
    
        spec = importlib.util.spec_from_file_location(module_name, contract_path)
        if spec is None or spec.loader is None:
            raise ImportError(f"Cannot load module from {contract_path}")
    
        module = importlib.util.module_from_spec(spec)
        sys.modules[module_name] = module
    
        try:
>           spec.loader.exec_module(module)
E             File "/workspace/scratch/6ad74b9a2f71/evidence-independence-matrix/contracts/evidence_independence_matrix.py", line 551
E               "relations": [p["relation"] for p in candidate["pairs"]}),
E                                                                      ^
E           SyntaxError: closing parenthesis '}' does not match opening parenthesis '['

/tmp/eim-phase3-env/lib/python3.12/site-packages/gltest/direct/loader.py:311: SyntaxError

The above exception was the direct cause of the following exception:

    @pytest.fixture(scope="session")
    def eim():
        archive = download_artifacts("v0.2.16")
        with archive.open("rb") as stream:
            assert hashlib.file_digest(stream, "sha256").hexdigest() == ARTIFACT_SHA256
        vm = VMContext()
        vm._sender = bytes.fromhex("ab" * 20)
        vm._contract_address = bytes.fromhex("cd" * 20)
        vm._chain_id = 61999
>       cls = load_contract_class(ROOT / "contracts/evidence_independence_matrix.py", vm, sdk_version="v0.2.16")
              ^^^^^^^^^^^^^^^^^^^^^^^^^^^^^^^^^^^^^^^^^^^^^^^^^^^^^^^^^^^^^^^^^^^^^^^^^^^^^^^^^^^^^^^^^^^^^^^^^^

tests/conftest.py:21: 
_ _ _ _ _ _ _ _ _ _ _ _ _ _ _ _ _ _ _ _ _ _ _ _ _ _ _ _ _ _ _ _ _ _ _ _ _ _ _ _ 
/tmp/eim-phase3-env/lib/python3.12/site-packages/gltest/direct/loader.py:57: in load_contract_class
    module = _load_module(contract_path)
             ^^^^^^^^^^^^^^^^^^^^^^^^^^^
_ _ _ _ _ _ _ _ _ _ _ _ _ _ _ _ _ _ _ _ _ _ _ _ _ _ _ _ _ _ _ _ _ _ _ _ _ _ _ _ 

contract_path = PosixPath('/workspace/scratch/6ad74b9a2f71/evidence-independence-matrix/contracts/evidence_independence_matrix.py')

    def _load_module(contract_path: Path) -> Any:
        """Load a Python module from file path."""
        module_name = f"_contract_{contract_path.stem}"
    
        if module_name in sys.modules:
            del sys.modules[module_name]
    
        spec = importlib.util.spec_from_file_location(module_name, contract_path)
        if spec is None or spec.loader is None:
            raise ImportError(f"Cannot load module from {contract_path}")
    
        module = importlib.util.module_from_spec(spec)
        sys.modules[module_name] = module
    
        try:
            spec.loader.exec_module(module)
        except Exception as e:
            if module_name in sys.modules:
                del sys.modules[module_name]
>           raise ImportError(f"Failed to load contract: {e}") from e
E           ImportError: Failed to load contract: closing parenthesis '}' does not match opening parenthesis '[' (evidence_independence_matrix.py, line 551)

/tmp/eim-phase3-env/lib/python3.12/site-packages/gltest/direct/loader.py:315: ImportError
__________ ERROR at setup of test_J_unavailable_source_semantics[403] __________

contract_path = PosixPath('/workspace/scratch/6ad74b9a2f71/evidence-independence-matrix/contracts/evidence_independence_matrix.py')

    def _load_module(contract_path: Path) -> Any:
        """Load a Python module from file path."""
        module_name = f"_contract_{contract_path.stem}"
    
        if module_name in sys.modules:
            del sys.modules[module_name]
    
        spec = importlib.util.spec_from_file_location(module_name, contract_path)
        if spec is None or spec.loader is None:
            raise ImportError(f"Cannot load module from {contract_path}")
    
        module = importlib.util.module_from_spec(spec)
        sys.modules[module_name] = module
    
        try:
>           spec.loader.exec_module(module)
E             File "/workspace/scratch/6ad74b9a2f71/evidence-independence-matrix/contracts/evidence_independence_matrix.py", line 551
E               "relations": [p["relation"] for p in candidate["pairs"]}),
E                                                                      ^
E           SyntaxError: closing parenthesis '}' does not match opening parenthesis '['

/tmp/eim-phase3-env/lib/python3.12/site-packages/gltest/direct/loader.py:311: SyntaxError

The above exception was the direct cause of the following exception:

    @pytest.fixture(scope="session")
    def eim():
        archive = download_artifacts("v0.2.16")
        with archive.open("rb") as stream:
            assert hashlib.file_digest(stream, "sha256").hexdigest() == ARTIFACT_SHA256
        vm = VMContext()
        vm._sender = bytes.fromhex("ab" * 20)
        vm._contract_address = bytes.fromhex("cd" * 20)
        vm._chain_id = 61999
>       cls = load_contract_class(ROOT / "contracts/evidence_independence_matrix.py", vm, sdk_version="v0.2.16")
              ^^^^^^^^^^^^^^^^^^^^^^^^^^^^^^^^^^^^^^^^^^^^^^^^^^^^^^^^^^^^^^^^^^^^^^^^^^^^^^^^^^^^^^^^^^^^^^^^^^

tests/conftest.py:21: 
_ _ _ _ _ _ _ _ _ _ _ _ _ _ _ _ _ _ _ _ _ _ _ _ _ _ _ _ _ _ _ _ _ _ _ _ _ _ _ _ 
/tmp/eim-phase3-env/lib/python3.12/site-packages/gltest/direct/loader.py:57: in load_contract_class
    module = _load_module(contract_path)
             ^^^^^^^^^^^^^^^^^^^^^^^^^^^
_ _ _ _ _ _ _ _ _ _ _ _ _ _ _ _ _ _ _ _ _ _ _ _ _ _ _ _ _ _ _ _ _ _ _ _ _ _ _ _ 

contract_path = PosixPath('/workspace/scratch/6ad74b9a2f71/evidence-independence-matrix/contracts/evidence_independence_matrix.py')

    def _load_module(contract_path: Path) -> Any:
        """Load a Python module from file path."""
        module_name = f"_contract_{contract_path.stem}"
    
        if module_name in sys.modules:
            del sys.modules[module_name]
    
        spec = importlib.util.spec_from_file_location(module_name, contract_path)
        if spec is None or spec.loader is None:
            raise ImportError(f"Cannot load module from {contract_path}")
    
        module = importlib.util.module_from_spec(spec)
        sys.modules[module_name] = module
    
        try:
            spec.loader.exec_module(module)
        except Exception as e:
            if module_name in sys.modules:
                del sys.modules[module_name]
>           raise ImportError(f"Failed to load contract: {e}") from e
E           ImportError: Failed to load contract: closing parenthesis '}' does not match opening parenthesis '[' (evidence_independence_matrix.py, line 551)

/tmp/eim-phase3-env/lib/python3.12/site-packages/gltest/direct/loader.py:315: ImportError
___ ERROR at setup of test_no_readable_sources_skip_model_and_still_refetch ____

contract_path = PosixPath('/workspace/scratch/6ad74b9a2f71/evidence-independence-matrix/contracts/evidence_independence_matrix.py')

    def _load_module(contract_path: Path) -> Any:
        """Load a Python module from file path."""
        module_name = f"_contract_{contract_path.stem}"
    
        if module_name in sys.modules:
            del sys.modules[module_name]
    
        spec = importlib.util.spec_from_file_location(module_name, contract_path)
        if spec is None or spec.loader is None:
            raise ImportError(f"Cannot load module from {contract_path}")
    
        module = importlib.util.module_from_spec(spec)
        sys.modules[module_name] = module
    
        try:
>           spec.loader.exec_module(module)
E             File "/workspace/scratch/6ad74b9a2f71/evidence-independence-matrix/contracts/evidence_independence_matrix.py", line 551
E               "relations": [p["relation"] for p in candidate["pairs"]}),
E                                                                      ^
E           SyntaxError: closing parenthesis '}' does not match opening parenthesis '['

/tmp/eim-phase3-env/lib/python3.12/site-packages/gltest/direct/loader.py:311: SyntaxError

The above exception was the direct cause of the following exception:

    @pytest.fixture(scope="session")
    def eim():
        archive = download_artifacts("v0.2.16")
        with archive.open("rb") as stream:
            assert hashlib.file_digest(stream, "sha256").hexdigest() == ARTIFACT_SHA256
        vm = VMContext()
        vm._sender = bytes.fromhex("ab" * 20)
        vm._contract_address = bytes.fromhex("cd" * 20)
        vm._chain_id = 61999
>       cls = load_contract_class(ROOT / "contracts/evidence_independence_matrix.py", vm, sdk_version="v0.2.16")
              ^^^^^^^^^^^^^^^^^^^^^^^^^^^^^^^^^^^^^^^^^^^^^^^^^^^^^^^^^^^^^^^^^^^^^^^^^^^^^^^^^^^^^^^^^^^^^^^^^^

tests/conftest.py:21: 
_ _ _ _ _ _ _ _ _ _ _ _ _ _ _ _ _ _ _ _ _ _ _ _ _ _ _ _ _ _ _ _ _ _ _ _ _ _ _ _ 
/tmp/eim-phase3-env/lib/python3.12/site-packages/gltest/direct/loader.py:57: in load_contract_class
    module = _load_module(contract_path)
             ^^^^^^^^^^^^^^^^^^^^^^^^^^^
_ _ _ _ _ _ _ _ _ _ _ _ _ _ _ _ _ _ _ _ _ _ _ _ _ _ _ _ _ _ _ _ _ _ _ _ _ _ _ _ 

contract_path = PosixPath('/workspace/scratch/6ad74b9a2f71/evidence-independence-matrix/contracts/evidence_independence_matrix.py')

    def _load_module(contract_path: Path) -> Any:
        """Load a Python module from file path."""
        module_name = f"_contract_{contract_path.stem}"
    
        if module_name in sys.modules:
            del sys.modules[module_name]
    
        spec = importlib.util.spec_from_file_location(module_name, contract_path)
        if spec is None or spec.loader is None:
            raise ImportError(f"Cannot load module from {contract_path}")
    
        module = importlib.util.module_from_spec(spec)
        sys.modules[module_name] = module
    
        try:
            spec.loader.exec_module(module)
        except Exception as e:
            if module_name in sys.modules:
                del sys.modules[module_name]
>           raise ImportError(f"Failed to load contract: {e}") from e
E           ImportError: Failed to load contract: closing parenthesis '}' does not match opening parenthesis '[' (evidence_independence_matrix.py, line 551)

/tmp/eim-phase3-env/lib/python3.12/site-packages/gltest/direct/loader.py:315: ImportError
_ ERROR at setup of test_unreadable_model_constraints_are_rejected_not_repaired[{"relevance":["RELEVANT","RELEVANT"],"relations":["INDEPENDENT"]}] _

contract_path = PosixPath('/workspace/scratch/6ad74b9a2f71/evidence-independence-matrix/contracts/evidence_independence_matrix.py')

    def _load_module(contract_path: Path) -> Any:
        """Load a Python module from file path."""
        module_name = f"_contract_{contract_path.stem}"
    
        if module_name in sys.modules:
            del sys.modules[module_name]
    
        spec = importlib.util.spec_from_file_location(module_name, contract_path)
        if spec is None or spec.loader is None:
            raise ImportError(f"Cannot load module from {contract_path}")
    
        module = importlib.util.module_from_spec(spec)
        sys.modules[module_name] = module
    
        try:
>           spec.loader.exec_module(module)
E             File "/workspace/scratch/6ad74b9a2f71/evidence-independence-matrix/contracts/evidence_independence_matrix.py", line 551
E               "relations": [p["relation"] for p in candidate["pairs"]}),
E                                                                      ^
E           SyntaxError: closing parenthesis '}' does not match opening parenthesis '['

/tmp/eim-phase3-env/lib/python3.12/site-packages/gltest/direct/loader.py:311: SyntaxError

The above exception was the direct cause of the following exception:

    @pytest.fixture(scope="session")
    def eim():
        archive = download_artifacts("v0.2.16")
        with archive.open("rb") as stream:
            assert hashlib.file_digest(stream, "sha256").hexdigest() == ARTIFACT_SHA256
        vm = VMContext()
        vm._sender = bytes.fromhex("ab" * 20)
        vm._contract_address = bytes.fromhex("cd" * 20)
        vm._chain_id = 61999
>       cls = load_contract_class(ROOT / "contracts/evidence_independence_matrix.py", vm, sdk_version="v0.2.16")
              ^^^^^^^^^^^^^^^^^^^^^^^^^^^^^^^^^^^^^^^^^^^^^^^^^^^^^^^^^^^^^^^^^^^^^^^^^^^^^^^^^^^^^^^^^^^^^^^^^^

tests/conftest.py:21: 
_ _ _ _ _ _ _ _ _ _ _ _ _ _ _ _ _ _ _ _ _ _ _ _ _ _ _ _ _ _ _ _ _ _ _ _ _ _ _ _ 
/tmp/eim-phase3-env/lib/python3.12/site-packages/gltest/direct/loader.py:57: in load_contract_class
    module = _load_module(contract_path)
             ^^^^^^^^^^^^^^^^^^^^^^^^^^^
_ _ _ _ _ _ _ _ _ _ _ _ _ _ _ _ _ _ _ _ _ _ _ _ _ _ _ _ _ _ _ _ _ _ _ _ _ _ _ _ 

contract_path = PosixPath('/workspace/scratch/6ad74b9a2f71/evidence-independence-matrix/contracts/evidence_independence_matrix.py')

    def _load_module(contract_path: Path) -> Any:
        """Load a Python module from file path."""
        module_name = f"_contract_{contract_path.stem}"
    
        if module_name in sys.modules:
            del sys.modules[module_name]
    
        spec = importlib.util.spec_from_file_location(module_name, contract_path)
        if spec is None or spec.loader is None:
            raise ImportError(f"Cannot load module from {contract_path}")
    
        module = importlib.util.module_from_spec(spec)
        sys.modules[module_name] = module
    
        try:
            spec.loader.exec_module(module)
        except Exception as e:
            if module_name in sys.modules:
                del sys.modules[module_name]
>           raise ImportError(f"Failed to load contract: {e}") from e
E           ImportError: Failed to load contract: closing parenthesis '}' does not match opening parenthesis '[' (evidence_independence_matrix.py, line 551)

/tmp/eim-phase3-env/lib/python3.12/site-packages/gltest/direct/loader.py:315: ImportError
_ ERROR at setup of test_unreadable_model_constraints_are_rejected_not_repaired[{"relevance":["NOT_APPLICABLE","RELEVANT"],"relations":["INDEPENDENT"]}] _

contract_path = PosixPath('/workspace/scratch/6ad74b9a2f71/evidence-independence-matrix/contracts/evidence_independence_matrix.py')

    def _load_module(contract_path: Path) -> Any:
        """Load a Python module from file path."""
        module_name = f"_contract_{contract_path.stem}"
    
        if module_name in sys.modules:
            del sys.modules[module_name]
    
        spec = importlib.util.spec_from_file_location(module_name, contract_path)
        if spec is None or spec.loader is None:
            raise ImportError(f"Cannot load module from {contract_path}")
    
        module = importlib.util.module_from_spec(spec)
        sys.modules[module_name] = module
    
        try:
>           spec.loader.exec_module(module)
E             File "/workspace/scratch/6ad74b9a2f71/evidence-independence-matrix/contracts/evidence_independence_matrix.py", line 551
E               "relations": [p["relation"] for p in candidate["pairs"]}),
E                                                                      ^
E           SyntaxError: closing parenthesis '}' does not match opening parenthesis '['

/tmp/eim-phase3-env/lib/python3.12/site-packages/gltest/direct/loader.py:311: SyntaxError

The above exception was the direct cause of the following exception:

    @pytest.fixture(scope="session")
    def eim():
        archive = download_artifacts("v0.2.16")
        with archive.open("rb") as stream:
            assert hashlib.file_digest(stream, "sha256").hexdigest() == ARTIFACT_SHA256
        vm = VMContext()
        vm._sender = bytes.fromhex("ab" * 20)
        vm._contract_address = bytes.fromhex("cd" * 20)
        vm._chain_id = 61999
>       cls = load_contract_class(ROOT / "contracts/evidence_independence_matrix.py", vm, sdk_version="v0.2.16")
              ^^^^^^^^^^^^^^^^^^^^^^^^^^^^^^^^^^^^^^^^^^^^^^^^^^^^^^^^^^^^^^^^^^^^^^^^^^^^^^^^^^^^^^^^^^^^^^^^^^

tests/conftest.py:21: 
_ _ _ _ _ _ _ _ _ _ _ _ _ _ _ _ _ _ _ _ _ _ _ _ _ _ _ _ _ _ _ _ _ _ _ _ _ _ _ _ 
/tmp/eim-phase3-env/lib/python3.12/site-packages/gltest/direct/loader.py:57: in load_contract_class
    module = _load_module(contract_path)
             ^^^^^^^^^^^^^^^^^^^^^^^^^^^
_ _ _ _ _ _ _ _ _ _ _ _ _ _ _ _ _ _ _ _ _ _ _ _ _ _ _ _ _ _ _ _ _ _ _ _ _ _ _ _ 

contract_path = PosixPath('/workspace/scratch/6ad74b9a2f71/evidence-independence-matrix/contracts/evidence_independence_matrix.py')

    def _load_module(contract_path: Path) -> Any:
        """Load a Python module from file path."""
        module_name = f"_contract_{contract_path.stem}"
    
        if module_name in sys.modules:
            del sys.modules[module_name]
    
        spec = importlib.util.spec_from_file_location(module_name, contract_path)
        if spec is None or spec.loader is None:
            raise ImportError(f"Cannot load module from {contract_path}")
    
        module = importlib.util.module_from_spec(spec)
        sys.modules[module_name] = module
    
        try:
            spec.loader.exec_module(module)
        except Exception as e:
            if module_name in sys.modules:
                del sys.modules[module_name]
>           raise ImportError(f"Failed to load contract: {e}") from e
E           ImportError: Failed to load contract: closing parenthesis '}' does not match opening parenthesis '[' (evidence_independence_matrix.py, line 551)

/tmp/eim-phase3-env/lib/python3.12/site-packages/gltest/direct/loader.py:315: ImportError
_ ERROR at setup of test_four_sources_one_full_classification_per_participant __

contract_path = PosixPath('/workspace/scratch/6ad74b9a2f71/evidence-independence-matrix/contracts/evidence_independence_matrix.py')

    def _load_module(contract_path: Path) -> Any:
        """Load a Python module from file path."""
        module_name = f"_contract_{contract_path.stem}"
    
        if module_name in sys.modules:
            del sys.modules[module_name]
    
        spec = importlib.util.spec_from_file_location(module_name, contract_path)
        if spec is None or spec.loader is None:
            raise ImportError(f"Cannot load module from {contract_path}")
    
        module = importlib.util.module_from_spec(spec)
        sys.modules[module_name] = module
    
        try:
>           spec.loader.exec_module(module)
E             File "/workspace/scratch/6ad74b9a2f71/evidence-independence-matrix/contracts/evidence_independence_matrix.py", line 551
E               "relations": [p["relation"] for p in candidate["pairs"]}),
E                                                                      ^
E           SyntaxError: closing parenthesis '}' does not match opening parenthesis '['

/tmp/eim-phase3-env/lib/python3.12/site-packages/gltest/direct/loader.py:311: SyntaxError

The above exception was the direct cause of the following exception:

    @pytest.fixture(scope="session")
    def eim():
        archive = download_artifacts("v0.2.16")
        with archive.open("rb") as stream:
            assert hashlib.file_digest(stream, "sha256").hexdigest() == ARTIFACT_SHA256
        vm = VMContext()
        vm._sender = bytes.fromhex("ab" * 20)
        vm._contract_address = bytes.fromhex("cd" * 20)
        vm._chain_id = 61999
>       cls = load_contract_class(ROOT / "contracts/evidence_independence_matrix.py", vm, sdk_version="v0.2.16")
              ^^^^^^^^^^^^^^^^^^^^^^^^^^^^^^^^^^^^^^^^^^^^^^^^^^^^^^^^^^^^^^^^^^^^^^^^^^^^^^^^^^^^^^^^^^^^^^^^^^

tests/conftest.py:21: 
_ _ _ _ _ _ _ _ _ _ _ _ _ _ _ _ _ _ _ _ _ _ _ _ _ _ _ _ _ _ _ _ _ _ _ _ _ _ _ _ 
/tmp/eim-phase3-env/lib/python3.12/site-packages/gltest/direct/loader.py:57: in load_contract_class
    module = _load_module(contract_path)
             ^^^^^^^^^^^^^^^^^^^^^^^^^^^
_ _ _ _ _ _ _ _ _ _ _ _ _ _ _ _ _ _ _ _ _ _ _ _ _ _ _ _ _ _ _ _ _ _ _ _ _ _ _ _ 

contract_path = PosixPath('/workspace/scratch/6ad74b9a2f71/evidence-independence-matrix/contracts/evidence_independence_matrix.py')

    def _load_module(contract_path: Path) -> Any:
        """Load a Python module from file path."""
        module_name = f"_contract_{contract_path.stem}"
    
        if module_name in sys.modules:
            del sys.modules[module_name]
    
        spec = importlib.util.spec_from_file_location(module_name, contract_path)
        if spec is None or spec.loader is None:
            raise ImportError(f"Cannot load module from {contract_path}")
    
        module = importlib.util.module_from_spec(spec)
        sys.modules[module_name] = module
    
        try:
            spec.loader.exec_module(module)
        except Exception as e:
            if module_name in sys.modules:
                del sys.modules[module_name]
>           raise ImportError(f"Failed to load contract: {e}") from e
E           ImportError: Failed to load contract: closing parenthesis '}' does not match opening parenthesis '[' (evidence_independence_matrix.py, line 551)

/tmp/eim-phase3-env/lib/python3.12/site-packages/gltest/direct/loader.py:315: ImportError
__ ERROR at setup of test_unsupported_source_never_enters_relevant[response0] __

contract_path = PosixPath('/workspace/scratch/6ad74b9a2f71/evidence-independence-matrix/contracts/evidence_independence_matrix.py')

    def _load_module(contract_path: Path) -> Any:
        """Load a Python module from file path."""
        module_name = f"_contract_{contract_path.stem}"
    
        if module_name in sys.modules:
            del sys.modules[module_name]
    
        spec = importlib.util.spec_from_file_location(module_name, contract_path)
        if spec is None or spec.loader is None:
            raise ImportError(f"Cannot load module from {contract_path}")
    
        module = importlib.util.module_from_spec(spec)
        sys.modules[module_name] = module
    
        try:
>           spec.loader.exec_module(module)
E             File "/workspace/scratch/6ad74b9a2f71/evidence-independence-matrix/contracts/evidence_independence_matrix.py", line 551
E               "relations": [p["relation"] for p in candidate["pairs"]}),
E                                                                      ^
E           SyntaxError: closing parenthesis '}' does not match opening parenthesis '['

/tmp/eim-phase3-env/lib/python3.12/site-packages/gltest/direct/loader.py:311: SyntaxError

The above exception was the direct cause of the following exception:

    @pytest.fixture(scope="session")
    def eim():
        archive = download_artifacts("v0.2.16")
        with archive.open("rb") as stream:
            assert hashlib.file_digest(stream, "sha256").hexdigest() == ARTIFACT_SHA256
        vm = VMContext()
        vm._sender = bytes.fromhex("ab" * 20)
        vm._contract_address = bytes.fromhex("cd" * 20)
        vm._chain_id = 61999
>       cls = load_contract_class(ROOT / "contracts/evidence_independence_matrix.py", vm, sdk_version="v0.2.16")
              ^^^^^^^^^^^^^^^^^^^^^^^^^^^^^^^^^^^^^^^^^^^^^^^^^^^^^^^^^^^^^^^^^^^^^^^^^^^^^^^^^^^^^^^^^^^^^^^^^^

tests/conftest.py:21: 
_ _ _ _ _ _ _ _ _ _ _ _ _ _ _ _ _ _ _ _ _ _ _ _ _ _ _ _ _ _ _ _ _ _ _ _ _ _ _ _ 
/tmp/eim-phase3-env/lib/python3.12/site-packages/gltest/direct/loader.py:57: in load_contract_class
    module = _load_module(contract_path)
             ^^^^^^^^^^^^^^^^^^^^^^^^^^^
_ _ _ _ _ _ _ _ _ _ _ _ _ _ _ _ _ _ _ _ _ _ _ _ _ _ _ _ _ _ _ _ _ _ _ _ _ _ _ _ 

contract_path = PosixPath('/workspace/scratch/6ad74b9a2f71/evidence-independence-matrix/contracts/evidence_independence_matrix.py')

    def _load_module(contract_path: Path) -> Any:
        """Load a Python module from file path."""
        module_name = f"_contract_{contract_path.stem}"
    
        if module_name in sys.modules:
            del sys.modules[module_name]
    
        spec = importlib.util.spec_from_file_location(module_name, contract_path)
        if spec is None or spec.loader is None:
            raise ImportError(f"Cannot load module from {contract_path}")
    
        module = importlib.util.module_from_spec(spec)
        sys.modules[module_name] = module
    
        try:
            spec.loader.exec_module(module)
        except Exception as e:
            if module_name in sys.modules:
                del sys.modules[module_name]
>           raise ImportError(f"Failed to load contract: {e}") from e
E           ImportError: Failed to load contract: closing parenthesis '}' does not match opening parenthesis '[' (evidence_independence_matrix.py, line 551)

/tmp/eim-phase3-env/lib/python3.12/site-packages/gltest/direct/loader.py:315: ImportError
__ ERROR at setup of test_unsupported_source_never_enters_relevant[response1] __

contract_path = PosixPath('/workspace/scratch/6ad74b9a2f71/evidence-independence-matrix/contracts/evidence_independence_matrix.py')

    def _load_module(contract_path: Path) -> Any:
        """Load a Python module from file path."""
        module_name = f"_contract_{contract_path.stem}"
    
        if module_name in sys.modules:
            del sys.modules[module_name]
    
        spec = importlib.util.spec_from_file_location(module_name, contract_path)
        if spec is None or spec.loader is None:
            raise ImportError(f"Cannot load module from {contract_path}")
    
        module = importlib.util.module_from_spec(spec)
        sys.modules[module_name] = module
    
        try:
>           spec.loader.exec_module(module)
E             File "/workspace/scratch/6ad74b9a2f71/evidence-independence-matrix/contracts/evidence_independence_matrix.py", line 551
E               "relations": [p["relation"] for p in candidate["pairs"]}),
E                                                                      ^
E           SyntaxError: closing parenthesis '}' does not match opening parenthesis '['

/tmp/eim-phase3-env/lib/python3.12/site-packages/gltest/direct/loader.py:311: SyntaxError

The above exception was the direct cause of the following exception:

    @pytest.fixture(scope="session")
    def eim():
        archive = download_artifacts("v0.2.16")
        with archive.open("rb") as stream:
            assert hashlib.file_digest(stream, "sha256").hexdigest() == ARTIFACT_SHA256
        vm = VMContext()
        vm._sender = bytes.fromhex("ab" * 20)
        vm._contract_address = bytes.fromhex("cd" * 20)
        vm._chain_id = 61999
>       cls = load_contract_class(ROOT / "contracts/evidence_independence_matrix.py", vm, sdk_version="v0.2.16")
              ^^^^^^^^^^^^^^^^^^^^^^^^^^^^^^^^^^^^^^^^^^^^^^^^^^^^^^^^^^^^^^^^^^^^^^^^^^^^^^^^^^^^^^^^^^^^^^^^^^

tests/conftest.py:21: 
_ _ _ _ _ _ _ _ _ _ _ _ _ _ _ _ _ _ _ _ _ _ _ _ _ _ _ _ _ _ _ _ _ _ _ _ _ _ _ _ 
/tmp/eim-phase3-env/lib/python3.12/site-packages/gltest/direct/loader.py:57: in load_contract_class
    module = _load_module(contract_path)
             ^^^^^^^^^^^^^^^^^^^^^^^^^^^
_ _ _ _ _ _ _ _ _ _ _ _ _ _ _ _ _ _ _ _ _ _ _ _ _ _ _ _ _ _ _ _ _ _ _ _ _ _ _ _ 

contract_path = PosixPath('/workspace/scratch/6ad74b9a2f71/evidence-independence-matrix/contracts/evidence_independence_matrix.py')

    def _load_module(contract_path: Path) -> Any:
        """Load a Python module from file path."""
        module_name = f"_contract_{contract_path.stem}"
    
        if module_name in sys.modules:
            del sys.modules[module_name]
    
        spec = importlib.util.spec_from_file_location(module_name, contract_path)
        if spec is None or spec.loader is None:
            raise ImportError(f"Cannot load module from {contract_path}")
    
        module = importlib.util.module_from_spec(spec)
        sys.modules[module_name] = module
    
        try:
            spec.loader.exec_module(module)
        except Exception as e:
            if module_name in sys.modules:
                del sys.modules[module_name]
>           raise ImportError(f"Failed to load contract: {e}") from e
E           ImportError: Failed to load contract: closing parenthesis '}' does not match opening parenthesis '[' (evidence_independence_matrix.py, line 551)

/tmp/eim-phase3-env/lib/python3.12/site-packages/gltest/direct/loader.py:315: ImportError
__ ERROR at setup of test_unsupported_source_never_enters_relevant[response2] __

contract_path = PosixPath('/workspace/scratch/6ad74b9a2f71/evidence-independence-matrix/contracts/evidence_independence_matrix.py')

    def _load_module(contract_path: Path) -> Any:
        """Load a Python module from file path."""
        module_name = f"_contract_{contract_path.stem}"
    
        if module_name in sys.modules:
            del sys.modules[module_name]
    
        spec = importlib.util.spec_from_file_location(module_name, contract_path)
        if spec is None or spec.loader is None:
            raise ImportError(f"Cannot load module from {contract_path}")
    
        module = importlib.util.module_from_spec(spec)
        sys.modules[module_name] = module
    
        try:
>           spec.loader.exec_module(module)
E             File "/workspace/scratch/6ad74b9a2f71/evidence-independence-matrix/contracts/evidence_independence_matrix.py", line 551
E               "relations": [p["relation"] for p in candidate["pairs"]}),
E                                                                      ^
E           SyntaxError: closing parenthesis '}' does not match opening parenthesis '['

/tmp/eim-phase3-env/lib/python3.12/site-packages/gltest/direct/loader.py:311: SyntaxError

The above exception was the direct cause of the following exception:

    @pytest.fixture(scope="session")
    def eim():
        archive = download_artifacts("v0.2.16")
        with archive.open("rb") as stream:
            assert hashlib.file_digest(stream, "sha256").hexdigest() == ARTIFACT_SHA256
        vm = VMContext()
        vm._sender = bytes.fromhex("ab" * 20)
        vm._contract_address = bytes.fromhex("cd" * 20)
        vm._chain_id = 61999
>       cls = load_contract_class(ROOT / "contracts/evidence_independence_matrix.py", vm, sdk_version="v0.2.16")
              ^^^^^^^^^^^^^^^^^^^^^^^^^^^^^^^^^^^^^^^^^^^^^^^^^^^^^^^^^^^^^^^^^^^^^^^^^^^^^^^^^^^^^^^^^^^^^^^^^^

tests/conftest.py:21: 
_ _ _ _ _ _ _ _ _ _ _ _ _ _ _ _ _ _ _ _ _ _ _ _ _ _ _ _ _ _ _ _ _ _ _ _ _ _ _ _ 
/tmp/eim-phase3-env/lib/python3.12/site-packages/gltest/direct/loader.py:57: in load_contract_class
    module = _load_module(contract_path)
             ^^^^^^^^^^^^^^^^^^^^^^^^^^^
_ _ _ _ _ _ _ _ _ _ _ _ _ _ _ _ _ _ _ _ _ _ _ _ _ _ _ _ _ _ _ _ _ _ _ _ _ _ _ _ 

contract_path = PosixPath('/workspace/scratch/6ad74b9a2f71/evidence-independence-matrix/contracts/evidence_independence_matrix.py')

    def _load_module(contract_path: Path) -> Any:
        """Load a Python module from file path."""
        module_name = f"_contract_{contract_path.stem}"
    
        if module_name in sys.modules:
            del sys.modules[module_name]
    
        spec = importlib.util.spec_from_file_location(module_name, contract_path)
        if spec is None or spec.loader is None:
            raise ImportError(f"Cannot load module from {contract_path}")
    
        module = importlib.util.module_from_spec(spec)
        sys.modules[module_name] = module
    
        try:
            spec.loader.exec_module(module)
        except Exception as e:
            if module_name in sys.modules:
                del sys.modules[module_name]
>           raise ImportError(f"Failed to load contract: {e}") from e
E           ImportError: Failed to load contract: closing parenthesis '}' does not match opening parenthesis '[' (evidence_independence_matrix.py, line 551)

/tmp/eim-phase3-env/lib/python3.12/site-packages/gltest/direct/loader.py:315: ImportError
__ ERROR at setup of test_unsupported_source_never_enters_relevant[response3] __

contract_path = PosixPath('/workspace/scratch/6ad74b9a2f71/evidence-independence-matrix/contracts/evidence_independence_matrix.py')

    def _load_module(contract_path: Path) -> Any:
        """Load a Python module from file path."""
        module_name = f"_contract_{contract_path.stem}"
    
        if module_name in sys.modules:
            del sys.modules[module_name]
    
        spec = importlib.util.spec_from_file_location(module_name, contract_path)
        if spec is None or spec.loader is None:
            raise ImportError(f"Cannot load module from {contract_path}")
    
        module = importlib.util.module_from_spec(spec)
        sys.modules[module_name] = module
    
        try:
>           spec.loader.exec_module(module)
E             File "/workspace/scratch/6ad74b9a2f71/evidence-independence-matrix/contracts/evidence_independence_matrix.py", line 551
E               "relations": [p["relation"] for p in candidate["pairs"]}),
E                                                                      ^
E           SyntaxError: closing parenthesis '}' does not match opening parenthesis '['

/tmp/eim-phase3-env/lib/python3.12/site-packages/gltest/direct/loader.py:311: SyntaxError

The above exception was the direct cause of the following exception:

    @pytest.fixture(scope="session")
    def eim():
        archive = download_artifacts("v0.2.16")
        with archive.open("rb") as stream:
            assert hashlib.file_digest(stream, "sha256").hexdigest() == ARTIFACT_SHA256
        vm = VMContext()
        vm._sender = bytes.fromhex("ab" * 20)
        vm._contract_address = bytes.fromhex("cd" * 20)
        vm._chain_id = 61999
>       cls = load_contract_class(ROOT / "contracts/evidence_independence_matrix.py", vm, sdk_version="v0.2.16")
              ^^^^^^^^^^^^^^^^^^^^^^^^^^^^^^^^^^^^^^^^^^^^^^^^^^^^^^^^^^^^^^^^^^^^^^^^^^^^^^^^^^^^^^^^^^^^^^^^^^

tests/conftest.py:21: 
_ _ _ _ _ _ _ _ _ _ _ _ _ _ _ _ _ _ _ _ _ _ _ _ _ _ _ _ _ _ _ _ _ _ _ _ _ _ _ _ 
/tmp/eim-phase3-env/lib/python3.12/site-packages/gltest/direct/loader.py:57: in load_contract_class
    module = _load_module(contract_path)
             ^^^^^^^^^^^^^^^^^^^^^^^^^^^
_ _ _ _ _ _ _ _ _ _ _ _ _ _ _ _ _ _ _ _ _ _ _ _ _ _ _ _ _ _ _ _ _ _ _ _ _ _ _ _ 

contract_path = PosixPath('/workspace/scratch/6ad74b9a2f71/evidence-independence-matrix/contracts/evidence_independence_matrix.py')

    def _load_module(contract_path: Path) -> Any:
        """Load a Python module from file path."""
        module_name = f"_contract_{contract_path.stem}"
    
        if module_name in sys.modules:
            del sys.modules[module_name]
    
        spec = importlib.util.spec_from_file_location(module_name, contract_path)
        if spec is None or spec.loader is None:
            raise ImportError(f"Cannot load module from {contract_path}")
    
        module = importlib.util.module_from_spec(spec)
        sys.modules[module_name] = module
    
        try:
            spec.loader.exec_module(module)
        except Exception as e:
            if module_name in sys.modules:
                del sys.modules[module_name]
>           raise ImportError(f"Failed to load contract: {e}") from e
E           ImportError: Failed to load contract: closing parenthesis '}' does not match opening parenthesis '[' (evidence_independence_matrix.py, line 551)

/tmp/eim-phase3-env/lib/python3.12/site-packages/gltest/direct/loader.py:315: ImportError
__ ERROR at setup of test_unsupported_source_never_enters_relevant[response4] __

contract_path = PosixPath('/workspace/scratch/6ad74b9a2f71/evidence-independence-matrix/contracts/evidence_independence_matrix.py')

    def _load_module(contract_path: Path) -> Any:
        """Load a Python module from file path."""
        module_name = f"_contract_{contract_path.stem}"
    
        if module_name in sys.modules:
            del sys.modules[module_name]
    
        spec = importlib.util.spec_from_file_location(module_name, contract_path)
        if spec is None or spec.loader is None:
            raise ImportError(f"Cannot load module from {contract_path}")
    
        module = importlib.util.module_from_spec(spec)
        sys.modules[module_name] = module
    
        try:
>           spec.loader.exec_module(module)
E             File "/workspace/scratch/6ad74b9a2f71/evidence-independence-matrix/contracts/evidence_independence_matrix.py", line 551
E               "relations": [p["relation"] for p in candidate["pairs"]}),
E                                                                      ^
E           SyntaxError: closing parenthesis '}' does not match opening parenthesis '['

/tmp/eim-phase3-env/lib/python3.12/site-packages/gltest/direct/loader.py:311: SyntaxError

The above exception was the direct cause of the following exception:

    @pytest.fixture(scope="session")
    def eim():
        archive = download_artifacts("v0.2.16")
        with archive.open("rb") as stream:
            assert hashlib.file_digest(stream, "sha256").hexdigest() == ARTIFACT_SHA256
        vm = VMContext()
        vm._sender = bytes.fromhex("ab" * 20)
        vm._contract_address = bytes.fromhex("cd" * 20)
        vm._chain_id = 61999
>       cls = load_contract_class(ROOT / "contracts/evidence_independence_matrix.py", vm, sdk_version="v0.2.16")
              ^^^^^^^^^^^^^^^^^^^^^^^^^^^^^^^^^^^^^^^^^^^^^^^^^^^^^^^^^^^^^^^^^^^^^^^^^^^^^^^^^^^^^^^^^^^^^^^^^^

tests/conftest.py:21: 
_ _ _ _ _ _ _ _ _ _ _ _ _ _ _ _ _ _ _ _ _ _ _ _ _ _ _ _ _ _ _ _ _ _ _ _ _ _ _ _ 
/tmp/eim-phase3-env/lib/python3.12/site-packages/gltest/direct/loader.py:57: in load_contract_class
    module = _load_module(contract_path)
             ^^^^^^^^^^^^^^^^^^^^^^^^^^^
_ _ _ _ _ _ _ _ _ _ _ _ _ _ _ _ _ _ _ _ _ _ _ _ _ _ _ _ _ _ _ _ _ _ _ _ _ _ _ _ 

contract_path = PosixPath('/workspace/scratch/6ad74b9a2f71/evidence-independence-matrix/contracts/evidence_independence_matrix.py')

    def _load_module(contract_path: Path) -> Any:
        """Load a Python module from file path."""
        module_name = f"_contract_{contract_path.stem}"
    
        if module_name in sys.modules:
            del sys.modules[module_name]
    
        spec = importlib.util.spec_from_file_location(module_name, contract_path)
        if spec is None or spec.loader is None:
            raise ImportError(f"Cannot load module from {contract_path}")
    
        module = importlib.util.module_from_spec(spec)
        sys.modules[module_name] = module
    
        try:
            spec.loader.exec_module(module)
        except Exception as e:
            if module_name in sys.modules:
                del sys.modules[module_name]
>           raise ImportError(f"Failed to load contract: {e}") from e
E           ImportError: Failed to load contract: closing parenthesis '}' does not match opening parenthesis '[' (evidence_independence_matrix.py, line 551)

/tmp/eim-phase3-env/lib/python3.12/site-packages/gltest/direct/loader.py:315: ImportError
__ ERROR at setup of test_unsupported_source_never_enters_relevant[response5] __

contract_path = PosixPath('/workspace/scratch/6ad74b9a2f71/evidence-independence-matrix/contracts/evidence_independence_matrix.py')

    def _load_module(contract_path: Path) -> Any:
        """Load a Python module from file path."""
        module_name = f"_contract_{contract_path.stem}"
    
        if module_name in sys.modules:
            del sys.modules[module_name]
    
        spec = importlib.util.spec_from_file_location(module_name, contract_path)
        if spec is None or spec.loader is None:
            raise ImportError(f"Cannot load module from {contract_path}")
    
        module = importlib.util.module_from_spec(spec)
        sys.modules[module_name] = module
    
        try:
>           spec.loader.exec_module(module)
E             File "/workspace/scratch/6ad74b9a2f71/evidence-independence-matrix/contracts/evidence_independence_matrix.py", line 551
E               "relations": [p["relation"] for p in candidate["pairs"]}),
E                                                                      ^
E           SyntaxError: closing parenthesis '}' does not match opening parenthesis '['

/tmp/eim-phase3-env/lib/python3.12/site-packages/gltest/direct/loader.py:311: SyntaxError

The above exception was the direct cause of the following exception:

    @pytest.fixture(scope="session")
    def eim():
        archive = download_artifacts("v0.2.16")
        with archive.open("rb") as stream:
            assert hashlib.file_digest(stream, "sha256").hexdigest() == ARTIFACT_SHA256
        vm = VMContext()
        vm._sender = bytes.fromhex("ab" * 20)
        vm._contract_address = bytes.fromhex("cd" * 20)
        vm._chain_id = 61999
>       cls = load_contract_class(ROOT / "contracts/evidence_independence_matrix.py", vm, sdk_version="v0.2.16")
              ^^^^^^^^^^^^^^^^^^^^^^^^^^^^^^^^^^^^^^^^^^^^^^^^^^^^^^^^^^^^^^^^^^^^^^^^^^^^^^^^^^^^^^^^^^^^^^^^^^

tests/conftest.py:21: 
_ _ _ _ _ _ _ _ _ _ _ _ _ _ _ _ _ _ _ _ _ _ _ _ _ _ _ _ _ _ _ _ _ _ _ _ _ _ _ _ 
/tmp/eim-phase3-env/lib/python3.12/site-packages/gltest/direct/loader.py:57: in load_contract_class
    module = _load_module(contract_path)
             ^^^^^^^^^^^^^^^^^^^^^^^^^^^
_ _ _ _ _ _ _ _ _ _ _ _ _ _ _ _ _ _ _ _ _ _ _ _ _ _ _ _ _ _ _ _ _ _ _ _ _ _ _ _ 

contract_path = PosixPath('/workspace/scratch/6ad74b9a2f71/evidence-independence-matrix/contracts/evidence_independence_matrix.py')

    def _load_module(contract_path: Path) -> Any:
        """Load a Python module from file path."""
        module_name = f"_contract_{contract_path.stem}"
    
        if module_name in sys.modules:
            del sys.modules[module_name]
    
        spec = importlib.util.spec_from_file_location(module_name, contract_path)
        if spec is None or spec.loader is None:
            raise ImportError(f"Cannot load module from {contract_path}")
    
        module = importlib.util.module_from_spec(spec)
        sys.modules[module_name] = module
    
        try:
            spec.loader.exec_module(module)
        except Exception as e:
            if module_name in sys.modules:
                del sys.modules[module_name]
>           raise ImportError(f"Failed to load contract: {e}") from e
E           ImportError: Failed to load contract: closing parenthesis '}' does not match opening parenthesis '[' (evidence_independence_matrix.py, line 551)

/tmp/eim-phase3-env/lib/python3.12/site-packages/gltest/direct/loader.py:315: ImportError
__ ERROR at setup of test_unsupported_source_never_enters_relevant[response6] __

contract_path = PosixPath('/workspace/scratch/6ad74b9a2f71/evidence-independence-matrix/contracts/evidence_independence_matrix.py')

    def _load_module(contract_path: Path) -> Any:
        """Load a Python module from file path."""
        module_name = f"_contract_{contract_path.stem}"
    
        if module_name in sys.modules:
            del sys.modules[module_name]
    
        spec = importlib.util.spec_from_file_location(module_name, contract_path)
        if spec is None or spec.loader is None:
            raise ImportError(f"Cannot load module from {contract_path}")
    
        module = importlib.util.module_from_spec(spec)
        sys.modules[module_name] = module
    
        try:
>           spec.loader.exec_module(module)
E             File "/workspace/scratch/6ad74b9a2f71/evidence-independence-matrix/contracts/evidence_independence_matrix.py", line 551
E               "relations": [p["relation"] for p in candidate["pairs"]}),
E                                                                      ^
E           SyntaxError: closing parenthesis '}' does not match opening parenthesis '['

/tmp/eim-phase3-env/lib/python3.12/site-packages/gltest/direct/loader.py:311: SyntaxError

The above exception was the direct cause of the following exception:

    @pytest.fixture(scope="session")
    def eim():
        archive = download_artifacts("v0.2.16")
        with archive.open("rb") as stream:
            assert hashlib.file_digest(stream, "sha256").hexdigest() == ARTIFACT_SHA256
        vm = VMContext()
        vm._sender = bytes.fromhex("ab" * 20)
        vm._contract_address = bytes.fromhex("cd" * 20)
        vm._chain_id = 61999
>       cls = load_contract_class(ROOT / "contracts/evidence_independence_matrix.py", vm, sdk_version="v0.2.16")
              ^^^^^^^^^^^^^^^^^^^^^^^^^^^^^^^^^^^^^^^^^^^^^^^^^^^^^^^^^^^^^^^^^^^^^^^^^^^^^^^^^^^^^^^^^^^^^^^^^^

tests/conftest.py:21: 
_ _ _ _ _ _ _ _ _ _ _ _ _ _ _ _ _ _ _ _ _ _ _ _ _ _ _ _ _ _ _ _ _ _ _ _ _ _ _ _ 
/tmp/eim-phase3-env/lib/python3.12/site-packages/gltest/direct/loader.py:57: in load_contract_class
    module = _load_module(contract_path)
             ^^^^^^^^^^^^^^^^^^^^^^^^^^^
_ _ _ _ _ _ _ _ _ _ _ _ _ _ _ _ _ _ _ _ _ _ _ _ _ _ _ _ _ _ _ _ _ _ _ _ _ _ _ _ 

contract_path = PosixPath('/workspace/scratch/6ad74b9a2f71/evidence-independence-matrix/contracts/evidence_independence_matrix.py')

    def _load_module(contract_path: Path) -> Any:
        """Load a Python module from file path."""
        module_name = f"_contract_{contract_path.stem}"
    
        if module_name in sys.modules:
            del sys.modules[module_name]
    
        spec = importlib.util.spec_from_file_location(module_name, contract_path)
        if spec is None or spec.loader is None:
            raise ImportError(f"Cannot load module from {contract_path}")
    
        module = importlib.util.module_from_spec(spec)
        sys.modules[module_name] = module
    
        try:
            spec.loader.exec_module(module)
        except Exception as e:
            if module_name in sys.modules:
                del sys.modules[module_name]
>           raise ImportError(f"Failed to load contract: {e}") from e
E           ImportError: Failed to load contract: closing parenthesis '}' does not match opening parenthesis '[' (evidence_independence_matrix.py, line 551)

/tmp/eim-phase3-env/lib/python3.12/site-packages/gltest/direct/loader.py:315: ImportError
__ ERROR at setup of test_unsupported_source_never_enters_relevant[response7] __

contract_path = PosixPath('/workspace/scratch/6ad74b9a2f71/evidence-independence-matrix/contracts/evidence_independence_matrix.py')

    def _load_module(contract_path: Path) -> Any:
        """Load a Python module from file path."""
        module_name = f"_contract_{contract_path.stem}"
    
        if module_name in sys.modules:
            del sys.modules[module_name]
    
        spec = importlib.util.spec_from_file_location(module_name, contract_path)
        if spec is None or spec.loader is None:
            raise ImportError(f"Cannot load module from {contract_path}")
    
        module = importlib.util.module_from_spec(spec)
        sys.modules[module_name] = module
    
        try:
>           spec.loader.exec_module(module)
E             File "/workspace/scratch/6ad74b9a2f71/evidence-independence-matrix/contracts/evidence_independence_matrix.py", line 551
E               "relations": [p["relation"] for p in candidate["pairs"]}),
E                                                                      ^
E           SyntaxError: closing parenthesis '}' does not match opening parenthesis '['

/tmp/eim-phase3-env/lib/python3.12/site-packages/gltest/direct/loader.py:311: SyntaxError

The above exception was the direct cause of the following exception:

    @pytest.fixture(scope="session")
    def eim():
        archive = download_artifacts("v0.2.16")
        with archive.open("rb") as stream:
            assert hashlib.file_digest(stream, "sha256").hexdigest() == ARTIFACT_SHA256
        vm = VMContext()
        vm._sender = bytes.fromhex("ab" * 20)
        vm._contract_address = bytes.fromhex("cd" * 20)
        vm._chain_id = 61999
>       cls = load_contract_class(ROOT / "contracts/evidence_independence_matrix.py", vm, sdk_version="v0.2.16")
              ^^^^^^^^^^^^^^^^^^^^^^^^^^^^^^^^^^^^^^^^^^^^^^^^^^^^^^^^^^^^^^^^^^^^^^^^^^^^^^^^^^^^^^^^^^^^^^^^^^

tests/conftest.py:21: 
_ _ _ _ _ _ _ _ _ _ _ _ _ _ _ _ _ _ _ _ _ _ _ _ _ _ _ _ _ _ _ _ _ _ _ _ _ _ _ _ 
/tmp/eim-phase3-env/lib/python3.12/site-packages/gltest/direct/loader.py:57: in load_contract_class
    module = _load_module(contract_path)
             ^^^^^^^^^^^^^^^^^^^^^^^^^^^
_ _ _ _ _ _ _ _ _ _ _ _ _ _ _ _ _ _ _ _ _ _ _ _ _ _ _ _ _ _ _ _ _ _ _ _ _ _ _ _ 

contract_path = PosixPath('/workspace/scratch/6ad74b9a2f71/evidence-independence-matrix/contracts/evidence_independence_matrix.py')

    def _load_module(contract_path: Path) -> Any:
        """Load a Python module from file path."""
        module_name = f"_contract_{contract_path.stem}"
    
        if module_name in sys.modules:
            del sys.modules[module_name]
    
        spec = importlib.util.spec_from_file_location(module_name, contract_path)
        if spec is None or spec.loader is None:
            raise ImportError(f"Cannot load module from {contract_path}")
    
        module = importlib.util.module_from_spec(spec)
        sys.modules[module_name] = module
    
        try:
            spec.loader.exec_module(module)
        except Exception as e:
            if module_name in sys.modules:
                del sys.modules[module_name]
>           raise ImportError(f"Failed to load contract: {e}") from e
E           ImportError: Failed to load contract: closing parenthesis '}' does not match opening parenthesis '[' (evidence_independence_matrix.py, line 551)

/tmp/eim-phase3-env/lib/python3.12/site-packages/gltest/direct/loader.py:315: ImportError
__ ERROR at setup of test_unsupported_source_never_enters_relevant[response8] __

contract_path = PosixPath('/workspace/scratch/6ad74b9a2f71/evidence-independence-matrix/contracts/evidence_independence_matrix.py')

    def _load_module(contract_path: Path) -> Any:
        """Load a Python module from file path."""
        module_name = f"_contract_{contract_path.stem}"
    
        if module_name in sys.modules:
            del sys.modules[module_name]
    
        spec = importlib.util.spec_from_file_location(module_name, contract_path)
        if spec is None or spec.loader is None:
            raise ImportError(f"Cannot load module from {contract_path}")
    
        module = importlib.util.module_from_spec(spec)
        sys.modules[module_name] = module
    
        try:
>           spec.loader.exec_module(module)
E             File "/workspace/scratch/6ad74b9a2f71/evidence-independence-matrix/contracts/evidence_independence_matrix.py", line 551
E               "relations": [p["relation"] for p in candidate["pairs"]}),
E                                                                      ^
E           SyntaxError: closing parenthesis '}' does not match opening parenthesis '['

/tmp/eim-phase3-env/lib/python3.12/site-packages/gltest/direct/loader.py:311: SyntaxError

The above exception was the direct cause of the following exception:

    @pytest.fixture(scope="session")
    def eim():
        archive = download_artifacts("v0.2.16")
        with archive.open("rb") as stream:
            assert hashlib.file_digest(stream, "sha256").hexdigest() == ARTIFACT_SHA256
        vm = VMContext()
        vm._sender = bytes.fromhex("ab" * 20)
        vm._contract_address = bytes.fromhex("cd" * 20)
        vm._chain_id = 61999
>       cls = load_contract_class(ROOT / "contracts/evidence_independence_matrix.py", vm, sdk_version="v0.2.16")
              ^^^^^^^^^^^^^^^^^^^^^^^^^^^^^^^^^^^^^^^^^^^^^^^^^^^^^^^^^^^^^^^^^^^^^^^^^^^^^^^^^^^^^^^^^^^^^^^^^^

tests/conftest.py:21: 
_ _ _ _ _ _ _ _ _ _ _ _ _ _ _ _ _ _ _ _ _ _ _ _ _ _ _ _ _ _ _ _ _ _ _ _ _ _ _ _ 
/tmp/eim-phase3-env/lib/python3.12/site-packages/gltest/direct/loader.py:57: in load_contract_class
    module = _load_module(contract_path)
             ^^^^^^^^^^^^^^^^^^^^^^^^^^^
_ _ _ _ _ _ _ _ _ _ _ _ _ _ _ _ _ _ _ _ _ _ _ _ _ _ _ _ _ _ _ _ _ _ _ _ _ _ _ _ 

contract_path = PosixPath('/workspace/scratch/6ad74b9a2f71/evidence-independence-matrix/contracts/evidence_independence_matrix.py')

    def _load_module(contract_path: Path) -> Any:
        """Load a Python module from file path."""
        module_name = f"_contract_{contract_path.stem}"
    
        if module_name in sys.modules:
            del sys.modules[module_name]
    
        spec = importlib.util.spec_from_file_location(module_name, contract_path)
        if spec is None or spec.loader is None:
            raise ImportError(f"Cannot load module from {contract_path}")
    
        module = importlib.util.module_from_spec(spec)
        sys.modules[module_name] = module
    
        try:
            spec.loader.exec_module(module)
        except Exception as e:
            if module_name in sys.modules:
                del sys.modules[module_name]
>           raise ImportError(f"Failed to load contract: {e}") from e
E           ImportError: Failed to load contract: closing parenthesis '}' does not match opening parenthesis '[' (evidence_independence_matrix.py, line 551)

/tmp/eim-phase3-env/lib/python3.12/site-packages/gltest/direct/loader.py:315: ImportError
__ ERROR at setup of test_unsupported_source_never_enters_relevant[response9] __

contract_path = PosixPath('/workspace/scratch/6ad74b9a2f71/evidence-independence-matrix/contracts/evidence_independence_matrix.py')

    def _load_module(contract_path: Path) -> Any:
        """Load a Python module from file path."""
        module_name = f"_contract_{contract_path.stem}"
    
        if module_name in sys.modules:
            del sys.modules[module_name]
    
        spec = importlib.util.spec_from_file_location(module_name, contract_path)
        if spec is None or spec.loader is None:
            raise ImportError(f"Cannot load module from {contract_path}")
    
        module = importlib.util.module_from_spec(spec)
        sys.modules[module_name] = module
    
        try:
>           spec.loader.exec_module(module)
E             File "/workspace/scratch/6ad74b9a2f71/evidence-independence-matrix/contracts/evidence_independence_matrix.py", line 551
E               "relations": [p["relation"] for p in candidate["pairs"]}),
E                                                                      ^
E           SyntaxError: closing parenthesis '}' does not match opening parenthesis '['

/tmp/eim-phase3-env/lib/python3.12/site-packages/gltest/direct/loader.py:311: SyntaxError

The above exception was the direct cause of the following exception:

    @pytest.fixture(scope="session")
    def eim():
        archive = download_artifacts("v0.2.16")
        with archive.open("rb") as stream:
            assert hashlib.file_digest(stream, "sha256").hexdigest() == ARTIFACT_SHA256
        vm = VMContext()
        vm._sender = bytes.fromhex("ab" * 20)
        vm._contract_address = bytes.fromhex("cd" * 20)
        vm._chain_id = 61999
>       cls = load_contract_class(ROOT / "contracts/evidence_independence_matrix.py", vm, sdk_version="v0.2.16")
              ^^^^^^^^^^^^^^^^^^^^^^^^^^^^^^^^^^^^^^^^^^^^^^^^^^^^^^^^^^^^^^^^^^^^^^^^^^^^^^^^^^^^^^^^^^^^^^^^^^

tests/conftest.py:21: 
_ _ _ _ _ _ _ _ _ _ _ _ _ _ _ _ _ _ _ _ _ _ _ _ _ _ _ _ _ _ _ _ _ _ _ _ _ _ _ _ 
/tmp/eim-phase3-env/lib/python3.12/site-packages/gltest/direct/loader.py:57: in load_contract_class
    module = _load_module(contract_path)
             ^^^^^^^^^^^^^^^^^^^^^^^^^^^
_ _ _ _ _ _ _ _ _ _ _ _ _ _ _ _ _ _ _ _ _ _ _ _ _ _ _ _ _ _ _ _ _ _ _ _ _ _ _ _ 

contract_path = PosixPath('/workspace/scratch/6ad74b9a2f71/evidence-independence-matrix/contracts/evidence_independence_matrix.py')

    def _load_module(contract_path: Path) -> Any:
        """Load a Python module from file path."""
        module_name = f"_contract_{contract_path.stem}"
    
        if module_name in sys.modules:
            del sys.modules[module_name]
    
        spec = importlib.util.spec_from_file_location(module_name, contract_path)
        if spec is None or spec.loader is None:
            raise ImportError(f"Cannot load module from {contract_path}")
    
        module = importlib.util.module_from_spec(spec)
        sys.modules[module_name] = module
    
        try:
            spec.loader.exec_module(module)
        except Exception as e:
            if module_name in sys.modules:
                del sys.modules[module_name]
>           raise ImportError(f"Failed to load contract: {e}") from e
E           ImportError: Failed to load contract: closing parenthesis '}' does not match opening parenthesis '[' (evidence_independence_matrix.py, line 551)

/tmp/eim-phase3-env/lib/python3.12/site-packages/gltest/direct/loader.py:315: ImportError
_ ERROR at setup of test_unsupported_source_never_enters_relevant[response10] __

contract_path = PosixPath('/workspace/scratch/6ad74b9a2f71/evidence-independence-matrix/contracts/evidence_independence_matrix.py')

    def _load_module(contract_path: Path) -> Any:
        """Load a Python module from file path."""
        module_name = f"_contract_{contract_path.stem}"
    
        if module_name in sys.modules:
            del sys.modules[module_name]
    
        spec = importlib.util.spec_from_file_location(module_name, contract_path)
        if spec is None or spec.loader is None:
            raise ImportError(f"Cannot load module from {contract_path}")
    
        module = importlib.util.module_from_spec(spec)
        sys.modules[module_name] = module
    
        try:
>           spec.loader.exec_module(module)
E             File "/workspace/scratch/6ad74b9a2f71/evidence-independence-matrix/contracts/evidence_independence_matrix.py", line 551
E               "relations": [p["relation"] for p in candidate["pairs"]}),
E                                                                      ^
E           SyntaxError: closing parenthesis '}' does not match opening parenthesis '['

/tmp/eim-phase3-env/lib/python3.12/site-packages/gltest/direct/loader.py:311: SyntaxError

The above exception was the direct cause of the following exception:

    @pytest.fixture(scope="session")
    def eim():
        archive = download_artifacts("v0.2.16")
        with archive.open("rb") as stream:
            assert hashlib.file_digest(stream, "sha256").hexdigest() == ARTIFACT_SHA256
        vm = VMContext()
        vm._sender = bytes.fromhex("ab" * 20)
        vm._contract_address = bytes.fromhex("cd" * 20)
        vm._chain_id = 61999
>       cls = load_contract_class(ROOT / "contracts/evidence_independence_matrix.py", vm, sdk_version="v0.2.16")
              ^^^^^^^^^^^^^^^^^^^^^^^^^^^^^^^^^^^^^^^^^^^^^^^^^^^^^^^^^^^^^^^^^^^^^^^^^^^^^^^^^^^^^^^^^^^^^^^^^^

tests/conftest.py:21: 
_ _ _ _ _ _ _ _ _ _ _ _ _ _ _ _ _ _ _ _ _ _ _ _ _ _ _ _ _ _ _ _ _ _ _ _ _ _ _ _ 
/tmp/eim-phase3-env/lib/python3.12/site-packages/gltest/direct/loader.py:57: in load_contract_class
    module = _load_module(contract_path)
             ^^^^^^^^^^^^^^^^^^^^^^^^^^^
_ _ _ _ _ _ _ _ _ _ _ _ _ _ _ _ _ _ _ _ _ _ _ _ _ _ _ _ _ _ _ _ _ _ _ _ _ _ _ _ 

contract_path = PosixPath('/workspace/scratch/6ad74b9a2f71/evidence-independence-matrix/contracts/evidence_independence_matrix.py')

    def _load_module(contract_path: Path) -> Any:
        """Load a Python module from file path."""
        module_name = f"_contract_{contract_path.stem}"
    
        if module_name in sys.modules:
            del sys.modules[module_name]
    
        spec = importlib.util.spec_from_file_location(module_name, contract_path)
        if spec is None or spec.loader is None:
            raise ImportError(f"Cannot load module from {contract_path}")
    
        module = importlib.util.module_from_spec(spec)
        sys.modules[module_name] = module
    
        try:
            spec.loader.exec_module(module)
        except Exception as e:
            if module_name in sys.modules:
                del sys.modules[module_name]
>           raise ImportError(f"Failed to load contract: {e}") from e
E           ImportError: Failed to load contract: closing parenthesis '}' does not match opening parenthesis '[' (evidence_independence_matrix.py, line 551)

/tmp/eim-phase3-env/lib/python3.12/site-packages/gltest/direct/loader.py:315: ImportError
_ ERROR at setup of test_unsupported_source_never_enters_relevant[response11] __

contract_path = PosixPath('/workspace/scratch/6ad74b9a2f71/evidence-independence-matrix/contracts/evidence_independence_matrix.py')

    def _load_module(contract_path: Path) -> Any:
        """Load a Python module from file path."""
        module_name = f"_contract_{contract_path.stem}"
    
        if module_name in sys.modules:
            del sys.modules[module_name]
    
        spec = importlib.util.spec_from_file_location(module_name, contract_path)
        if spec is None or spec.loader is None:
            raise ImportError(f"Cannot load module from {contract_path}")
    
        module = importlib.util.module_from_spec(spec)
        sys.modules[module_name] = module
    
        try:
>           spec.loader.exec_module(module)
E             File "/workspace/scratch/6ad74b9a2f71/evidence-independence-matrix/contracts/evidence_independence_matrix.py", line 551
E               "relations": [p["relation"] for p in candidate["pairs"]}),
E                                                                      ^
E           SyntaxError: closing parenthesis '}' does not match opening parenthesis '['

/tmp/eim-phase3-env/lib/python3.12/site-packages/gltest/direct/loader.py:311: SyntaxError

The above exception was the direct cause of the following exception:

    @pytest.fixture(scope="session")
    def eim():
        archive = download_artifacts("v0.2.16")
        with archive.open("rb") as stream:
            assert hashlib.file_digest(stream, "sha256").hexdigest() == ARTIFACT_SHA256
        vm = VMContext()
        vm._sender = bytes.fromhex("ab" * 20)
        vm._contract_address = bytes.fromhex("cd" * 20)
        vm._chain_id = 61999
>       cls = load_contract_class(ROOT / "contracts/evidence_independence_matrix.py", vm, sdk_version="v0.2.16")
              ^^^^^^^^^^^^^^^^^^^^^^^^^^^^^^^^^^^^^^^^^^^^^^^^^^^^^^^^^^^^^^^^^^^^^^^^^^^^^^^^^^^^^^^^^^^^^^^^^^

tests/conftest.py:21: 
_ _ _ _ _ _ _ _ _ _ _ _ _ _ _ _ _ _ _ _ _ _ _ _ _ _ _ _ _ _ _ _ _ _ _ _ _ _ _ _ 
/tmp/eim-phase3-env/lib/python3.12/site-packages/gltest/direct/loader.py:57: in load_contract_class
    module = _load_module(contract_path)
             ^^^^^^^^^^^^^^^^^^^^^^^^^^^
_ _ _ _ _ _ _ _ _ _ _ _ _ _ _ _ _ _ _ _ _ _ _ _ _ _ _ _ _ _ _ _ _ _ _ _ _ _ _ _ 

contract_path = PosixPath('/workspace/scratch/6ad74b9a2f71/evidence-independence-matrix/contracts/evidence_independence_matrix.py')

    def _load_module(contract_path: Path) -> Any:
        """Load a Python module from file path."""
        module_name = f"_contract_{contract_path.stem}"
    
        if module_name in sys.modules:
            del sys.modules[module_name]
    
        spec = importlib.util.spec_from_file_location(module_name, contract_path)
        if spec is None or spec.loader is None:
            raise ImportError(f"Cannot load module from {contract_path}")
    
        module = importlib.util.module_from_spec(spec)
        sys.modules[module_name] = module
    
        try:
            spec.loader.exec_module(module)
        except Exception as e:
            if module_name in sys.modules:
                del sys.modules[module_name]
>           raise ImportError(f"Failed to load contract: {e}") from e
E           ImportError: Failed to load contract: closing parenthesis '}' does not match opening parenthesis '[' (evidence_independence_matrix.py, line 551)

/tmp/eim-phase3-env/lib/python3.12/site-packages/gltest/direct/loader.py:315: ImportError
_ ERROR at setup of test_unsupported_source_never_enters_relevant[response12] __

contract_path = PosixPath('/workspace/scratch/6ad74b9a2f71/evidence-independence-matrix/contracts/evidence_independence_matrix.py')

    def _load_module(contract_path: Path) -> Any:
        """Load a Python module from file path."""
        module_name = f"_contract_{contract_path.stem}"
    
        if module_name in sys.modules:
            del sys.modules[module_name]
    
        spec = importlib.util.spec_from_file_location(module_name, contract_path)
        if spec is None or spec.loader is None:
            raise ImportError(f"Cannot load module from {contract_path}")
    
        module = importlib.util.module_from_spec(spec)
        sys.modules[module_name] = module
    
        try:
>           spec.loader.exec_module(module)
E             File "/workspace/scratch/6ad74b9a2f71/evidence-independence-matrix/contracts/evidence_independence_matrix.py", line 551
E               "relations": [p["relation"] for p in candidate["pairs"]}),
E                                                                      ^
E           SyntaxError: closing parenthesis '}' does not match opening parenthesis '['

/tmp/eim-phase3-env/lib/python3.12/site-packages/gltest/direct/loader.py:311: SyntaxError

The above exception was the direct cause of the following exception:

    @pytest.fixture(scope="session")
    def eim():
        archive = download_artifacts("v0.2.16")
        with archive.open("rb") as stream:
            assert hashlib.file_digest(stream, "sha256").hexdigest() == ARTIFACT_SHA256
        vm = VMContext()
        vm._sender = bytes.fromhex("ab" * 20)
        vm._contract_address = bytes.fromhex("cd" * 20)
        vm._chain_id = 61999
>       cls = load_contract_class(ROOT / "contracts/evidence_independence_matrix.py", vm, sdk_version="v0.2.16")
              ^^^^^^^^^^^^^^^^^^^^^^^^^^^^^^^^^^^^^^^^^^^^^^^^^^^^^^^^^^^^^^^^^^^^^^^^^^^^^^^^^^^^^^^^^^^^^^^^^^

tests/conftest.py:21: 
_ _ _ _ _ _ _ _ _ _ _ _ _ _ _ _ _ _ _ _ _ _ _ _ _ _ _ _ _ _ _ _ _ _ _ _ _ _ _ _ 
/tmp/eim-phase3-env/lib/python3.12/site-packages/gltest/direct/loader.py:57: in load_contract_class
    module = _load_module(contract_path)
             ^^^^^^^^^^^^^^^^^^^^^^^^^^^
_ _ _ _ _ _ _ _ _ _ _ _ _ _ _ _ _ _ _ _ _ _ _ _ _ _ _ _ _ _ _ _ _ _ _ _ _ _ _ _ 

contract_path = PosixPath('/workspace/scratch/6ad74b9a2f71/evidence-independence-matrix/contracts/evidence_independence_matrix.py')

    def _load_module(contract_path: Path) -> Any:
        """Load a Python module from file path."""
        module_name = f"_contract_{contract_path.stem}"
    
        if module_name in sys.modules:
            del sys.modules[module_name]
    
        spec = importlib.util.spec_from_file_location(module_name, contract_path)
        if spec is None or spec.loader is None:
            raise ImportError(f"Cannot load module from {contract_path}")
    
        module = importlib.util.module_from_spec(spec)
        sys.modules[module_name] = module
    
        try:
            spec.loader.exec_module(module)
        except Exception as e:
            if module_name in sys.modules:
                del sys.modules[module_name]
>           raise ImportError(f"Failed to load contract: {e}") from e
E           ImportError: Failed to load contract: closing parenthesis '}' does not match opening parenthesis '[' (evidence_independence_matrix.py, line 551)

/tmp/eim-phase3-env/lib/python3.12/site-packages/gltest/direct/loader.py:315: ImportError
_ ERROR at setup of test_unsupported_source_never_enters_relevant[response13] __

contract_path = PosixPath('/workspace/scratch/6ad74b9a2f71/evidence-independence-matrix/contracts/evidence_independence_matrix.py')

    def _load_module(contract_path: Path) -> Any:
        """Load a Python module from file path."""
        module_name = f"_contract_{contract_path.stem}"
    
        if module_name in sys.modules:
            del sys.modules[module_name]
    
        spec = importlib.util.spec_from_file_location(module_name, contract_path)
        if spec is None or spec.loader is None:
            raise ImportError(f"Cannot load module from {contract_path}")
    
        module = importlib.util.module_from_spec(spec)
        sys.modules[module_name] = module
    
        try:
>           spec.loader.exec_module(module)
E             File "/workspace/scratch/6ad74b9a2f71/evidence-independence-matrix/contracts/evidence_independence_matrix.py", line 551
E               "relations": [p["relation"] for p in candidate["pairs"]}),
E                                                                      ^
E           SyntaxError: closing parenthesis '}' does not match opening parenthesis '['

/tmp/eim-phase3-env/lib/python3.12/site-packages/gltest/direct/loader.py:311: SyntaxError

The above exception was the direct cause of the following exception:

    @pytest.fixture(scope="session")
    def eim():
        archive = download_artifacts("v0.2.16")
        with archive.open("rb") as stream:
            assert hashlib.file_digest(stream, "sha256").hexdigest() == ARTIFACT_SHA256
        vm = VMContext()
        vm._sender = bytes.fromhex("ab" * 20)
        vm._contract_address = bytes.fromhex("cd" * 20)
        vm._chain_id = 61999
>       cls = load_contract_class(ROOT / "contracts/evidence_independence_matrix.py", vm, sdk_version="v0.2.16")
              ^^^^^^^^^^^^^^^^^^^^^^^^^^^^^^^^^^^^^^^^^^^^^^^^^^^^^^^^^^^^^^^^^^^^^^^^^^^^^^^^^^^^^^^^^^^^^^^^^^

tests/conftest.py:21: 
_ _ _ _ _ _ _ _ _ _ _ _ _ _ _ _ _ _ _ _ _ _ _ _ _ _ _ _ _ _ _ _ _ _ _ _ _ _ _ _ 
/tmp/eim-phase3-env/lib/python3.12/site-packages/gltest/direct/loader.py:57: in load_contract_class
    module = _load_module(contract_path)
             ^^^^^^^^^^^^^^^^^^^^^^^^^^^
_ _ _ _ _ _ _ _ _ _ _ _ _ _ _ _ _ _ _ _ _ _ _ _ _ _ _ _ _ _ _ _ _ _ _ _ _ _ _ _ 

contract_path = PosixPath('/workspace/scratch/6ad74b9a2f71/evidence-independence-matrix/contracts/evidence_independence_matrix.py')

    def _load_module(contract_path: Path) -> Any:
        """Load a Python module from file path."""
        module_name = f"_contract_{contract_path.stem}"
    
        if module_name in sys.modules:
            del sys.modules[module_name]
    
        spec = importlib.util.spec_from_file_location(module_name, contract_path)
        if spec is None or spec.loader is None:
            raise ImportError(f"Cannot load module from {contract_path}")
    
        module = importlib.util.module_from_spec(spec)
        sys.modules[module_name] = module
    
        try:
            spec.loader.exec_module(module)
        except Exception as e:
            if module_name in sys.modules:
                del sys.modules[module_name]
>           raise ImportError(f"Failed to load contract: {e}") from e
E           ImportError: Failed to load contract: closing parenthesis '}' does not match opening parenthesis '[' (evidence_independence_matrix.py, line 551)

/tmp/eim-phase3-env/lib/python3.12/site-packages/gltest/direct/loader.py:315: ImportError
____ ERROR at setup of test_normalized_content_equal_and_single_pass_digest ____

contract_path = PosixPath('/workspace/scratch/6ad74b9a2f71/evidence-independence-matrix/contracts/evidence_independence_matrix.py')

    def _load_module(contract_path: Path) -> Any:
        """Load a Python module from file path."""
        module_name = f"_contract_{contract_path.stem}"
    
        if module_name in sys.modules:
            del sys.modules[module_name]
    
        spec = importlib.util.spec_from_file_location(module_name, contract_path)
        if spec is None or spec.loader is None:
            raise ImportError(f"Cannot load module from {contract_path}")
    
        module = importlib.util.module_from_spec(spec)
        sys.modules[module_name] = module
    
        try:
>           spec.loader.exec_module(module)
E             File "/workspace/scratch/6ad74b9a2f71/evidence-independence-matrix/contracts/evidence_independence_matrix.py", line 551
E               "relations": [p["relation"] for p in candidate["pairs"]}),
E                                                                      ^
E           SyntaxError: closing parenthesis '}' does not match opening parenthesis '['

/tmp/eim-phase3-env/lib/python3.12/site-packages/gltest/direct/loader.py:311: SyntaxError

The above exception was the direct cause of the following exception:

    @pytest.fixture(scope="session")
    def eim():
        archive = download_artifacts("v0.2.16")
        with archive.open("rb") as stream:
            assert hashlib.file_digest(stream, "sha256").hexdigest() == ARTIFACT_SHA256
        vm = VMContext()
        vm._sender = bytes.fromhex("ab" * 20)
        vm._contract_address = bytes.fromhex("cd" * 20)
        vm._chain_id = 61999
>       cls = load_contract_class(ROOT / "contracts/evidence_independence_matrix.py", vm, sdk_version="v0.2.16")
              ^^^^^^^^^^^^^^^^^^^^^^^^^^^^^^^^^^^^^^^^^^^^^^^^^^^^^^^^^^^^^^^^^^^^^^^^^^^^^^^^^^^^^^^^^^^^^^^^^^

tests/conftest.py:21: 
_ _ _ _ _ _ _ _ _ _ _ _ _ _ _ _ _ _ _ _ _ _ _ _ _ _ _ _ _ _ _ _ _ _ _ _ _ _ _ _ 
/tmp/eim-phase3-env/lib/python3.12/site-packages/gltest/direct/loader.py:57: in load_contract_class
    module = _load_module(contract_path)
             ^^^^^^^^^^^^^^^^^^^^^^^^^^^
_ _ _ _ _ _ _ _ _ _ _ _ _ _ _ _ _ _ _ _ _ _ _ _ _ _ _ _ _ _ _ _ _ _ _ _ _ _ _ _ 

contract_path = PosixPath('/workspace/scratch/6ad74b9a2f71/evidence-independence-matrix/contracts/evidence_independence_matrix.py')

    def _load_module(contract_path: Path) -> Any:
        """Load a Python module from file path."""
        module_name = f"_contract_{contract_path.stem}"
    
        if module_name in sys.modules:
            del sys.modules[module_name]
    
        spec = importlib.util.spec_from_file_location(module_name, contract_path)
        if spec is None or spec.loader is None:
            raise ImportError(f"Cannot load module from {contract_path}")
    
        module = importlib.util.module_from_spec(spec)
        sys.modules[module_name] = module
    
        try:
            spec.loader.exec_module(module)
        except Exception as e:
            if module_name in sys.modules:
                del sys.modules[module_name]
>           raise ImportError(f"Failed to load contract: {e}") from e
E           ImportError: Failed to load contract: closing parenthesis '}' does not match opening parenthesis '[' (evidence_independence_matrix.py, line 551)

/tmp/eim-phase3-env/lib/python3.12/site-packages/gltest/direct/loader.py:315: ImportError
__________ ERROR at setup of test_body_and_text_exact_limits_accepted __________

contract_path = PosixPath('/workspace/scratch/6ad74b9a2f71/evidence-independence-matrix/contracts/evidence_independence_matrix.py')

    def _load_module(contract_path: Path) -> Any:
        """Load a Python module from file path."""
        module_name = f"_contract_{contract_path.stem}"
    
        if module_name in sys.modules:
            del sys.modules[module_name]
    
        spec = importlib.util.spec_from_file_location(module_name, contract_path)
        if spec is None or spec.loader is None:
            raise ImportError(f"Cannot load module from {contract_path}")
    
        module = importlib.util.module_from_spec(spec)
        sys.modules[module_name] = module
    
        try:
>           spec.loader.exec_module(module)
E             File "/workspace/scratch/6ad74b9a2f71/evidence-independence-matrix/contracts/evidence_independence_matrix.py", line 551
E               "relations": [p["relation"] for p in candidate["pairs"]}),
E                                                                      ^
E           SyntaxError: closing parenthesis '}' does not match opening parenthesis '['

/tmp/eim-phase3-env/lib/python3.12/site-packages/gltest/direct/loader.py:311: SyntaxError

The above exception was the direct cause of the following exception:

    @pytest.fixture(scope="session")
    def eim():
        archive = download_artifacts("v0.2.16")
        with archive.open("rb") as stream:
            assert hashlib.file_digest(stream, "sha256").hexdigest() == ARTIFACT_SHA256
        vm = VMContext()
        vm._sender = bytes.fromhex("ab" * 20)
        vm._contract_address = bytes.fromhex("cd" * 20)
        vm._chain_id = 61999
>       cls = load_contract_class(ROOT / "contracts/evidence_independence_matrix.py", vm, sdk_version="v0.2.16")
              ^^^^^^^^^^^^^^^^^^^^^^^^^^^^^^^^^^^^^^^^^^^^^^^^^^^^^^^^^^^^^^^^^^^^^^^^^^^^^^^^^^^^^^^^^^^^^^^^^^

tests/conftest.py:21: 
_ _ _ _ _ _ _ _ _ _ _ _ _ _ _ _ _ _ _ _ _ _ _ _ _ _ _ _ _ _ _ _ _ _ _ _ _ _ _ _ 
/tmp/eim-phase3-env/lib/python3.12/site-packages/gltest/direct/loader.py:57: in load_contract_class
    module = _load_module(contract_path)
             ^^^^^^^^^^^^^^^^^^^^^^^^^^^
_ _ _ _ _ _ _ _ _ _ _ _ _ _ _ _ _ _ _ _ _ _ _ _ _ _ _ _ _ _ _ _ _ _ _ _ _ _ _ _ 

contract_path = PosixPath('/workspace/scratch/6ad74b9a2f71/evidence-independence-matrix/contracts/evidence_independence_matrix.py')

    def _load_module(contract_path: Path) -> Any:
        """Load a Python module from file path."""
        module_name = f"_contract_{contract_path.stem}"
    
        if module_name in sys.modules:
            del sys.modules[module_name]
    
        spec = importlib.util.spec_from_file_location(module_name, contract_path)
        if spec is None or spec.loader is None:
            raise ImportError(f"Cannot load module from {contract_path}")
    
        module = importlib.util.module_from_spec(spec)
        sys.modules[module_name] = module
    
        try:
            spec.loader.exec_module(module)
        except Exception as e:
            if module_name in sys.modules:
                del sys.modules[module_name]
>           raise ImportError(f"Failed to load contract: {e}") from e
E           ImportError: Failed to load contract: closing parenthesis '}' does not match opening parenthesis '[' (evidence_independence_matrix.py, line 551)

/tmp/eim-phase3-env/lib/python3.12/site-packages/gltest/direct/loader.py:315: ImportError
______ ERROR at setup of test_K_prompt_injection_is_structured_data_only _______

contract_path = PosixPath('/workspace/scratch/6ad74b9a2f71/evidence-independence-matrix/contracts/evidence_independence_matrix.py')

    def _load_module(contract_path: Path) -> Any:
        """Load a Python module from file path."""
        module_name = f"_contract_{contract_path.stem}"
    
        if module_name in sys.modules:
            del sys.modules[module_name]
    
        spec = importlib.util.spec_from_file_location(module_name, contract_path)
        if spec is None or spec.loader is None:
            raise ImportError(f"Cannot load module from {contract_path}")
    
        module = importlib.util.module_from_spec(spec)
        sys.modules[module_name] = module
    
        try:
>           spec.loader.exec_module(module)
E             File "/workspace/scratch/6ad74b9a2f71/evidence-independence-matrix/contracts/evidence_independence_matrix.py", line 551
E               "relations": [p["relation"] for p in candidate["pairs"]}),
E                                                                      ^
E           SyntaxError: closing parenthesis '}' does not match opening parenthesis '['

/tmp/eim-phase3-env/lib/python3.12/site-packages/gltest/direct/loader.py:311: SyntaxError

The above exception was the direct cause of the following exception:

    @pytest.fixture(scope="session")
    def eim():
        archive = download_artifacts("v0.2.16")
        with archive.open("rb") as stream:
            assert hashlib.file_digest(stream, "sha256").hexdigest() == ARTIFACT_SHA256
        vm = VMContext()
        vm._sender = bytes.fromhex("ab" * 20)
        vm._contract_address = bytes.fromhex("cd" * 20)
        vm._chain_id = 61999
>       cls = load_contract_class(ROOT / "contracts/evidence_independence_matrix.py", vm, sdk_version="v0.2.16")
              ^^^^^^^^^^^^^^^^^^^^^^^^^^^^^^^^^^^^^^^^^^^^^^^^^^^^^^^^^^^^^^^^^^^^^^^^^^^^^^^^^^^^^^^^^^^^^^^^^^

tests/conftest.py:21: 
_ _ _ _ _ _ _ _ _ _ _ _ _ _ _ _ _ _ _ _ _ _ _ _ _ _ _ _ _ _ _ _ _ _ _ _ _ _ _ _ 
/tmp/eim-phase3-env/lib/python3.12/site-packages/gltest/direct/loader.py:57: in load_contract_class
    module = _load_module(contract_path)
             ^^^^^^^^^^^^^^^^^^^^^^^^^^^
_ _ _ _ _ _ _ _ _ _ _ _ _ _ _ _ _ _ _ _ _ _ _ _ _ _ _ _ _ _ _ _ _ _ _ _ _ _ _ _ 

contract_path = PosixPath('/workspace/scratch/6ad74b9a2f71/evidence-independence-matrix/contracts/evidence_independence_matrix.py')

    def _load_module(contract_path: Path) -> Any:
        """Load a Python module from file path."""
        module_name = f"_contract_{contract_path.stem}"
    
        if module_name in sys.modules:
            del sys.modules[module_name]
    
        spec = importlib.util.spec_from_file_location(module_name, contract_path)
        if spec is None or spec.loader is None:
            raise ImportError(f"Cannot load module from {contract_path}")
    
        module = importlib.util.module_from_spec(spec)
        sys.modules[module_name] = module
    
        try:
            spec.loader.exec_module(module)
        except Exception as e:
            if module_name in sys.modules:
                del sys.modules[module_name]
>           raise ImportError(f"Failed to load contract: {e}") from e
E           ImportError: Failed to load contract: closing parenthesis '}' does not match opening parenthesis '[' (evidence_independence_matrix.py, line 551)

/tmp/eim-phase3-env/lib/python3.12/site-packages/gltest/direct/loader.py:315: ImportError
______ ERROR at setup of test_canonical_prompt_and_pure_callback_capture _______

contract_path = PosixPath('/workspace/scratch/6ad74b9a2f71/evidence-independence-matrix/contracts/evidence_independence_matrix.py')

    def _load_module(contract_path: Path) -> Any:
        """Load a Python module from file path."""
        module_name = f"_contract_{contract_path.stem}"
    
        if module_name in sys.modules:
            del sys.modules[module_name]
    
        spec = importlib.util.spec_from_file_location(module_name, contract_path)
        if spec is None or spec.loader is None:
            raise ImportError(f"Cannot load module from {contract_path}")
    
        module = importlib.util.module_from_spec(spec)
        sys.modules[module_name] = module
    
        try:
>           spec.loader.exec_module(module)
E             File "/workspace/scratch/6ad74b9a2f71/evidence-independence-matrix/contracts/evidence_independence_matrix.py", line 551
E               "relations": [p["relation"] for p in candidate["pairs"]}),
E                                                                      ^
E           SyntaxError: closing parenthesis '}' does not match opening parenthesis '['

/tmp/eim-phase3-env/lib/python3.12/site-packages/gltest/direct/loader.py:311: SyntaxError

The above exception was the direct cause of the following exception:

    @pytest.fixture(scope="session")
    def eim():
        archive = download_artifacts("v0.2.16")
        with archive.open("rb") as stream:
            assert hashlib.file_digest(stream, "sha256").hexdigest() == ARTIFACT_SHA256
        vm = VMContext()
        vm._sender = bytes.fromhex("ab" * 20)
        vm._contract_address = bytes.fromhex("cd" * 20)
        vm._chain_id = 61999
>       cls = load_contract_class(ROOT / "contracts/evidence_independence_matrix.py", vm, sdk_version="v0.2.16")
              ^^^^^^^^^^^^^^^^^^^^^^^^^^^^^^^^^^^^^^^^^^^^^^^^^^^^^^^^^^^^^^^^^^^^^^^^^^^^^^^^^^^^^^^^^^^^^^^^^^

tests/conftest.py:21: 
_ _ _ _ _ _ _ _ _ _ _ _ _ _ _ _ _ _ _ _ _ _ _ _ _ _ _ _ _ _ _ _ _ _ _ _ _ _ _ _ 
/tmp/eim-phase3-env/lib/python3.12/site-packages/gltest/direct/loader.py:57: in load_contract_class
    module = _load_module(contract_path)
             ^^^^^^^^^^^^^^^^^^^^^^^^^^^
_ _ _ _ _ _ _ _ _ _ _ _ _ _ _ _ _ _ _ _ _ _ _ _ _ _ _ _ _ _ _ _ _ _ _ _ _ _ _ _ 

contract_path = PosixPath('/workspace/scratch/6ad74b9a2f71/evidence-independence-matrix/contracts/evidence_independence_matrix.py')

    def _load_module(contract_path: Path) -> Any:
        """Load a Python module from file path."""
        module_name = f"_contract_{contract_path.stem}"
    
        if module_name in sys.modules:
            del sys.modules[module_name]
    
        spec = importlib.util.spec_from_file_location(module_name, contract_path)
        if spec is None or spec.loader is None:
            raise ImportError(f"Cannot load module from {contract_path}")
    
        module = importlib.util.module_from_spec(spec)
        sys.modules[module_name] = module
    
        try:
            spec.loader.exec_module(module)
        except Exception as e:
            if module_name in sys.modules:
                del sys.modules[module_name]
>           raise ImportError(f"Failed to load contract: {e}") from e
E           ImportError: Failed to load contract: closing parenthesis '}' does not match opening parenthesis '[' (evidence_independence_matrix.py, line 551)

/tmp/eim-phase3-env/lib/python3.12/site-packages/gltest/direct/loader.py:315: ImportError
_ ERROR at setup of test_M_N_reused_and_conflict_bypass_all_nondet[INDEPENDENT] _

contract_path = PosixPath('/workspace/scratch/6ad74b9a2f71/evidence-independence-matrix/contracts/evidence_independence_matrix.py')

    def _load_module(contract_path: Path) -> Any:
        """Load a Python module from file path."""
        module_name = f"_contract_{contract_path.stem}"
    
        if module_name in sys.modules:
            del sys.modules[module_name]
    
        spec = importlib.util.spec_from_file_location(module_name, contract_path)
        if spec is None or spec.loader is None:
            raise ImportError(f"Cannot load module from {contract_path}")
    
        module = importlib.util.module_from_spec(spec)
        sys.modules[module_name] = module
    
        try:
>           spec.loader.exec_module(module)
E             File "/workspace/scratch/6ad74b9a2f71/evidence-independence-matrix/contracts/evidence_independence_matrix.py", line 551
E               "relations": [p["relation"] for p in candidate["pairs"]}),
E                                                                      ^
E           SyntaxError: closing parenthesis '}' does not match opening parenthesis '['

/tmp/eim-phase3-env/lib/python3.12/site-packages/gltest/direct/loader.py:311: SyntaxError

The above exception was the direct cause of the following exception:

    @pytest.fixture(scope="session")
    def eim():
        archive = download_artifacts("v0.2.16")
        with archive.open("rb") as stream:
            assert hashlib.file_digest(stream, "sha256").hexdigest() == ARTIFACT_SHA256
        vm = VMContext()
        vm._sender = bytes.fromhex("ab" * 20)
        vm._contract_address = bytes.fromhex("cd" * 20)
        vm._chain_id = 61999
>       cls = load_contract_class(ROOT / "contracts/evidence_independence_matrix.py", vm, sdk_version="v0.2.16")
              ^^^^^^^^^^^^^^^^^^^^^^^^^^^^^^^^^^^^^^^^^^^^^^^^^^^^^^^^^^^^^^^^^^^^^^^^^^^^^^^^^^^^^^^^^^^^^^^^^^

tests/conftest.py:21: 
_ _ _ _ _ _ _ _ _ _ _ _ _ _ _ _ _ _ _ _ _ _ _ _ _ _ _ _ _ _ _ _ _ _ _ _ _ _ _ _ 
/tmp/eim-phase3-env/lib/python3.12/site-packages/gltest/direct/loader.py:57: in load_contract_class
    module = _load_module(contract_path)
             ^^^^^^^^^^^^^^^^^^^^^^^^^^^
_ _ _ _ _ _ _ _ _ _ _ _ _ _ _ _ _ _ _ _ _ _ _ _ _ _ _ _ _ _ _ _ _ _ _ _ _ _ _ _ 

contract_path = PosixPath('/workspace/scratch/6ad74b9a2f71/evidence-independence-matrix/contracts/evidence_independence_matrix.py')

    def _load_module(contract_path: Path) -> Any:
        """Load a Python module from file path."""
        module_name = f"_contract_{contract_path.stem}"
    
        if module_name in sys.modules:
            del sys.modules[module_name]
    
        spec = importlib.util.spec_from_file_location(module_name, contract_path)
        if spec is None or spec.loader is None:
            raise ImportError(f"Cannot load module from {contract_path}")
    
        module = importlib.util.module_from_spec(spec)
        sys.modules[module_name] = module
    
        try:
            spec.loader.exec_module(module)
        except Exception as e:
            if module_name in sys.modules:
                del sys.modules[module_name]
>           raise ImportError(f"Failed to load contract: {e}") from e
E           ImportError: Failed to load contract: closing parenthesis '}' does not match opening parenthesis '[' (evidence_independence_matrix.py, line 551)

/tmp/eim-phase3-env/lib/python3.12/site-packages/gltest/direct/loader.py:315: ImportError
__ ERROR at setup of test_M_N_reused_and_conflict_bypass_all_nondet[UNKNOWN] ___

contract_path = PosixPath('/workspace/scratch/6ad74b9a2f71/evidence-independence-matrix/contracts/evidence_independence_matrix.py')

    def _load_module(contract_path: Path) -> Any:
        """Load a Python module from file path."""
        module_name = f"_contract_{contract_path.stem}"
    
        if module_name in sys.modules:
            del sys.modules[module_name]
    
        spec = importlib.util.spec_from_file_location(module_name, contract_path)
        if spec is None or spec.loader is None:
            raise ImportError(f"Cannot load module from {contract_path}")
    
        module = importlib.util.module_from_spec(spec)
        sys.modules[module_name] = module
    
        try:
>           spec.loader.exec_module(module)
E             File "/workspace/scratch/6ad74b9a2f71/evidence-independence-matrix/contracts/evidence_independence_matrix.py", line 551
E               "relations": [p["relation"] for p in candidate["pairs"]}),
E                                                                      ^
E           SyntaxError: closing parenthesis '}' does not match opening parenthesis '['

/tmp/eim-phase3-env/lib/python3.12/site-packages/gltest/direct/loader.py:311: SyntaxError

The above exception was the direct cause of the following exception:

    @pytest.fixture(scope="session")
    def eim():
        archive = download_artifacts("v0.2.16")
        with archive.open("rb") as stream:
            assert hashlib.file_digest(stream, "sha256").hexdigest() == ARTIFACT_SHA256
        vm = VMContext()
        vm._sender = bytes.fromhex("ab" * 20)
        vm._contract_address = bytes.fromhex("cd" * 20)
        vm._chain_id = 61999
>       cls = load_contract_class(ROOT / "contracts/evidence_independence_matrix.py", vm, sdk_version="v0.2.16")
              ^^^^^^^^^^^^^^^^^^^^^^^^^^^^^^^^^^^^^^^^^^^^^^^^^^^^^^^^^^^^^^^^^^^^^^^^^^^^^^^^^^^^^^^^^^^^^^^^^^

tests/conftest.py:21: 
_ _ _ _ _ _ _ _ _ _ _ _ _ _ _ _ _ _ _ _ _ _ _ _ _ _ _ _ _ _ _ _ _ _ _ _ _ _ _ _ 
/tmp/eim-phase3-env/lib/python3.12/site-packages/gltest/direct/loader.py:57: in load_contract_class
    module = _load_module(contract_path)
             ^^^^^^^^^^^^^^^^^^^^^^^^^^^
_ _ _ _ _ _ _ _ _ _ _ _ _ _ _ _ _ _ _ _ _ _ _ _ _ _ _ _ _ _ _ _ _ _ _ _ _ _ _ _ 

contract_path = PosixPath('/workspace/scratch/6ad74b9a2f71/evidence-independence-matrix/contracts/evidence_independence_matrix.py')

    def _load_module(contract_path: Path) -> Any:
        """Load a Python module from file path."""
        module_name = f"_contract_{contract_path.stem}"
    
        if module_name in sys.modules:
            del sys.modules[module_name]
    
        spec = importlib.util.spec_from_file_location(module_name, contract_path)
        if spec is None or spec.loader is None:
            raise ImportError(f"Cannot load module from {contract_path}")
    
        module = importlib.util.module_from_spec(spec)
        sys.modules[module_name] = module
    
        try:
            spec.loader.exec_module(module)
        except Exception as e:
            if module_name in sys.modules:
                del sys.modules[module_name]
>           raise ImportError(f"Failed to load contract: {e}") from e
E           ImportError: Failed to load contract: closing parenthesis '}' does not match opening parenthesis '[' (evidence_independence_matrix.py, line 551)

/tmp/eim-phase3-env/lib/python3.12/site-packages/gltest/direct/loader.py:315: ImportError
___ ERROR at setup of test_validator_rejects_non_success_wrapper[user_error] ___

contract_path = PosixPath('/workspace/scratch/6ad74b9a2f71/evidence-independence-matrix/contracts/evidence_independence_matrix.py')

    def _load_module(contract_path: Path) -> Any:
        """Load a Python module from file path."""
        module_name = f"_contract_{contract_path.stem}"
    
        if module_name in sys.modules:
            del sys.modules[module_name]
    
        spec = importlib.util.spec_from_file_location(module_name, contract_path)
        if spec is None or spec.loader is None:
            raise ImportError(f"Cannot load module from {contract_path}")
    
        module = importlib.util.module_from_spec(spec)
        sys.modules[module_name] = module
    
        try:
>           spec.loader.exec_module(module)
E             File "/workspace/scratch/6ad74b9a2f71/evidence-independence-matrix/contracts/evidence_independence_matrix.py", line 551
E               "relations": [p["relation"] for p in candidate["pairs"]}),
E                                                                      ^
E           SyntaxError: closing parenthesis '}' does not match opening parenthesis '['

/tmp/eim-phase3-env/lib/python3.12/site-packages/gltest/direct/loader.py:311: SyntaxError

The above exception was the direct cause of the following exception:

    @pytest.fixture(scope="session")
    def eim():
        archive = download_artifacts("v0.2.16")
        with archive.open("rb") as stream:
            assert hashlib.file_digest(stream, "sha256").hexdigest() == ARTIFACT_SHA256
        vm = VMContext()
        vm._sender = bytes.fromhex("ab" * 20)
        vm._contract_address = bytes.fromhex("cd" * 20)
        vm._chain_id = 61999
>       cls = load_contract_class(ROOT / "contracts/evidence_independence_matrix.py", vm, sdk_version="v0.2.16")
              ^^^^^^^^^^^^^^^^^^^^^^^^^^^^^^^^^^^^^^^^^^^^^^^^^^^^^^^^^^^^^^^^^^^^^^^^^^^^^^^^^^^^^^^^^^^^^^^^^^

tests/conftest.py:21: 
_ _ _ _ _ _ _ _ _ _ _ _ _ _ _ _ _ _ _ _ _ _ _ _ _ _ _ _ _ _ _ _ _ _ _ _ _ _ _ _ 
/tmp/eim-phase3-env/lib/python3.12/site-packages/gltest/direct/loader.py:57: in load_contract_class
    module = _load_module(contract_path)
             ^^^^^^^^^^^^^^^^^^^^^^^^^^^
_ _ _ _ _ _ _ _ _ _ _ _ _ _ _ _ _ _ _ _ _ _ _ _ _ _ _ _ _ _ _ _ _ _ _ _ _ _ _ _ 

contract_path = PosixPath('/workspace/scratch/6ad74b9a2f71/evidence-independence-matrix/contracts/evidence_independence_matrix.py')

    def _load_module(contract_path: Path) -> Any:
        """Load a Python module from file path."""
        module_name = f"_contract_{contract_path.stem}"
    
        if module_name in sys.modules:
            del sys.modules[module_name]
    
        spec = importlib.util.spec_from_file_location(module_name, contract_path)
        if spec is None or spec.loader is None:
            raise ImportError(f"Cannot load module from {contract_path}")
    
        module = importlib.util.module_from_spec(spec)
        sys.modules[module_name] = module
    
        try:
            spec.loader.exec_module(module)
        except Exception as e:
            if module_name in sys.modules:
                del sys.modules[module_name]
>           raise ImportError(f"Failed to load contract: {e}") from e
E           ImportError: Failed to load contract: closing parenthesis '}' does not match opening parenthesis '[' (evidence_independence_matrix.py, line 551)

/tmp/eim-phase3-env/lib/python3.12/site-packages/gltest/direct/loader.py:315: ImportError
____ ERROR at setup of test_validator_rejects_non_success_wrapper[vm_error] ____

contract_path = PosixPath('/workspace/scratch/6ad74b9a2f71/evidence-independence-matrix/contracts/evidence_independence_matrix.py')

    def _load_module(contract_path: Path) -> Any:
        """Load a Python module from file path."""
        module_name = f"_contract_{contract_path.stem}"
    
        if module_name in sys.modules:
            del sys.modules[module_name]
    
        spec = importlib.util.spec_from_file_location(module_name, contract_path)
        if spec is None or spec.loader is None:
            raise ImportError(f"Cannot load module from {contract_path}")
    
        module = importlib.util.module_from_spec(spec)
        sys.modules[module_name] = module
    
        try:
>           spec.loader.exec_module(module)
E             File "/workspace/scratch/6ad74b9a2f71/evidence-independence-matrix/contracts/evidence_independence_matrix.py", line 551
E               "relations": [p["relation"] for p in candidate["pairs"]}),
E                                                                      ^
E           SyntaxError: closing parenthesis '}' does not match opening parenthesis '['

/tmp/eim-phase3-env/lib/python3.12/site-packages/gltest/direct/loader.py:311: SyntaxError

The above exception was the direct cause of the following exception:

    @pytest.fixture(scope="session")
    def eim():
        archive = download_artifacts("v0.2.16")
        with archive.open("rb") as stream:
            assert hashlib.file_digest(stream, "sha256").hexdigest() == ARTIFACT_SHA256
        vm = VMContext()
        vm._sender = bytes.fromhex("ab" * 20)
        vm._contract_address = bytes.fromhex("cd" * 20)
        vm._chain_id = 61999
>       cls = load_contract_class(ROOT / "contracts/evidence_independence_matrix.py", vm, sdk_version="v0.2.16")
              ^^^^^^^^^^^^^^^^^^^^^^^^^^^^^^^^^^^^^^^^^^^^^^^^^^^^^^^^^^^^^^^^^^^^^^^^^^^^^^^^^^^^^^^^^^^^^^^^^^

tests/conftest.py:21: 
_ _ _ _ _ _ _ _ _ _ _ _ _ _ _ _ _ _ _ _ _ _ _ _ _ _ _ _ _ _ _ _ _ _ _ _ _ _ _ _ 
/tmp/eim-phase3-env/lib/python3.12/site-packages/gltest/direct/loader.py:57: in load_contract_class
    module = _load_module(contract_path)
             ^^^^^^^^^^^^^^^^^^^^^^^^^^^
_ _ _ _ _ _ _ _ _ _ _ _ _ _ _ _ _ _ _ _ _ _ _ _ _ _ _ _ _ _ _ _ _ _ _ _ _ _ _ _ 

contract_path = PosixPath('/workspace/scratch/6ad74b9a2f71/evidence-independence-matrix/contracts/evidence_independence_matrix.py')

    def _load_module(contract_path: Path) -> Any:
        """Load a Python module from file path."""
        module_name = f"_contract_{contract_path.stem}"
    
        if module_name in sys.modules:
            del sys.modules[module_name]
    
        spec = importlib.util.spec_from_file_location(module_name, contract_path)
        if spec is None or spec.loader is None:
            raise ImportError(f"Cannot load module from {contract_path}")
    
        module = importlib.util.module_from_spec(spec)
        sys.modules[module_name] = module
    
        try:
            spec.loader.exec_module(module)
        except Exception as e:
            if module_name in sys.modules:
                del sys.modules[module_name]
>           raise ImportError(f"Failed to load contract: {e}") from e
E           ImportError: Failed to load contract: closing parenthesis '}' does not match opening parenthesis '[' (evidence_independence_matrix.py, line 551)

/tmp/eim-phase3-env/lib/python3.12/site-packages/gltest/direct/loader.py:315: ImportError
___ ERROR at setup of test_validator_rejects_non_success_wrapper[no_wrapper] ___

contract_path = PosixPath('/workspace/scratch/6ad74b9a2f71/evidence-independence-matrix/contracts/evidence_independence_matrix.py')

    def _load_module(contract_path: Path) -> Any:
        """Load a Python module from file path."""
        module_name = f"_contract_{contract_path.stem}"
    
        if module_name in sys.modules:
            del sys.modules[module_name]
    
        spec = importlib.util.spec_from_file_location(module_name, contract_path)
        if spec is None or spec.loader is None:
            raise ImportError(f"Cannot load module from {contract_path}")
    
        module = importlib.util.module_from_spec(spec)
        sys.modules[module_name] = module
    
        try:
>           spec.loader.exec_module(module)
E             File "/workspace/scratch/6ad74b9a2f71/evidence-independence-matrix/contracts/evidence_independence_matrix.py", line 551
E               "relations": [p["relation"] for p in candidate["pairs"]}),
E                                                                      ^
E           SyntaxError: closing parenthesis '}' does not match opening parenthesis '['

/tmp/eim-phase3-env/lib/python3.12/site-packages/gltest/direct/loader.py:311: SyntaxError

The above exception was the direct cause of the following exception:

    @pytest.fixture(scope="session")
    def eim():
        archive = download_artifacts("v0.2.16")
        with archive.open("rb") as stream:
            assert hashlib.file_digest(stream, "sha256").hexdigest() == ARTIFACT_SHA256
        vm = VMContext()
        vm._sender = bytes.fromhex("ab" * 20)
        vm._contract_address = bytes.fromhex("cd" * 20)
        vm._chain_id = 61999
>       cls = load_contract_class(ROOT / "contracts/evidence_independence_matrix.py", vm, sdk_version="v0.2.16")
              ^^^^^^^^^^^^^^^^^^^^^^^^^^^^^^^^^^^^^^^^^^^^^^^^^^^^^^^^^^^^^^^^^^^^^^^^^^^^^^^^^^^^^^^^^^^^^^^^^^

tests/conftest.py:21: 
_ _ _ _ _ _ _ _ _ _ _ _ _ _ _ _ _ _ _ _ _ _ _ _ _ _ _ _ _ _ _ _ _ _ _ _ _ _ _ _ 
/tmp/eim-phase3-env/lib/python3.12/site-packages/gltest/direct/loader.py:57: in load_contract_class
    module = _load_module(contract_path)
             ^^^^^^^^^^^^^^^^^^^^^^^^^^^
_ _ _ _ _ _ _ _ _ _ _ _ _ _ _ _ _ _ _ _ _ _ _ _ _ _ _ _ _ _ _ _ _ _ _ _ _ _ _ _ 

contract_path = PosixPath('/workspace/scratch/6ad74b9a2f71/evidence-independence-matrix/contracts/evidence_independence_matrix.py')

    def _load_module(contract_path: Path) -> Any:
        """Load a Python module from file path."""
        module_name = f"_contract_{contract_path.stem}"
    
        if module_name in sys.modules:
            del sys.modules[module_name]
    
        spec = importlib.util.spec_from_file_location(module_name, contract_path)
        if spec is None or spec.loader is None:
            raise ImportError(f"Cannot load module from {contract_path}")
    
        module = importlib.util.module_from_spec(spec)
        sys.modules[module_name] = module
    
        try:
            spec.loader.exec_module(module)
        except Exception as e:
            if module_name in sys.modules:
                del sys.modules[module_name]
>           raise ImportError(f"Failed to load contract: {e}") from e
E           ImportError: Failed to load contract: closing parenthesis '}' does not match opening parenthesis '[' (evidence_independence_matrix.py, line 551)

/tmp/eim-phase3-env/lib/python3.12/site-packages/gltest/direct/loader.py:315: ImportError
_ ERROR at setup of test_validator_unable_to_reexecute_disagrees_no_write[bad_json] _

contract_path = PosixPath('/workspace/scratch/6ad74b9a2f71/evidence-independence-matrix/contracts/evidence_independence_matrix.py')

    def _load_module(contract_path: Path) -> Any:
        """Load a Python module from file path."""
        module_name = f"_contract_{contract_path.stem}"
    
        if module_name in sys.modules:
            del sys.modules[module_name]
    
        spec = importlib.util.spec_from_file_location(module_name, contract_path)
        if spec is None or spec.loader is None:
            raise ImportError(f"Cannot load module from {contract_path}")
    
        module = importlib.util.module_from_spec(spec)
        sys.modules[module_name] = module
    
        try:
>           spec.loader.exec_module(module)
E             File "/workspace/scratch/6ad74b9a2f71/evidence-independence-matrix/contracts/evidence_independence_matrix.py", line 551
E               "relations": [p["relation"] for p in candidate["pairs"]}),
E                                                                      ^
E           SyntaxError: closing parenthesis '}' does not match opening parenthesis '['

/tmp/eim-phase3-env/lib/python3.12/site-packages/gltest/direct/loader.py:311: SyntaxError

The above exception was the direct cause of the following exception:

    @pytest.fixture(scope="session")
    def eim():
        archive = download_artifacts("v0.2.16")
        with archive.open("rb") as stream:
            assert hashlib.file_digest(stream, "sha256").hexdigest() == ARTIFACT_SHA256
        vm = VMContext()
        vm._sender = bytes.fromhex("ab" * 20)
        vm._contract_address = bytes.fromhex("cd" * 20)
        vm._chain_id = 61999
>       cls = load_contract_class(ROOT / "contracts/evidence_independence_matrix.py", vm, sdk_version="v0.2.16")
              ^^^^^^^^^^^^^^^^^^^^^^^^^^^^^^^^^^^^^^^^^^^^^^^^^^^^^^^^^^^^^^^^^^^^^^^^^^^^^^^^^^^^^^^^^^^^^^^^^^

tests/conftest.py:21: 
_ _ _ _ _ _ _ _ _ _ _ _ _ _ _ _ _ _ _ _ _ _ _ _ _ _ _ _ _ _ _ _ _ _ _ _ _ _ _ _ 
/tmp/eim-phase3-env/lib/python3.12/site-packages/gltest/direct/loader.py:57: in load_contract_class
    module = _load_module(contract_path)
             ^^^^^^^^^^^^^^^^^^^^^^^^^^^
_ _ _ _ _ _ _ _ _ _ _ _ _ _ _ _ _ _ _ _ _ _ _ _ _ _ _ _ _ _ _ _ _ _ _ _ _ _ _ _ 

contract_path = PosixPath('/workspace/scratch/6ad74b9a2f71/evidence-independence-matrix/contracts/evidence_independence_matrix.py')

    def _load_module(contract_path: Path) -> Any:
        """Load a Python module from file path."""
        module_name = f"_contract_{contract_path.stem}"
    
        if module_name in sys.modules:
            del sys.modules[module_name]
    
        spec = importlib.util.spec_from_file_location(module_name, contract_path)
        if spec is None or spec.loader is None:
            raise ImportError(f"Cannot load module from {contract_path}")
    
        module = importlib.util.module_from_spec(spec)
        sys.modules[module_name] = module
    
        try:
            spec.loader.exec_module(module)
        except Exception as e:
            if module_name in sys.modules:
                del sys.modules[module_name]
>           raise ImportError(f"Failed to load contract: {e}") from e
E           ImportError: Failed to load contract: closing parenthesis '}' does not match opening parenthesis '[' (evidence_independence_matrix.py, line 551)

/tmp/eim-phase3-env/lib/python3.12/site-packages/gltest/direct/loader.py:315: ImportError
_ ERROR at setup of test_validator_unable_to_reexecute_disagrees_no_write[provider] _

contract_path = PosixPath('/workspace/scratch/6ad74b9a2f71/evidence-independence-matrix/contracts/evidence_independence_matrix.py')

    def _load_module(contract_path: Path) -> Any:
        """Load a Python module from file path."""
        module_name = f"_contract_{contract_path.stem}"
    
        if module_name in sys.modules:
            del sys.modules[module_name]
    
        spec = importlib.util.spec_from_file_location(module_name, contract_path)
        if spec is None or spec.loader is None:
            raise ImportError(f"Cannot load module from {contract_path}")
    
        module = importlib.util.module_from_spec(spec)
        sys.modules[module_name] = module
    
        try:
>           spec.loader.exec_module(module)
E             File "/workspace/scratch/6ad74b9a2f71/evidence-independence-matrix/contracts/evidence_independence_matrix.py", line 551
E               "relations": [p["relation"] for p in candidate["pairs"]}),
E                                                                      ^
E           SyntaxError: closing parenthesis '}' does not match opening parenthesis '['

/tmp/eim-phase3-env/lib/python3.12/site-packages/gltest/direct/loader.py:311: SyntaxError

The above exception was the direct cause of the following exception:

    @pytest.fixture(scope="session")
    def eim():
        archive = download_artifacts("v0.2.16")
        with archive.open("rb") as stream:
            assert hashlib.file_digest(stream, "sha256").hexdigest() == ARTIFACT_SHA256
        vm = VMContext()
        vm._sender = bytes.fromhex("ab" * 20)
        vm._contract_address = bytes.fromhex("cd" * 20)
        vm._chain_id = 61999
>       cls = load_contract_class(ROOT / "contracts/evidence_independence_matrix.py", vm, sdk_version="v0.2.16")
              ^^^^^^^^^^^^^^^^^^^^^^^^^^^^^^^^^^^^^^^^^^^^^^^^^^^^^^^^^^^^^^^^^^^^^^^^^^^^^^^^^^^^^^^^^^^^^^^^^^

tests/conftest.py:21: 
_ _ _ _ _ _ _ _ _ _ _ _ _ _ _ _ _ _ _ _ _ _ _ _ _ _ _ _ _ _ _ _ _ _ _ _ _ _ _ _ 
/tmp/eim-phase3-env/lib/python3.12/site-packages/gltest/direct/loader.py:57: in load_contract_class
    module = _load_module(contract_path)
             ^^^^^^^^^^^^^^^^^^^^^^^^^^^
_ _ _ _ _ _ _ _ _ _ _ _ _ _ _ _ _ _ _ _ _ _ _ _ _ _ _ _ _ _ _ _ _ _ _ _ _ _ _ _ 

contract_path = PosixPath('/workspace/scratch/6ad74b9a2f71/evidence-independence-matrix/contracts/evidence_independence_matrix.py')

    def _load_module(contract_path: Path) -> Any:
        """Load a Python module from file path."""
        module_name = f"_contract_{contract_path.stem}"
    
        if module_name in sys.modules:
            del sys.modules[module_name]
    
        spec = importlib.util.spec_from_file_location(module_name, contract_path)
        if spec is None or spec.loader is None:
            raise ImportError(f"Cannot load module from {contract_path}")
    
        module = importlib.util.module_from_spec(spec)
        sys.modules[module_name] = module
    
        try:
            spec.loader.exec_module(module)
        except Exception as e:
            if module_name in sys.modules:
                del sys.modules[module_name]
>           raise ImportError(f"Failed to load contract: {e}") from e
E           ImportError: Failed to load contract: closing parenthesis '}' does not match opening parenthesis '[' (evidence_independence_matrix.py, line 551)

/tmp/eim-phase3-env/lib/python3.12/site-packages/gltest/direct/loader.py:315: ImportError
_ ERROR at setup of test_validator_unable_to_reexecute_disagrees_no_write[timeout] _

contract_path = PosixPath('/workspace/scratch/6ad74b9a2f71/evidence-independence-matrix/contracts/evidence_independence_matrix.py')

    def _load_module(contract_path: Path) -> Any:
        """Load a Python module from file path."""
        module_name = f"_contract_{contract_path.stem}"
    
        if module_name in sys.modules:
            del sys.modules[module_name]
    
        spec = importlib.util.spec_from_file_location(module_name, contract_path)
        if spec is None or spec.loader is None:
            raise ImportError(f"Cannot load module from {contract_path}")
    
        module = importlib.util.module_from_spec(spec)
        sys.modules[module_name] = module
    
        try:
>           spec.loader.exec_module(module)
E             File "/workspace/scratch/6ad74b9a2f71/evidence-independence-matrix/contracts/evidence_independence_matrix.py", line 551
E               "relations": [p["relation"] for p in candidate["pairs"]}),
E                                                                      ^
E           SyntaxError: closing parenthesis '}' does not match opening parenthesis '['

/tmp/eim-phase3-env/lib/python3.12/site-packages/gltest/direct/loader.py:311: SyntaxError

The above exception was the direct cause of the following exception:

    @pytest.fixture(scope="session")
    def eim():
        archive = download_artifacts("v0.2.16")
        with archive.open("rb") as stream:
            assert hashlib.file_digest(stream, "sha256").hexdigest() == ARTIFACT_SHA256
        vm = VMContext()
        vm._sender = bytes.fromhex("ab" * 20)
        vm._contract_address = bytes.fromhex("cd" * 20)
        vm._chain_id = 61999
>       cls = load_contract_class(ROOT / "contracts/evidence_independence_matrix.py", vm, sdk_version="v0.2.16")
              ^^^^^^^^^^^^^^^^^^^^^^^^^^^^^^^^^^^^^^^^^^^^^^^^^^^^^^^^^^^^^^^^^^^^^^^^^^^^^^^^^^^^^^^^^^^^^^^^^^

tests/conftest.py:21: 
_ _ _ _ _ _ _ _ _ _ _ _ _ _ _ _ _ _ _ _ _ _ _ _ _ _ _ _ _ _ _ _ _ _ _ _ _ _ _ _ 
/tmp/eim-phase3-env/lib/python3.12/site-packages/gltest/direct/loader.py:57: in load_contract_class
    module = _load_module(contract_path)
             ^^^^^^^^^^^^^^^^^^^^^^^^^^^
_ _ _ _ _ _ _ _ _ _ _ _ _ _ _ _ _ _ _ _ _ _ _ _ _ _ _ _ _ _ _ _ _ _ _ _ _ _ _ _ 

contract_path = PosixPath('/workspace/scratch/6ad74b9a2f71/evidence-independence-matrix/contracts/evidence_independence_matrix.py')

    def _load_module(contract_path: Path) -> Any:
        """Load a Python module from file path."""
        module_name = f"_contract_{contract_path.stem}"
    
        if module_name in sys.modules:
            del sys.modules[module_name]
    
        spec = importlib.util.spec_from_file_location(module_name, contract_path)
        if spec is None or spec.loader is None:
            raise ImportError(f"Cannot load module from {contract_path}")
    
        module = importlib.util.module_from_spec(spec)
        sys.modules[module_name] = module
    
        try:
            spec.loader.exec_module(module)
        except Exception as e:
            if module_name in sys.modules:
                del sys.modules[module_name]
>           raise ImportError(f"Failed to load contract: {e}") from e
E           ImportError: Failed to load contract: closing parenthesis '}' does not match opening parenthesis '[' (evidence_independence_matrix.py, line 551)

/tmp/eim-phase3-env/lib/python3.12/site-packages/gltest/direct/loader.py:315: ImportError
_ ERROR at setup of test_validator_unable_to_reexecute_disagrees_no_write[429] _

contract_path = PosixPath('/workspace/scratch/6ad74b9a2f71/evidence-independence-matrix/contracts/evidence_independence_matrix.py')

    def _load_module(contract_path: Path) -> Any:
        """Load a Python module from file path."""
        module_name = f"_contract_{contract_path.stem}"
    
        if module_name in sys.modules:
            del sys.modules[module_name]
    
        spec = importlib.util.spec_from_file_location(module_name, contract_path)
        if spec is None or spec.loader is None:
            raise ImportError(f"Cannot load module from {contract_path}")
    
        module = importlib.util.module_from_spec(spec)
        sys.modules[module_name] = module
    
        try:
>           spec.loader.exec_module(module)
E             File "/workspace/scratch/6ad74b9a2f71/evidence-independence-matrix/contracts/evidence_independence_matrix.py", line 551
E               "relations": [p["relation"] for p in candidate["pairs"]}),
E                                                                      ^
E           SyntaxError: closing parenthesis '}' does not match opening parenthesis '['

/tmp/eim-phase3-env/lib/python3.12/site-packages/gltest/direct/loader.py:311: SyntaxError

The above exception was the direct cause of the following exception:

    @pytest.fixture(scope="session")
    def eim():
        archive = download_artifacts("v0.2.16")
        with archive.open("rb") as stream:
            assert hashlib.file_digest(stream, "sha256").hexdigest() == ARTIFACT_SHA256
        vm = VMContext()
        vm._sender = bytes.fromhex("ab" * 20)
        vm._contract_address = bytes.fromhex("cd" * 20)
        vm._chain_id = 61999
>       cls = load_contract_class(ROOT / "contracts/evidence_independence_matrix.py", vm, sdk_version="v0.2.16")
              ^^^^^^^^^^^^^^^^^^^^^^^^^^^^^^^^^^^^^^^^^^^^^^^^^^^^^^^^^^^^^^^^^^^^^^^^^^^^^^^^^^^^^^^^^^^^^^^^^^

tests/conftest.py:21: 
_ _ _ _ _ _ _ _ _ _ _ _ _ _ _ _ _ _ _ _ _ _ _ _ _ _ _ _ _ _ _ _ _ _ _ _ _ _ _ _ 
/tmp/eim-phase3-env/lib/python3.12/site-packages/gltest/direct/loader.py:57: in load_contract_class
    module = _load_module(contract_path)
             ^^^^^^^^^^^^^^^^^^^^^^^^^^^
_ _ _ _ _ _ _ _ _ _ _ _ _ _ _ _ _ _ _ _ _ _ _ _ _ _ _ _ _ _ _ _ _ _ _ _ _ _ _ _ 

contract_path = PosixPath('/workspace/scratch/6ad74b9a2f71/evidence-independence-matrix/contracts/evidence_independence_matrix.py')

    def _load_module(contract_path: Path) -> Any:
        """Load a Python module from file path."""
        module_name = f"_contract_{contract_path.stem}"
    
        if module_name in sys.modules:
            del sys.modules[module_name]
    
        spec = importlib.util.spec_from_file_location(module_name, contract_path)
        if spec is None or spec.loader is None:
            raise ImportError(f"Cannot load module from {contract_path}")
    
        module = importlib.util.module_from_spec(spec)
        sys.modules[module_name] = module
    
        try:
            spec.loader.exec_module(module)
        except Exception as e:
            if module_name in sys.modules:
                del sys.modules[module_name]
>           raise ImportError(f"Failed to load contract: {e}") from e
E           ImportError: Failed to load contract: closing parenthesis '}' does not match opening parenthesis '[' (evidence_independence_matrix.py, line 551)

/tmp/eim-phase3-env/lib/python3.12/site-packages/gltest/direct/loader.py:315: ImportError
__________ ERROR at setup of test_leader_model_failure_not_unknown[] ___________

contract_path = PosixPath('/workspace/scratch/6ad74b9a2f71/evidence-independence-matrix/contracts/evidence_independence_matrix.py')

    def _load_module(contract_path: Path) -> Any:
        """Load a Python module from file path."""
        module_name = f"_contract_{contract_path.stem}"
    
        if module_name in sys.modules:
            del sys.modules[module_name]
    
        spec = importlib.util.spec_from_file_location(module_name, contract_path)
        if spec is None or spec.loader is None:
            raise ImportError(f"Cannot load module from {contract_path}")
    
        module = importlib.util.module_from_spec(spec)
        sys.modules[module_name] = module
    
        try:
>           spec.loader.exec_module(module)
E             File "/workspace/scratch/6ad74b9a2f71/evidence-independence-matrix/contracts/evidence_independence_matrix.py", line 551
E               "relations": [p["relation"] for p in candidate["pairs"]}),
E                                                                      ^
E           SyntaxError: closing parenthesis '}' does not match opening parenthesis '['

/tmp/eim-phase3-env/lib/python3.12/site-packages/gltest/direct/loader.py:311: SyntaxError

The above exception was the direct cause of the following exception:

    @pytest.fixture(scope="session")
    def eim():
        archive = download_artifacts("v0.2.16")
        with archive.open("rb") as stream:
            assert hashlib.file_digest(stream, "sha256").hexdigest() == ARTIFACT_SHA256
        vm = VMContext()
        vm._sender = bytes.fromhex("ab" * 20)
        vm._contract_address = bytes.fromhex("cd" * 20)
        vm._chain_id = 61999
>       cls = load_contract_class(ROOT / "contracts/evidence_independence_matrix.py", vm, sdk_version="v0.2.16")
              ^^^^^^^^^^^^^^^^^^^^^^^^^^^^^^^^^^^^^^^^^^^^^^^^^^^^^^^^^^^^^^^^^^^^^^^^^^^^^^^^^^^^^^^^^^^^^^^^^^

tests/conftest.py:21: 
_ _ _ _ _ _ _ _ _ _ _ _ _ _ _ _ _ _ _ _ _ _ _ _ _ _ _ _ _ _ _ _ _ _ _ _ _ _ _ _ 
/tmp/eim-phase3-env/lib/python3.12/site-packages/gltest/direct/loader.py:57: in load_contract_class
    module = _load_module(contract_path)
             ^^^^^^^^^^^^^^^^^^^^^^^^^^^
_ _ _ _ _ _ _ _ _ _ _ _ _ _ _ _ _ _ _ _ _ _ _ _ _ _ _ _ _ _ _ _ _ _ _ _ _ _ _ _ 

contract_path = PosixPath('/workspace/scratch/6ad74b9a2f71/evidence-independence-matrix/contracts/evidence_independence_matrix.py')

    def _load_module(contract_path: Path) -> Any:
        """Load a Python module from file path."""
        module_name = f"_contract_{contract_path.stem}"
    
        if module_name in sys.modules:
            del sys.modules[module_name]
    
        spec = importlib.util.spec_from_file_location(module_name, contract_path)
        if spec is None or spec.loader is None:
            raise ImportError(f"Cannot load module from {contract_path}")
    
        module = importlib.util.module_from_spec(spec)
        sys.modules[module_name] = module
    
        try:
            spec.loader.exec_module(module)
        except Exception as e:
            if module_name in sys.modules:
                del sys.modules[module_name]
>           raise ImportError(f"Failed to load contract: {e}") from e
E           ImportError: Failed to load contract: closing parenthesis '}' does not match opening parenthesis '[' (evidence_independence_matrix.py, line 551)

/tmp/eim-phase3-env/lib/python3.12/site-packages/gltest/direct/loader.py:315: ImportError
_________ ERROR at setup of test_leader_model_failure_not_unknown[   ] _________

contract_path = PosixPath('/workspace/scratch/6ad74b9a2f71/evidence-independence-matrix/contracts/evidence_independence_matrix.py')

    def _load_module(contract_path: Path) -> Any:
        """Load a Python module from file path."""
        module_name = f"_contract_{contract_path.stem}"
    
        if module_name in sys.modules:
            del sys.modules[module_name]
    
        spec = importlib.util.spec_from_file_location(module_name, contract_path)
        if spec is None or spec.loader is None:
            raise ImportError(f"Cannot load module from {contract_path}")
    
        module = importlib.util.module_from_spec(spec)
        sys.modules[module_name] = module
    
        try:
>           spec.loader.exec_module(module)
E             File "/workspace/scratch/6ad74b9a2f71/evidence-independence-matrix/contracts/evidence_independence_matrix.py", line 551
E               "relations": [p["relation"] for p in candidate["pairs"]}),
E                                                                      ^
E           SyntaxError: closing parenthesis '}' does not match opening parenthesis '['

/tmp/eim-phase3-env/lib/python3.12/site-packages/gltest/direct/loader.py:311: SyntaxError

The above exception was the direct cause of the following exception:

    @pytest.fixture(scope="session")
    def eim():
        archive = download_artifacts("v0.2.16")
        with archive.open("rb") as stream:
            assert hashlib.file_digest(stream, "sha256").hexdigest() == ARTIFACT_SHA256
        vm = VMContext()
        vm._sender = bytes.fromhex("ab" * 20)
        vm._contract_address = bytes.fromhex("cd" * 20)
        vm._chain_id = 61999
>       cls = load_contract_class(ROOT / "contracts/evidence_independence_matrix.py", vm, sdk_version="v0.2.16")
              ^^^^^^^^^^^^^^^^^^^^^^^^^^^^^^^^^^^^^^^^^^^^^^^^^^^^^^^^^^^^^^^^^^^^^^^^^^^^^^^^^^^^^^^^^^^^^^^^^^

tests/conftest.py:21: 
_ _ _ _ _ _ _ _ _ _ _ _ _ _ _ _ _ _ _ _ _ _ _ _ _ _ _ _ _ _ _ _ _ _ _ _ _ _ _ _ 
/tmp/eim-phase3-env/lib/python3.12/site-packages/gltest/direct/loader.py:57: in load_contract_class
    module = _load_module(contract_path)
             ^^^^^^^^^^^^^^^^^^^^^^^^^^^
_ _ _ _ _ _ _ _ _ _ _ _ _ _ _ _ _ _ _ _ _ _ _ _ _ _ _ _ _ _ _ _ _ _ _ _ _ _ _ _ 

contract_path = PosixPath('/workspace/scratch/6ad74b9a2f71/evidence-independence-matrix/contracts/evidence_independence_matrix.py')

    def _load_module(contract_path: Path) -> Any:
        """Load a Python module from file path."""
        module_name = f"_contract_{contract_path.stem}"
    
        if module_name in sys.modules:
            del sys.modules[module_name]
    
        spec = importlib.util.spec_from_file_location(module_name, contract_path)
        if spec is None or spec.loader is None:
            raise ImportError(f"Cannot load module from {contract_path}")
    
        module = importlib.util.module_from_spec(spec)
        sys.modules[module_name] = module
    
        try:
            spec.loader.exec_module(module)
        except Exception as e:
            if module_name in sys.modules:
                del sys.modules[module_name]
>           raise ImportError(f"Failed to load contract: {e}") from e
E           ImportError: Failed to load contract: closing parenthesis '}' does not match opening parenthesis '[' (evidence_independence_matrix.py, line 551)

/tmp/eim-phase3-env/lib/python3.12/site-packages/gltest/direct/loader.py:315: ImportError
________ ERROR at setup of test_leader_model_failure_not_unknown[None] _________

contract_path = PosixPath('/workspace/scratch/6ad74b9a2f71/evidence-independence-matrix/contracts/evidence_independence_matrix.py')

    def _load_module(contract_path: Path) -> Any:
        """Load a Python module from file path."""
        module_name = f"_contract_{contract_path.stem}"
    
        if module_name in sys.modules:
            del sys.modules[module_name]
    
        spec = importlib.util.spec_from_file_location(module_name, contract_path)
        if spec is None or spec.loader is None:
            raise ImportError(f"Cannot load module from {contract_path}")
    
        module = importlib.util.module_from_spec(spec)
        sys.modules[module_name] = module
    
        try:
>           spec.loader.exec_module(module)
E             File "/workspace/scratch/6ad74b9a2f71/evidence-independence-matrix/contracts/evidence_independence_matrix.py", line 551
E               "relations": [p["relation"] for p in candidate["pairs"]}),
E                                                                      ^
E           SyntaxError: closing parenthesis '}' does not match opening parenthesis '['

/tmp/eim-phase3-env/lib/python3.12/site-packages/gltest/direct/loader.py:311: SyntaxError

The above exception was the direct cause of the following exception:

    @pytest.fixture(scope="session")
    def eim():
        archive = download_artifacts("v0.2.16")
        with archive.open("rb") as stream:
            assert hashlib.file_digest(stream, "sha256").hexdigest() == ARTIFACT_SHA256
        vm = VMContext()
        vm._sender = bytes.fromhex("ab" * 20)
        vm._contract_address = bytes.fromhex("cd" * 20)
        vm._chain_id = 61999
>       cls = load_contract_class(ROOT / "contracts/evidence_independence_matrix.py", vm, sdk_version="v0.2.16")
              ^^^^^^^^^^^^^^^^^^^^^^^^^^^^^^^^^^^^^^^^^^^^^^^^^^^^^^^^^^^^^^^^^^^^^^^^^^^^^^^^^^^^^^^^^^^^^^^^^^

tests/conftest.py:21: 
_ _ _ _ _ _ _ _ _ _ _ _ _ _ _ _ _ _ _ _ _ _ _ _ _ _ _ _ _ _ _ _ _ _ _ _ _ _ _ _ 
/tmp/eim-phase3-env/lib/python3.12/site-packages/gltest/direct/loader.py:57: in load_contract_class
    module = _load_module(contract_path)
             ^^^^^^^^^^^^^^^^^^^^^^^^^^^
_ _ _ _ _ _ _ _ _ _ _ _ _ _ _ _ _ _ _ _ _ _ _ _ _ _ _ _ _ _ _ _ _ _ _ _ _ _ _ _ 

contract_path = PosixPath('/workspace/scratch/6ad74b9a2f71/evidence-independence-matrix/contracts/evidence_independence_matrix.py')

    def _load_module(contract_path: Path) -> Any:
        """Load a Python module from file path."""
        module_name = f"_contract_{contract_path.stem}"
    
        if module_name in sys.modules:
            del sys.modules[module_name]
    
        spec = importlib.util.spec_from_file_location(module_name, contract_path)
        if spec is None or spec.loader is None:
            raise ImportError(f"Cannot load module from {contract_path}")
    
        module = importlib.util.module_from_spec(spec)
        sys.modules[module_name] = module
    
        try:
            spec.loader.exec_module(module)
        except Exception as e:
            if module_name in sys.modules:
                del sys.modules[module_name]
>           raise ImportError(f"Failed to load contract: {e}") from e
E           ImportError: Failed to load contract: closing parenthesis '}' does not match opening parenthesis '[' (evidence_independence_matrix.py, line 551)

/tmp/eim-phase3-env/lib/python3.12/site-packages/gltest/direct/loader.py:315: ImportError
_______ ERROR at setup of test_leader_model_failure_not_unknown[output3] _______

contract_path = PosixPath('/workspace/scratch/6ad74b9a2f71/evidence-independence-matrix/contracts/evidence_independence_matrix.py')

    def _load_module(contract_path: Path) -> Any:
        """Load a Python module from file path."""
        module_name = f"_contract_{contract_path.stem}"
    
        if module_name in sys.modules:
            del sys.modules[module_name]
    
        spec = importlib.util.spec_from_file_location(module_name, contract_path)
        if spec is None or spec.loader is None:
            raise ImportError(f"Cannot load module from {contract_path}")
    
        module = importlib.util.module_from_spec(spec)
        sys.modules[module_name] = module
    
        try:
>           spec.loader.exec_module(module)
E             File "/workspace/scratch/6ad74b9a2f71/evidence-independence-matrix/contracts/evidence_independence_matrix.py", line 551
E               "relations": [p["relation"] for p in candidate["pairs"]}),
E                                                                      ^
E           SyntaxError: closing parenthesis '}' does not match opening parenthesis '['

/tmp/eim-phase3-env/lib/python3.12/site-packages/gltest/direct/loader.py:311: SyntaxError

The above exception was the direct cause of the following exception:

    @pytest.fixture(scope="session")
    def eim():
        archive = download_artifacts("v0.2.16")
        with archive.open("rb") as stream:
            assert hashlib.file_digest(stream, "sha256").hexdigest() == ARTIFACT_SHA256
        vm = VMContext()
        vm._sender = bytes.fromhex("ab" * 20)
        vm._contract_address = bytes.fromhex("cd" * 20)
        vm._chain_id = 61999
>       cls = load_contract_class(ROOT / "contracts/evidence_independence_matrix.py", vm, sdk_version="v0.2.16")
              ^^^^^^^^^^^^^^^^^^^^^^^^^^^^^^^^^^^^^^^^^^^^^^^^^^^^^^^^^^^^^^^^^^^^^^^^^^^^^^^^^^^^^^^^^^^^^^^^^^

tests/conftest.py:21: 
_ _ _ _ _ _ _ _ _ _ _ _ _ _ _ _ _ _ _ _ _ _ _ _ _ _ _ _ _ _ _ _ _ _ _ _ _ _ _ _ 
/tmp/eim-phase3-env/lib/python3.12/site-packages/gltest/direct/loader.py:57: in load_contract_class
    module = _load_module(contract_path)
             ^^^^^^^^^^^^^^^^^^^^^^^^^^^
_ _ _ _ _ _ _ _ _ _ _ _ _ _ _ _ _ _ _ _ _ _ _ _ _ _ _ _ _ _ _ _ _ _ _ _ _ _ _ _ 

contract_path = PosixPath('/workspace/scratch/6ad74b9a2f71/evidence-independence-matrix/contracts/evidence_independence_matrix.py')

    def _load_module(contract_path: Path) -> Any:
        """Load a Python module from file path."""
        module_name = f"_contract_{contract_path.stem}"
    
        if module_name in sys.modules:
            del sys.modules[module_name]
    
        spec = importlib.util.spec_from_file_location(module_name, contract_path)
        if spec is None or spec.loader is None:
            raise ImportError(f"Cannot load module from {contract_path}")
    
        module = importlib.util.module_from_spec(spec)
        sys.modules[module_name] = module
    
        try:
            spec.loader.exec_module(module)
        except Exception as e:
            if module_name in sys.modules:
                del sys.modules[module_name]
>           raise ImportError(f"Failed to load contract: {e}") from e
E           ImportError: Failed to load contract: closing parenthesis '}' does not match opening parenthesis '[' (evidence_independence_matrix.py, line 551)

/tmp/eim-phase3-env/lib/python3.12/site-packages/gltest/direct/loader.py:315: ImportError
___ ERROR at setup of test_actual_unpatched_sdk_serialized_custom_path[True] ___

contract_path = PosixPath('/workspace/scratch/6ad74b9a2f71/evidence-independence-matrix/contracts/evidence_independence_matrix.py')

    def _load_module(contract_path: Path) -> Any:
        """Load a Python module from file path."""
        module_name = f"_contract_{contract_path.stem}"
    
        if module_name in sys.modules:
            del sys.modules[module_name]
    
        spec = importlib.util.spec_from_file_location(module_name, contract_path)
        if spec is None or spec.loader is None:
            raise ImportError(f"Cannot load module from {contract_path}")
    
        module = importlib.util.module_from_spec(spec)
        sys.modules[module_name] = module
    
        try:
>           spec.loader.exec_module(module)
E             File "/workspace/scratch/6ad74b9a2f71/evidence-independence-matrix/contracts/evidence_independence_matrix.py", line 551
E               "relations": [p["relation"] for p in candidate["pairs"]}),
E                                                                      ^
E           SyntaxError: closing parenthesis '}' does not match opening parenthesis '['

/tmp/eim-phase3-env/lib/python3.12/site-packages/gltest/direct/loader.py:311: SyntaxError

The above exception was the direct cause of the following exception:

    @pytest.fixture(scope="session")
    def eim():
        archive = download_artifacts("v0.2.16")
        with archive.open("rb") as stream:
            assert hashlib.file_digest(stream, "sha256").hexdigest() == ARTIFACT_SHA256
        vm = VMContext()
        vm._sender = bytes.fromhex("ab" * 20)
        vm._contract_address = bytes.fromhex("cd" * 20)
        vm._chain_id = 61999
>       cls = load_contract_class(ROOT / "contracts/evidence_independence_matrix.py", vm, sdk_version="v0.2.16")
              ^^^^^^^^^^^^^^^^^^^^^^^^^^^^^^^^^^^^^^^^^^^^^^^^^^^^^^^^^^^^^^^^^^^^^^^^^^^^^^^^^^^^^^^^^^^^^^^^^^

tests/conftest.py:21: 
_ _ _ _ _ _ _ _ _ _ _ _ _ _ _ _ _ _ _ _ _ _ _ _ _ _ _ _ _ _ _ _ _ _ _ _ _ _ _ _ 
/tmp/eim-phase3-env/lib/python3.12/site-packages/gltest/direct/loader.py:57: in load_contract_class
    module = _load_module(contract_path)
             ^^^^^^^^^^^^^^^^^^^^^^^^^^^
_ _ _ _ _ _ _ _ _ _ _ _ _ _ _ _ _ _ _ _ _ _ _ _ _ _ _ _ _ _ _ _ _ _ _ _ _ _ _ _ 

contract_path = PosixPath('/workspace/scratch/6ad74b9a2f71/evidence-independence-matrix/contracts/evidence_independence_matrix.py')

    def _load_module(contract_path: Path) -> Any:
        """Load a Python module from file path."""
        module_name = f"_contract_{contract_path.stem}"
    
        if module_name in sys.modules:
            del sys.modules[module_name]
    
        spec = importlib.util.spec_from_file_location(module_name, contract_path)
        if spec is None or spec.loader is None:
            raise ImportError(f"Cannot load module from {contract_path}")
    
        module = importlib.util.module_from_spec(spec)
        sys.modules[module_name] = module
    
        try:
            spec.loader.exec_module(module)
        except Exception as e:
            if module_name in sys.modules:
                del sys.modules[module_name]
>           raise ImportError(f"Failed to load contract: {e}") from e
E           ImportError: Failed to load contract: closing parenthesis '}' does not match opening parenthesis '[' (evidence_independence_matrix.py, line 551)

/tmp/eim-phase3-env/lib/python3.12/site-packages/gltest/direct/loader.py:315: ImportError
__ ERROR at setup of test_actual_unpatched_sdk_serialized_custom_path[False] ___

contract_path = PosixPath('/workspace/scratch/6ad74b9a2f71/evidence-independence-matrix/contracts/evidence_independence_matrix.py')

    def _load_module(contract_path: Path) -> Any:
        """Load a Python module from file path."""
        module_name = f"_contract_{contract_path.stem}"
    
        if module_name in sys.modules:
            del sys.modules[module_name]
    
        spec = importlib.util.spec_from_file_location(module_name, contract_path)
        if spec is None or spec.loader is None:
            raise ImportError(f"Cannot load module from {contract_path}")
    
        module = importlib.util.module_from_spec(spec)
        sys.modules[module_name] = module
    
        try:
>           spec.loader.exec_module(module)
E             File "/workspace/scratch/6ad74b9a2f71/evidence-independence-matrix/contracts/evidence_independence_matrix.py", line 551
E               "relations": [p["relation"] for p in candidate["pairs"]}),
E                                                                      ^
E           SyntaxError: closing parenthesis '}' does not match opening parenthesis '['

/tmp/eim-phase3-env/lib/python3.12/site-packages/gltest/direct/loader.py:311: SyntaxError

The above exception was the direct cause of the following exception:

    @pytest.fixture(scope="session")
    def eim():
        archive = download_artifacts("v0.2.16")
        with archive.open("rb") as stream:
            assert hashlib.file_digest(stream, "sha256").hexdigest() == ARTIFACT_SHA256
        vm = VMContext()
        vm._sender = bytes.fromhex("ab" * 20)
        vm._contract_address = bytes.fromhex("cd" * 20)
        vm._chain_id = 61999
>       cls = load_contract_class(ROOT / "contracts/evidence_independence_matrix.py", vm, sdk_version="v0.2.16")
              ^^^^^^^^^^^^^^^^^^^^^^^^^^^^^^^^^^^^^^^^^^^^^^^^^^^^^^^^^^^^^^^^^^^^^^^^^^^^^^^^^^^^^^^^^^^^^^^^^^

tests/conftest.py:21: 
_ _ _ _ _ _ _ _ _ _ _ _ _ _ _ _ _ _ _ _ _ _ _ _ _ _ _ _ _ _ _ _ _ _ _ _ _ _ _ _ 
/tmp/eim-phase3-env/lib/python3.12/site-packages/gltest/direct/loader.py:57: in load_contract_class
    module = _load_module(contract_path)
             ^^^^^^^^^^^^^^^^^^^^^^^^^^^
_ _ _ _ _ _ _ _ _ _ _ _ _ _ _ _ _ _ _ _ _ _ _ _ _ _ _ _ _ _ _ _ _ _ _ _ _ _ _ _ 

contract_path = PosixPath('/workspace/scratch/6ad74b9a2f71/evidence-independence-matrix/contracts/evidence_independence_matrix.py')

    def _load_module(contract_path: Path) -> Any:
        """Load a Python module from file path."""
        module_name = f"_contract_{contract_path.stem}"
    
        if module_name in sys.modules:
            del sys.modules[module_name]
    
        spec = importlib.util.spec_from_file_location(module_name, contract_path)
        if spec is None or spec.loader is None:
            raise ImportError(f"Cannot load module from {contract_path}")
    
        module = importlib.util.module_from_spec(spec)
        sys.modules[module_name] = module
    
        try:
            spec.loader.exec_module(module)
        except Exception as e:
            if module_name in sys.modules:
                del sys.modules[module_name]
>           raise ImportError(f"Failed to load contract: {e}") from e
E           ImportError: Failed to load contract: closing parenthesis '}' does not match opening parenthesis '[' (evidence_independence_matrix.py, line 551)

/tmp/eim-phase3-env/lib/python3.12/site-packages/gltest/direct/loader.py:315: ImportError
___________ ERROR at setup of test_controlled_fixture_full_pipeline ____________

contract_path = PosixPath('/workspace/scratch/6ad74b9a2f71/evidence-independence-matrix/contracts/evidence_independence_matrix.py')

    def _load_module(contract_path: Path) -> Any:
        """Load a Python module from file path."""
        module_name = f"_contract_{contract_path.stem}"
    
        if module_name in sys.modules:
            del sys.modules[module_name]
    
        spec = importlib.util.spec_from_file_location(module_name, contract_path)
        if spec is None or spec.loader is None:
            raise ImportError(f"Cannot load module from {contract_path}")
    
        module = importlib.util.module_from_spec(spec)
        sys.modules[module_name] = module
    
        try:
>           spec.loader.exec_module(module)
E             File "/workspace/scratch/6ad74b9a2f71/evidence-independence-matrix/contracts/evidence_independence_matrix.py", line 551
E               "relations": [p["relation"] for p in candidate["pairs"]}),
E                                                                      ^
E           SyntaxError: closing parenthesis '}' does not match opening parenthesis '['

/tmp/eim-phase3-env/lib/python3.12/site-packages/gltest/direct/loader.py:311: SyntaxError

The above exception was the direct cause of the following exception:

    @pytest.fixture(scope="session")
    def eim():
        archive = download_artifacts("v0.2.16")
        with archive.open("rb") as stream:
            assert hashlib.file_digest(stream, "sha256").hexdigest() == ARTIFACT_SHA256
        vm = VMContext()
        vm._sender = bytes.fromhex("ab" * 20)
        vm._contract_address = bytes.fromhex("cd" * 20)
        vm._chain_id = 61999
>       cls = load_contract_class(ROOT / "contracts/evidence_independence_matrix.py", vm, sdk_version="v0.2.16")
              ^^^^^^^^^^^^^^^^^^^^^^^^^^^^^^^^^^^^^^^^^^^^^^^^^^^^^^^^^^^^^^^^^^^^^^^^^^^^^^^^^^^^^^^^^^^^^^^^^^

tests/conftest.py:21: 
_ _ _ _ _ _ _ _ _ _ _ _ _ _ _ _ _ _ _ _ _ _ _ _ _ _ _ _ _ _ _ _ _ _ _ _ _ _ _ _ 
/tmp/eim-phase3-env/lib/python3.12/site-packages/gltest/direct/loader.py:57: in load_contract_class
    module = _load_module(contract_path)
             ^^^^^^^^^^^^^^^^^^^^^^^^^^^
_ _ _ _ _ _ _ _ _ _ _ _ _ _ _ _ _ _ _ _ _ _ _ _ _ _ _ _ _ _ _ _ _ _ _ _ _ _ _ _ 

contract_path = PosixPath('/workspace/scratch/6ad74b9a2f71/evidence-independence-matrix/contracts/evidence_independence_matrix.py')

    def _load_module(contract_path: Path) -> Any:
        """Load a Python module from file path."""
        module_name = f"_contract_{contract_path.stem}"
    
        if module_name in sys.modules:
            del sys.modules[module_name]
    
        spec = importlib.util.spec_from_file_location(module_name, contract_path)
        if spec is None or spec.loader is None:
            raise ImportError(f"Cannot load module from {contract_path}")
    
        module = importlib.util.module_from_spec(spec)
        sys.modules[module_name] = module
    
        try:
            spec.loader.exec_module(module)
        except Exception as e:
            if module_name in sys.modules:
                del sys.modules[module_name]
>           raise ImportError(f"Failed to load contract: {e}") from e
E           ImportError: Failed to load contract: closing parenthesis '}' does not match opening parenthesis '[' (evidence_independence_matrix.py, line 551)

/tmp/eim-phase3-env/lib/python3.12/site-packages/gltest/direct/loader.py:315: ImportError
_ ERROR at setup of test_public_document_offline_readability_and_digest[ERC-20] _

contract_path = PosixPath('/workspace/scratch/6ad74b9a2f71/evidence-independence-matrix/contracts/evidence_independence_matrix.py')

    def _load_module(contract_path: Path) -> Any:
        """Load a Python module from file path."""
        module_name = f"_contract_{contract_path.stem}"
    
        if module_name in sys.modules:
            del sys.modules[module_name]
    
        spec = importlib.util.spec_from_file_location(module_name, contract_path)
        if spec is None or spec.loader is None:
            raise ImportError(f"Cannot load module from {contract_path}")
    
        module = importlib.util.module_from_spec(spec)
        sys.modules[module_name] = module
    
        try:
>           spec.loader.exec_module(module)
E             File "/workspace/scratch/6ad74b9a2f71/evidence-independence-matrix/contracts/evidence_independence_matrix.py", line 551
E               "relations": [p["relation"] for p in candidate["pairs"]}),
E                                                                      ^
E           SyntaxError: closing parenthesis '}' does not match opening parenthesis '['

/tmp/eim-phase3-env/lib/python3.12/site-packages/gltest/direct/loader.py:311: SyntaxError

The above exception was the direct cause of the following exception:

    @pytest.fixture(scope="session")
    def eim():
        archive = download_artifacts("v0.2.16")
        with archive.open("rb") as stream:
            assert hashlib.file_digest(stream, "sha256").hexdigest() == ARTIFACT_SHA256
        vm = VMContext()
        vm._sender = bytes.fromhex("ab" * 20)
        vm._contract_address = bytes.fromhex("cd" * 20)
        vm._chain_id = 61999
>       cls = load_contract_class(ROOT / "contracts/evidence_independence_matrix.py", vm, sdk_version="v0.2.16")
              ^^^^^^^^^^^^^^^^^^^^^^^^^^^^^^^^^^^^^^^^^^^^^^^^^^^^^^^^^^^^^^^^^^^^^^^^^^^^^^^^^^^^^^^^^^^^^^^^^^

tests/conftest.py:21: 
_ _ _ _ _ _ _ _ _ _ _ _ _ _ _ _ _ _ _ _ _ _ _ _ _ _ _ _ _ _ _ _ _ _ _ _ _ _ _ _ 
/tmp/eim-phase3-env/lib/python3.12/site-packages/gltest/direct/loader.py:57: in load_contract_class
    module = _load_module(contract_path)
             ^^^^^^^^^^^^^^^^^^^^^^^^^^^
_ _ _ _ _ _ _ _ _ _ _ _ _ _ _ _ _ _ _ _ _ _ _ _ _ _ _ _ _ _ _ _ _ _ _ _ _ _ _ _ 

contract_path = PosixPath('/workspace/scratch/6ad74b9a2f71/evidence-independence-matrix/contracts/evidence_independence_matrix.py')

    def _load_module(contract_path: Path) -> Any:
        """Load a Python module from file path."""
        module_name = f"_contract_{contract_path.stem}"
    
        if module_name in sys.modules:
            del sys.modules[module_name]
    
        spec = importlib.util.spec_from_file_location(module_name, contract_path)
        if spec is None or spec.loader is None:
            raise ImportError(f"Cannot load module from {contract_path}")
    
        module = importlib.util.module_from_spec(spec)
        sys.modules[module_name] = module
    
        try:
            spec.loader.exec_module(module)
        except Exception as e:
            if module_name in sys.modules:
                del sys.modules[module_name]
>           raise ImportError(f"Failed to load contract: {e}") from e
E           ImportError: Failed to load contract: closing parenthesis '}' does not match opening parenthesis '[' (evidence_independence_matrix.py, line 551)

/tmp/eim-phase3-env/lib/python3.12/site-packages/gltest/direct/loader.py:315: ImportError
_ ERROR at setup of test_public_document_offline_readability_and_digest[IERC20] _

contract_path = PosixPath('/workspace/scratch/6ad74b9a2f71/evidence-independence-matrix/contracts/evidence_independence_matrix.py')

    def _load_module(contract_path: Path) -> Any:
        """Load a Python module from file path."""
        module_name = f"_contract_{contract_path.stem}"
    
        if module_name in sys.modules:
            del sys.modules[module_name]
    
        spec = importlib.util.spec_from_file_location(module_name, contract_path)
        if spec is None or spec.loader is None:
            raise ImportError(f"Cannot load module from {contract_path}")
    
        module = importlib.util.module_from_spec(spec)
        sys.modules[module_name] = module
    
        try:
>           spec.loader.exec_module(module)
E             File "/workspace/scratch/6ad74b9a2f71/evidence-independence-matrix/contracts/evidence_independence_matrix.py", line 551
E               "relations": [p["relation"] for p in candidate["pairs"]}),
E                                                                      ^
E           SyntaxError: closing parenthesis '}' does not match opening parenthesis '['

/tmp/eim-phase3-env/lib/python3.12/site-packages/gltest/direct/loader.py:311: SyntaxError

The above exception was the direct cause of the following exception:

    @pytest.fixture(scope="session")
    def eim():
        archive = download_artifacts("v0.2.16")
        with archive.open("rb") as stream:
            assert hashlib.file_digest(stream, "sha256").hexdigest() == ARTIFACT_SHA256
        vm = VMContext()
        vm._sender = bytes.fromhex("ab" * 20)
        vm._contract_address = bytes.fromhex("cd" * 20)
        vm._chain_id = 61999
>       cls = load_contract_class(ROOT / "contracts/evidence_independence_matrix.py", vm, sdk_version="v0.2.16")
              ^^^^^^^^^^^^^^^^^^^^^^^^^^^^^^^^^^^^^^^^^^^^^^^^^^^^^^^^^^^^^^^^^^^^^^^^^^^^^^^^^^^^^^^^^^^^^^^^^^

tests/conftest.py:21: 
_ _ _ _ _ _ _ _ _ _ _ _ _ _ _ _ _ _ _ _ _ _ _ _ _ _ _ _ _ _ _ _ _ _ _ _ _ _ _ _ 
/tmp/eim-phase3-env/lib/python3.12/site-packages/gltest/direct/loader.py:57: in load_contract_class
    module = _load_module(contract_path)
             ^^^^^^^^^^^^^^^^^^^^^^^^^^^
_ _ _ _ _ _ _ _ _ _ _ _ _ _ _ _ _ _ _ _ _ _ _ _ _ _ _ _ _ _ _ _ _ _ _ _ _ _ _ _ 

contract_path = PosixPath('/workspace/scratch/6ad74b9a2f71/evidence-independence-matrix/contracts/evidence_independence_matrix.py')

    def _load_module(contract_path: Path) -> Any:
        """Load a Python module from file path."""
        module_name = f"_contract_{contract_path.stem}"
    
        if module_name in sys.modules:
            del sys.modules[module_name]
    
        spec = importlib.util.spec_from_file_location(module_name, contract_path)
        if spec is None or spec.loader is None:
            raise ImportError(f"Cannot load module from {contract_path}")
    
        module = importlib.util.module_from_spec(spec)
        sys.modules[module_name] = module
    
        try:
            spec.loader.exec_module(module)
        except Exception as e:
            if module_name in sys.modules:
                del sys.modules[module_name]
>           raise ImportError(f"Failed to load contract: {e}") from e
E           ImportError: Failed to load contract: closing parenthesis '}' does not match opening parenthesis '[' (evidence_independence_matrix.py, line 551)

/tmp/eim-phase3-env/lib/python3.12/site-packages/gltest/direct/loader.py:315: ImportError
_ ERROR at setup of test_injection_fixture_preserves_boundaries_and_never_follows_url _

contract_path = PosixPath('/workspace/scratch/6ad74b9a2f71/evidence-independence-matrix/contracts/evidence_independence_matrix.py')

    def _load_module(contract_path: Path) -> Any:
        """Load a Python module from file path."""
        module_name = f"_contract_{contract_path.stem}"
    
        if module_name in sys.modules:
            del sys.modules[module_name]
    
        spec = importlib.util.spec_from_file_location(module_name, contract_path)
        if spec is None or spec.loader is None:
            raise ImportError(f"Cannot load module from {contract_path}")
    
        module = importlib.util.module_from_spec(spec)
        sys.modules[module_name] = module
    
        try:
>           spec.loader.exec_module(module)
E             File "/workspace/scratch/6ad74b9a2f71/evidence-independence-matrix/contracts/evidence_independence_matrix.py", line 551
E               "relations": [p["relation"] for p in candidate["pairs"]}),
E                                                                      ^
E           SyntaxError: closing parenthesis '}' does not match opening parenthesis '['

/tmp/eim-phase3-env/lib/python3.12/site-packages/gltest/direct/loader.py:311: SyntaxError

The above exception was the direct cause of the following exception:

    @pytest.fixture(scope="session")
    def eim():
        archive = download_artifacts("v0.2.16")
        with archive.open("rb") as stream:
            assert hashlib.file_digest(stream, "sha256").hexdigest() == ARTIFACT_SHA256
        vm = VMContext()
        vm._sender = bytes.fromhex("ab" * 20)
        vm._contract_address = bytes.fromhex("cd" * 20)
        vm._chain_id = 61999
>       cls = load_contract_class(ROOT / "contracts/evidence_independence_matrix.py", vm, sdk_version="v0.2.16")
              ^^^^^^^^^^^^^^^^^^^^^^^^^^^^^^^^^^^^^^^^^^^^^^^^^^^^^^^^^^^^^^^^^^^^^^^^^^^^^^^^^^^^^^^^^^^^^^^^^^

tests/conftest.py:21: 
_ _ _ _ _ _ _ _ _ _ _ _ _ _ _ _ _ _ _ _ _ _ _ _ _ _ _ _ _ _ _ _ _ _ _ _ _ _ _ _ 
/tmp/eim-phase3-env/lib/python3.12/site-packages/gltest/direct/loader.py:57: in load_contract_class
    module = _load_module(contract_path)
             ^^^^^^^^^^^^^^^^^^^^^^^^^^^
_ _ _ _ _ _ _ _ _ _ _ _ _ _ _ _ _ _ _ _ _ _ _ _ _ _ _ _ _ _ _ _ _ _ _ _ _ _ _ _ 

contract_path = PosixPath('/workspace/scratch/6ad74b9a2f71/evidence-independence-matrix/contracts/evidence_independence_matrix.py')

    def _load_module(contract_path: Path) -> Any:
        """Load a Python module from file path."""
        module_name = f"_contract_{contract_path.stem}"
    
        if module_name in sys.modules:
            del sys.modules[module_name]
    
        spec = importlib.util.spec_from_file_location(module_name, contract_path)
        if spec is None or spec.loader is None:
            raise ImportError(f"Cannot load module from {contract_path}")
    
        module = importlib.util.module_from_spec(spec)
        sys.modules[module_name] = module
    
        try:
            spec.loader.exec_module(module)
        except Exception as e:
            if module_name in sys.modules:
                del sys.modules[module_name]
>           raise ImportError(f"Failed to load contract: {e}") from e
E           ImportError: Failed to load contract: closing parenthesis '}' does not match opening parenthesis '[' (evidence_independence_matrix.py, line 551)

/tmp/eim-phase3-env/lib/python3.12/site-packages/gltest/direct/loader.py:315: ImportError
__ ERROR at setup of test_error_fixture_taxonomy_and_write_boundary[http-404] __

contract_path = PosixPath('/workspace/scratch/6ad74b9a2f71/evidence-independence-matrix/contracts/evidence_independence_matrix.py')

    def _load_module(contract_path: Path) -> Any:
        """Load a Python module from file path."""
        module_name = f"_contract_{contract_path.stem}"
    
        if module_name in sys.modules:
            del sys.modules[module_name]
    
        spec = importlib.util.spec_from_file_location(module_name, contract_path)
        if spec is None or spec.loader is None:
            raise ImportError(f"Cannot load module from {contract_path}")
    
        module = importlib.util.module_from_spec(spec)
        sys.modules[module_name] = module
    
        try:
>           spec.loader.exec_module(module)
E             File "/workspace/scratch/6ad74b9a2f71/evidence-independence-matrix/contracts/evidence_independence_matrix.py", line 551
E               "relations": [p["relation"] for p in candidate["pairs"]}),
E                                                                      ^
E           SyntaxError: closing parenthesis '}' does not match opening parenthesis '['

/tmp/eim-phase3-env/lib/python3.12/site-packages/gltest/direct/loader.py:311: SyntaxError

The above exception was the direct cause of the following exception:

    @pytest.fixture(scope="session")
    def eim():
        archive = download_artifacts("v0.2.16")
        with archive.open("rb") as stream:
            assert hashlib.file_digest(stream, "sha256").hexdigest() == ARTIFACT_SHA256
        vm = VMContext()
        vm._sender = bytes.fromhex("ab" * 20)
        vm._contract_address = bytes.fromhex("cd" * 20)
        vm._chain_id = 61999
>       cls = load_contract_class(ROOT / "contracts/evidence_independence_matrix.py", vm, sdk_version="v0.2.16")
              ^^^^^^^^^^^^^^^^^^^^^^^^^^^^^^^^^^^^^^^^^^^^^^^^^^^^^^^^^^^^^^^^^^^^^^^^^^^^^^^^^^^^^^^^^^^^^^^^^^

tests/conftest.py:21: 
_ _ _ _ _ _ _ _ _ _ _ _ _ _ _ _ _ _ _ _ _ _ _ _ _ _ _ _ _ _ _ _ _ _ _ _ _ _ _ _ 
/tmp/eim-phase3-env/lib/python3.12/site-packages/gltest/direct/loader.py:57: in load_contract_class
    module = _load_module(contract_path)
             ^^^^^^^^^^^^^^^^^^^^^^^^^^^
_ _ _ _ _ _ _ _ _ _ _ _ _ _ _ _ _ _ _ _ _ _ _ _ _ _ _ _ _ _ _ _ _ _ _ _ _ _ _ _ 

contract_path = PosixPath('/workspace/scratch/6ad74b9a2f71/evidence-independence-matrix/contracts/evidence_independence_matrix.py')

    def _load_module(contract_path: Path) -> Any:
        """Load a Python module from file path."""
        module_name = f"_contract_{contract_path.stem}"
    
        if module_name in sys.modules:
            del sys.modules[module_name]
    
        spec = importlib.util.spec_from_file_location(module_name, contract_path)
        if spec is None or spec.loader is None:
            raise ImportError(f"Cannot load module from {contract_path}")
    
        module = importlib.util.module_from_spec(spec)
        sys.modules[module_name] = module
    
        try:
            spec.loader.exec_module(module)
        except Exception as e:
            if module_name in sys.modules:
                del sys.modules[module_name]
>           raise ImportError(f"Failed to load contract: {e}") from e
E           ImportError: Failed to load contract: closing parenthesis '}' does not match opening parenthesis '[' (evidence_independence_matrix.py, line 551)

/tmp/eim-phase3-env/lib/python3.12/site-packages/gltest/direct/loader.py:315: ImportError
__ ERROR at setup of test_error_fixture_taxonomy_and_write_boundary[http-410] __

contract_path = PosixPath('/workspace/scratch/6ad74b9a2f71/evidence-independence-matrix/contracts/evidence_independence_matrix.py')

    def _load_module(contract_path: Path) -> Any:
        """Load a Python module from file path."""
        module_name = f"_contract_{contract_path.stem}"
    
        if module_name in sys.modules:
            del sys.modules[module_name]
    
        spec = importlib.util.spec_from_file_location(module_name, contract_path)
        if spec is None or spec.loader is None:
            raise ImportError(f"Cannot load module from {contract_path}")
    
        module = importlib.util.module_from_spec(spec)
        sys.modules[module_name] = module
    
        try:
>           spec.loader.exec_module(module)
E             File "/workspace/scratch/6ad74b9a2f71/evidence-independence-matrix/contracts/evidence_independence_matrix.py", line 551
E               "relations": [p["relation"] for p in candidate["pairs"]}),
E                                                                      ^
E           SyntaxError: closing parenthesis '}' does not match opening parenthesis '['

/tmp/eim-phase3-env/lib/python3.12/site-packages/gltest/direct/loader.py:311: SyntaxError

The above exception was the direct cause of the following exception:

    @pytest.fixture(scope="session")
    def eim():
        archive = download_artifacts("v0.2.16")
        with archive.open("rb") as stream:
            assert hashlib.file_digest(stream, "sha256").hexdigest() == ARTIFACT_SHA256
        vm = VMContext()
        vm._sender = bytes.fromhex("ab" * 20)
        vm._contract_address = bytes.fromhex("cd" * 20)
        vm._chain_id = 61999
>       cls = load_contract_class(ROOT / "contracts/evidence_independence_matrix.py", vm, sdk_version="v0.2.16")
              ^^^^^^^^^^^^^^^^^^^^^^^^^^^^^^^^^^^^^^^^^^^^^^^^^^^^^^^^^^^^^^^^^^^^^^^^^^^^^^^^^^^^^^^^^^^^^^^^^^

tests/conftest.py:21: 
_ _ _ _ _ _ _ _ _ _ _ _ _ _ _ _ _ _ _ _ _ _ _ _ _ _ _ _ _ _ _ _ _ _ _ _ _ _ _ _ 
/tmp/eim-phase3-env/lib/python3.12/site-packages/gltest/direct/loader.py:57: in load_contract_class
    module = _load_module(contract_path)
             ^^^^^^^^^^^^^^^^^^^^^^^^^^^
_ _ _ _ _ _ _ _ _ _ _ _ _ _ _ _ _ _ _ _ _ _ _ _ _ _ _ _ _ _ _ _ _ _ _ _ _ _ _ _ 

contract_path = PosixPath('/workspace/scratch/6ad74b9a2f71/evidence-independence-matrix/contracts/evidence_independence_matrix.py')

    def _load_module(contract_path: Path) -> Any:
        """Load a Python module from file path."""
        module_name = f"_contract_{contract_path.stem}"
    
        if module_name in sys.modules:
            del sys.modules[module_name]
    
        spec = importlib.util.spec_from_file_location(module_name, contract_path)
        if spec is None or spec.loader is None:
            raise ImportError(f"Cannot load module from {contract_path}")
    
        module = importlib.util.module_from_spec(spec)
        sys.modules[module_name] = module
    
        try:
            spec.loader.exec_module(module)
        except Exception as e:
            if module_name in sys.modules:
                del sys.modules[module_name]
>           raise ImportError(f"Failed to load contract: {e}") from e
E           ImportError: Failed to load contract: closing parenthesis '}' does not match opening parenthesis '[' (evidence_independence_matrix.py, line 551)

/tmp/eim-phase3-env/lib/python3.12/site-packages/gltest/direct/loader.py:315: ImportError
__ ERROR at setup of test_error_fixture_taxonomy_and_write_boundary[http-401] __

contract_path = PosixPath('/workspace/scratch/6ad74b9a2f71/evidence-independence-matrix/contracts/evidence_independence_matrix.py')

    def _load_module(contract_path: Path) -> Any:
        """Load a Python module from file path."""
        module_name = f"_contract_{contract_path.stem}"
    
        if module_name in sys.modules:
            del sys.modules[module_name]
    
        spec = importlib.util.spec_from_file_location(module_name, contract_path)
        if spec is None or spec.loader is None:
            raise ImportError(f"Cannot load module from {contract_path}")
    
        module = importlib.util.module_from_spec(spec)
        sys.modules[module_name] = module
    
        try:
>           spec.loader.exec_module(module)
E             File "/workspace/scratch/6ad74b9a2f71/evidence-independence-matrix/contracts/evidence_independence_matrix.py", line 551
E               "relations": [p["relation"] for p in candidate["pairs"]}),
E                                                                      ^
E           SyntaxError: closing parenthesis '}' does not match opening parenthesis '['

/tmp/eim-phase3-env/lib/python3.12/site-packages/gltest/direct/loader.py:311: SyntaxError

The above exception was the direct cause of the following exception:

    @pytest.fixture(scope="session")
    def eim():
        archive = download_artifacts("v0.2.16")
        with archive.open("rb") as stream:
            assert hashlib.file_digest(stream, "sha256").hexdigest() == ARTIFACT_SHA256
        vm = VMContext()
        vm._sender = bytes.fromhex("ab" * 20)
        vm._contract_address = bytes.fromhex("cd" * 20)
        vm._chain_id = 61999
>       cls = load_contract_class(ROOT / "contracts/evidence_independence_matrix.py", vm, sdk_version="v0.2.16")
              ^^^^^^^^^^^^^^^^^^^^^^^^^^^^^^^^^^^^^^^^^^^^^^^^^^^^^^^^^^^^^^^^^^^^^^^^^^^^^^^^^^^^^^^^^^^^^^^^^^

tests/conftest.py:21: 
_ _ _ _ _ _ _ _ _ _ _ _ _ _ _ _ _ _ _ _ _ _ _ _ _ _ _ _ _ _ _ _ _ _ _ _ _ _ _ _ 
/tmp/eim-phase3-env/lib/python3.12/site-packages/gltest/direct/loader.py:57: in load_contract_class
    module = _load_module(contract_path)
             ^^^^^^^^^^^^^^^^^^^^^^^^^^^
_ _ _ _ _ _ _ _ _ _ _ _ _ _ _ _ _ _ _ _ _ _ _ _ _ _ _ _ _ _ _ _ _ _ _ _ _ _ _ _ 

contract_path = PosixPath('/workspace/scratch/6ad74b9a2f71/evidence-independence-matrix/contracts/evidence_independence_matrix.py')

    def _load_module(contract_path: Path) -> Any:
        """Load a Python module from file path."""
        module_name = f"_contract_{contract_path.stem}"
    
        if module_name in sys.modules:
            del sys.modules[module_name]
    
        spec = importlib.util.spec_from_file_location(module_name, contract_path)
        if spec is None or spec.loader is None:
            raise ImportError(f"Cannot load module from {contract_path}")
    
        module = importlib.util.module_from_spec(spec)
        sys.modules[module_name] = module
    
        try:
            spec.loader.exec_module(module)
        except Exception as e:
            if module_name in sys.modules:
                del sys.modules[module_name]
>           raise ImportError(f"Failed to load contract: {e}") from e
E           ImportError: Failed to load contract: closing parenthesis '}' does not match opening parenthesis '[' (evidence_independence_matrix.py, line 551)

/tmp/eim-phase3-env/lib/python3.12/site-packages/gltest/direct/loader.py:315: ImportError
__ ERROR at setup of test_error_fixture_taxonomy_and_write_boundary[http-403] __

contract_path = PosixPath('/workspace/scratch/6ad74b9a2f71/evidence-independence-matrix/contracts/evidence_independence_matrix.py')

    def _load_module(contract_path: Path) -> Any:
        """Load a Python module from file path."""
        module_name = f"_contract_{contract_path.stem}"
    
        if module_name in sys.modules:
            del sys.modules[module_name]
    
        spec = importlib.util.spec_from_file_location(module_name, contract_path)
        if spec is None or spec.loader is None:
            raise ImportError(f"Cannot load module from {contract_path}")
    
        module = importlib.util.module_from_spec(spec)
        sys.modules[module_name] = module
    
        try:
>           spec.loader.exec_module(module)
E             File "/workspace/scratch/6ad74b9a2f71/evidence-independence-matrix/contracts/evidence_independence_matrix.py", line 551
E               "relations": [p["relation"] for p in candidate["pairs"]}),
E                                                                      ^
E           SyntaxError: closing parenthesis '}' does not match opening parenthesis '['

/tmp/eim-phase3-env/lib/python3.12/site-packages/gltest/direct/loader.py:311: SyntaxError

The above exception was the direct cause of the following exception:

    @pytest.fixture(scope="session")
    def eim():
        archive = download_artifacts("v0.2.16")
        with archive.open("rb") as stream:
            assert hashlib.file_digest(stream, "sha256").hexdigest() == ARTIFACT_SHA256
        vm = VMContext()
        vm._sender = bytes.fromhex("ab" * 20)
        vm._contract_address = bytes.fromhex("cd" * 20)
        vm._chain_id = 61999
>       cls = load_contract_class(ROOT / "contracts/evidence_independence_matrix.py", vm, sdk_version="v0.2.16")
              ^^^^^^^^^^^^^^^^^^^^^^^^^^^^^^^^^^^^^^^^^^^^^^^^^^^^^^^^^^^^^^^^^^^^^^^^^^^^^^^^^^^^^^^^^^^^^^^^^^

tests/conftest.py:21: 
_ _ _ _ _ _ _ _ _ _ _ _ _ _ _ _ _ _ _ _ _ _ _ _ _ _ _ _ _ _ _ _ _ _ _ _ _ _ _ _ 
/tmp/eim-phase3-env/lib/python3.12/site-packages/gltest/direct/loader.py:57: in load_contract_class
    module = _load_module(contract_path)
             ^^^^^^^^^^^^^^^^^^^^^^^^^^^
_ _ _ _ _ _ _ _ _ _ _ _ _ _ _ _ _ _ _ _ _ _ _ _ _ _ _ _ _ _ _ _ _ _ _ _ _ _ _ _ 

contract_path = PosixPath('/workspace/scratch/6ad74b9a2f71/evidence-independence-matrix/contracts/evidence_independence_matrix.py')

    def _load_module(contract_path: Path) -> Any:
        """Load a Python module from file path."""
        module_name = f"_contract_{contract_path.stem}"
    
        if module_name in sys.modules:
            del sys.modules[module_name]
    
        spec = importlib.util.spec_from_file_location(module_name, contract_path)
        if spec is None or spec.loader is None:
            raise ImportError(f"Cannot load module from {contract_path}")
    
        module = importlib.util.module_from_spec(spec)
        sys.modules[module_name] = module
    
        try:
            spec.loader.exec_module(module)
        except Exception as e:
            if module_name in sys.modules:
                del sys.modules[module_name]
>           raise ImportError(f"Failed to load contract: {e}") from e
E           ImportError: Failed to load contract: closing parenthesis '}' does not match opening parenthesis '[' (evidence_independence_matrix.py, line 551)

/tmp/eim-phase3-env/lib/python3.12/site-packages/gltest/direct/loader.py:315: ImportError
__ ERROR at setup of test_error_fixture_taxonomy_and_write_boundary[oversize] __

contract_path = PosixPath('/workspace/scratch/6ad74b9a2f71/evidence-independence-matrix/contracts/evidence_independence_matrix.py')

    def _load_module(contract_path: Path) -> Any:
        """Load a Python module from file path."""
        module_name = f"_contract_{contract_path.stem}"
    
        if module_name in sys.modules:
            del sys.modules[module_name]
    
        spec = importlib.util.spec_from_file_location(module_name, contract_path)
        if spec is None or spec.loader is None:
            raise ImportError(f"Cannot load module from {contract_path}")
    
        module = importlib.util.module_from_spec(spec)
        sys.modules[module_name] = module
    
        try:
>           spec.loader.exec_module(module)
E             File "/workspace/scratch/6ad74b9a2f71/evidence-independence-matrix/contracts/evidence_independence_matrix.py", line 551
E               "relations": [p["relation"] for p in candidate["pairs"]}),
E                                                                      ^
E           SyntaxError: closing parenthesis '}' does not match opening parenthesis '['

/tmp/eim-phase3-env/lib/python3.12/site-packages/gltest/direct/loader.py:311: SyntaxError

The above exception was the direct cause of the following exception:

    @pytest.fixture(scope="session")
    def eim():
        archive = download_artifacts("v0.2.16")
        with archive.open("rb") as stream:
            assert hashlib.file_digest(stream, "sha256").hexdigest() == ARTIFACT_SHA256
        vm = VMContext()
        vm._sender = bytes.fromhex("ab" * 20)
        vm._contract_address = bytes.fromhex("cd" * 20)
        vm._chain_id = 61999
>       cls = load_contract_class(ROOT / "contracts/evidence_independence_matrix.py", vm, sdk_version="v0.2.16")
              ^^^^^^^^^^^^^^^^^^^^^^^^^^^^^^^^^^^^^^^^^^^^^^^^^^^^^^^^^^^^^^^^^^^^^^^^^^^^^^^^^^^^^^^^^^^^^^^^^^

tests/conftest.py:21: 
_ _ _ _ _ _ _ _ _ _ _ _ _ _ _ _ _ _ _ _ _ _ _ _ _ _ _ _ _ _ _ _ _ _ _ _ _ _ _ _ 
/tmp/eim-phase3-env/lib/python3.12/site-packages/gltest/direct/loader.py:57: in load_contract_class
    module = _load_module(contract_path)
             ^^^^^^^^^^^^^^^^^^^^^^^^^^^
_ _ _ _ _ _ _ _ _ _ _ _ _ _ _ _ _ _ _ _ _ _ _ _ _ _ _ _ _ _ _ _ _ _ _ _ _ _ _ _ 

contract_path = PosixPath('/workspace/scratch/6ad74b9a2f71/evidence-independence-matrix/contracts/evidence_independence_matrix.py')

    def _load_module(contract_path: Path) -> Any:
        """Load a Python module from file path."""
        module_name = f"_contract_{contract_path.stem}"
    
        if module_name in sys.modules:
            del sys.modules[module_name]
    
        spec = importlib.util.spec_from_file_location(module_name, contract_path)
        if spec is None or spec.loader is None:
            raise ImportError(f"Cannot load module from {contract_path}")
    
        module = importlib.util.module_from_spec(spec)
        sys.modules[module_name] = module
    
        try:
            spec.loader.exec_module(module)
        except Exception as e:
            if module_name in sys.modules:
                del sys.modules[module_name]
>           raise ImportError(f"Failed to load contract: {e}") from e
E           ImportError: Failed to load contract: closing parenthesis '}' does not match opening parenthesis '[' (evidence_independence_matrix.py, line 551)

/tmp/eim-phase3-env/lib/python3.12/site-packages/gltest/direct/loader.py:315: ImportError
_ ERROR at setup of test_error_fixture_taxonomy_and_write_boundary[invalid-utf8] _

contract_path = PosixPath('/workspace/scratch/6ad74b9a2f71/evidence-independence-matrix/contracts/evidence_independence_matrix.py')

    def _load_module(contract_path: Path) -> Any:
        """Load a Python module from file path."""
        module_name = f"_contract_{contract_path.stem}"
    
        if module_name in sys.modules:
            del sys.modules[module_name]
    
        spec = importlib.util.spec_from_file_location(module_name, contract_path)
        if spec is None or spec.loader is None:
            raise ImportError(f"Cannot load module from {contract_path}")
    
        module = importlib.util.module_from_spec(spec)
        sys.modules[module_name] = module
    
        try:
>           spec.loader.exec_module(module)
E             File "/workspace/scratch/6ad74b9a2f71/evidence-independence-matrix/contracts/evidence_independence_matrix.py", line 551
E               "relations": [p["relation"] for p in candidate["pairs"]}),
E                                                                      ^
E           SyntaxError: closing parenthesis '}' does not match opening parenthesis '['

/tmp/eim-phase3-env/lib/python3.12/site-packages/gltest/direct/loader.py:311: SyntaxError

The above exception was the direct cause of the following exception:

    @pytest.fixture(scope="session")
    def eim():
        archive = download_artifacts("v0.2.16")
        with archive.open("rb") as stream:
            assert hashlib.file_digest(stream, "sha256").hexdigest() == ARTIFACT_SHA256
        vm = VMContext()
        vm._sender = bytes.fromhex("ab" * 20)
        vm._contract_address = bytes.fromhex("cd" * 20)
        vm._chain_id = 61999
>       cls = load_contract_class(ROOT / "contracts/evidence_independence_matrix.py", vm, sdk_version="v0.2.16")
              ^^^^^^^^^^^^^^^^^^^^^^^^^^^^^^^^^^^^^^^^^^^^^^^^^^^^^^^^^^^^^^^^^^^^^^^^^^^^^^^^^^^^^^^^^^^^^^^^^^

tests/conftest.py:21: 
_ _ _ _ _ _ _ _ _ _ _ _ _ _ _ _ _ _ _ _ _ _ _ _ _ _ _ _ _ _ _ _ _ _ _ _ _ _ _ _ 
/tmp/eim-phase3-env/lib/python3.12/site-packages/gltest/direct/loader.py:57: in load_contract_class
    module = _load_module(contract_path)
             ^^^^^^^^^^^^^^^^^^^^^^^^^^^
_ _ _ _ _ _ _ _ _ _ _ _ _ _ _ _ _ _ _ _ _ _ _ _ _ _ _ _ _ _ _ _ _ _ _ _ _ _ _ _ 

contract_path = PosixPath('/workspace/scratch/6ad74b9a2f71/evidence-independence-matrix/contracts/evidence_independence_matrix.py')

    def _load_module(contract_path: Path) -> Any:
        """Load a Python module from file path."""
        module_name = f"_contract_{contract_path.stem}"
    
        if module_name in sys.modules:
            del sys.modules[module_name]
    
        spec = importlib.util.spec_from_file_location(module_name, contract_path)
        if spec is None or spec.loader is None:
            raise ImportError(f"Cannot load module from {contract_path}")
    
        module = importlib.util.module_from_spec(spec)
        sys.modules[module_name] = module
    
        try:
            spec.loader.exec_module(module)
        except Exception as e:
            if module_name in sys.modules:
                del sys.modules[module_name]
>           raise ImportError(f"Failed to load contract: {e}") from e
E           ImportError: Failed to load contract: closing parenthesis '}' does not match opening parenthesis '[' (evidence_independence_matrix.py, line 551)

/tmp/eim-phase3-env/lib/python3.12/site-packages/gltest/direct/loader.py:315: ImportError
____ ERROR at setup of test_error_fixture_taxonomy_and_write_boundary[html] ____

contract_path = PosixPath('/workspace/scratch/6ad74b9a2f71/evidence-independence-matrix/contracts/evidence_independence_matrix.py')

    def _load_module(contract_path: Path) -> Any:
        """Load a Python module from file path."""
        module_name = f"_contract_{contract_path.stem}"
    
        if module_name in sys.modules:
            del sys.modules[module_name]
    
        spec = importlib.util.spec_from_file_location(module_name, contract_path)
        if spec is None or spec.loader is None:
            raise ImportError(f"Cannot load module from {contract_path}")
    
        module = importlib.util.module_from_spec(spec)
        sys.modules[module_name] = module
    
        try:
>           spec.loader.exec_module(module)
E             File "/workspace/scratch/6ad74b9a2f71/evidence-independence-matrix/contracts/evidence_independence_matrix.py", line 551
E               "relations": [p["relation"] for p in candidate["pairs"]}),
E                                                                      ^
E           SyntaxError: closing parenthesis '}' does not match opening parenthesis '['

/tmp/eim-phase3-env/lib/python3.12/site-packages/gltest/direct/loader.py:311: SyntaxError

The above exception was the direct cause of the following exception:

    @pytest.fixture(scope="session")
    def eim():
        archive = download_artifacts("v0.2.16")
        with archive.open("rb") as stream:
            assert hashlib.file_digest(stream, "sha256").hexdigest() == ARTIFACT_SHA256
        vm = VMContext()
        vm._sender = bytes.fromhex("ab" * 20)
        vm._contract_address = bytes.fromhex("cd" * 20)
        vm._chain_id = 61999
>       cls = load_contract_class(ROOT / "contracts/evidence_independence_matrix.py", vm, sdk_version="v0.2.16")
              ^^^^^^^^^^^^^^^^^^^^^^^^^^^^^^^^^^^^^^^^^^^^^^^^^^^^^^^^^^^^^^^^^^^^^^^^^^^^^^^^^^^^^^^^^^^^^^^^^^

tests/conftest.py:21: 
_ _ _ _ _ _ _ _ _ _ _ _ _ _ _ _ _ _ _ _ _ _ _ _ _ _ _ _ _ _ _ _ _ _ _ _ _ _ _ _ 
/tmp/eim-phase3-env/lib/python3.12/site-packages/gltest/direct/loader.py:57: in load_contract_class
    module = _load_module(contract_path)
             ^^^^^^^^^^^^^^^^^^^^^^^^^^^
_ _ _ _ _ _ _ _ _ _ _ _ _ _ _ _ _ _ _ _ _ _ _ _ _ _ _ _ _ _ _ _ _ _ _ _ _ _ _ _ 

contract_path = PosixPath('/workspace/scratch/6ad74b9a2f71/evidence-independence-matrix/contracts/evidence_independence_matrix.py')

    def _load_module(contract_path: Path) -> Any:
        """Load a Python module from file path."""
        module_name = f"_contract_{contract_path.stem}"
    
        if module_name in sys.modules:
            del sys.modules[module_name]
    
        spec = importlib.util.spec_from_file_location(module_name, contract_path)
        if spec is None or spec.loader is None:
            raise ImportError(f"Cannot load module from {contract_path}")
    
        module = importlib.util.module_from_spec(spec)
        sys.modules[module_name] = module
    
        try:
            spec.loader.exec_module(module)
        except Exception as e:
            if module_name in sys.modules:
                del sys.modules[module_name]
>           raise ImportError(f"Failed to load contract: {e}") from e
E           ImportError: Failed to load contract: closing parenthesis '}' does not match opening parenthesis '[' (evidence_independence_matrix.py, line 551)

/tmp/eim-phase3-env/lib/python3.12/site-packages/gltest/direct/loader.py:315: ImportError
_ ERROR at setup of test_error_fixture_taxonomy_and_write_boundary[unsupported-extension] _

contract_path = PosixPath('/workspace/scratch/6ad74b9a2f71/evidence-independence-matrix/contracts/evidence_independence_matrix.py')

    def _load_module(contract_path: Path) -> Any:
        """Load a Python module from file path."""
        module_name = f"_contract_{contract_path.stem}"
    
        if module_name in sys.modules:
            del sys.modules[module_name]
    
        spec = importlib.util.spec_from_file_location(module_name, contract_path)
        if spec is None or spec.loader is None:
            raise ImportError(f"Cannot load module from {contract_path}")
    
        module = importlib.util.module_from_spec(spec)
        sys.modules[module_name] = module
    
        try:
>           spec.loader.exec_module(module)
E             File "/workspace/scratch/6ad74b9a2f71/evidence-independence-matrix/contracts/evidence_independence_matrix.py", line 551
E               "relations": [p["relation"] for p in candidate["pairs"]}),
E                                                                      ^
E           SyntaxError: closing parenthesis '}' does not match opening parenthesis '['

/tmp/eim-phase3-env/lib/python3.12/site-packages/gltest/direct/loader.py:311: SyntaxError

The above exception was the direct cause of the following exception:

    @pytest.fixture(scope="session")
    def eim():
        archive = download_artifacts("v0.2.16")
        with archive.open("rb") as stream:
            assert hashlib.file_digest(stream, "sha256").hexdigest() == ARTIFACT_SHA256
        vm = VMContext()
        vm._sender = bytes.fromhex("ab" * 20)
        vm._contract_address = bytes.fromhex("cd" * 20)
        vm._chain_id = 61999
>       cls = load_contract_class(ROOT / "contracts/evidence_independence_matrix.py", vm, sdk_version="v0.2.16")
              ^^^^^^^^^^^^^^^^^^^^^^^^^^^^^^^^^^^^^^^^^^^^^^^^^^^^^^^^^^^^^^^^^^^^^^^^^^^^^^^^^^^^^^^^^^^^^^^^^^

tests/conftest.py:21: 
_ _ _ _ _ _ _ _ _ _ _ _ _ _ _ _ _ _ _ _ _ _ _ _ _ _ _ _ _ _ _ _ _ _ _ _ _ _ _ _ 
/tmp/eim-phase3-env/lib/python3.12/site-packages/gltest/direct/loader.py:57: in load_contract_class
    module = _load_module(contract_path)
             ^^^^^^^^^^^^^^^^^^^^^^^^^^^
_ _ _ _ _ _ _ _ _ _ _ _ _ _ _ _ _ _ _ _ _ _ _ _ _ _ _ _ _ _ _ _ _ _ _ _ _ _ _ _ 

contract_path = PosixPath('/workspace/scratch/6ad74b9a2f71/evidence-independence-matrix/contracts/evidence_independence_matrix.py')

    def _load_module(contract_path: Path) -> Any:
        """Load a Python module from file path."""
        module_name = f"_contract_{contract_path.stem}"
    
        if module_name in sys.modules:
            del sys.modules[module_name]
    
        spec = importlib.util.spec_from_file_location(module_name, contract_path)
        if spec is None or spec.loader is None:
            raise ImportError(f"Cannot load module from {contract_path}")
    
        module = importlib.util.module_from_spec(spec)
        sys.modules[module_name] = module
    
        try:
            spec.loader.exec_module(module)
        except Exception as e:
            if module_name in sys.modules:
                del sys.modules[module_name]
>           raise ImportError(f"Failed to load contract: {e}") from e
E           ImportError: Failed to load contract: closing parenthesis '}' does not match opening parenthesis '[' (evidence_independence_matrix.py, line 551)

/tmp/eim-phase3-env/lib/python3.12/site-packages/gltest/direct/loader.py:315: ImportError
__ ERROR at setup of test_error_fixture_taxonomy_and_write_boundary[http-429] __

contract_path = PosixPath('/workspace/scratch/6ad74b9a2f71/evidence-independence-matrix/contracts/evidence_independence_matrix.py')

    def _load_module(contract_path: Path) -> Any:
        """Load a Python module from file path."""
        module_name = f"_contract_{contract_path.stem}"
    
        if module_name in sys.modules:
            del sys.modules[module_name]
    
        spec = importlib.util.spec_from_file_location(module_name, contract_path)
        if spec is None or spec.loader is None:
            raise ImportError(f"Cannot load module from {contract_path}")
    
        module = importlib.util.module_from_spec(spec)
        sys.modules[module_name] = module
    
        try:
>           spec.loader.exec_module(module)
E             File "/workspace/scratch/6ad74b9a2f71/evidence-independence-matrix/contracts/evidence_independence_matrix.py", line 551
E               "relations": [p["relation"] for p in candidate["pairs"]}),
E                                                                      ^
E           SyntaxError: closing parenthesis '}' does not match opening parenthesis '['

/tmp/eim-phase3-env/lib/python3.12/site-packages/gltest/direct/loader.py:311: SyntaxError

The above exception was the direct cause of the following exception:

    @pytest.fixture(scope="session")
    def eim():
        archive = download_artifacts("v0.2.16")
        with archive.open("rb") as stream:
            assert hashlib.file_digest(stream, "sha256").hexdigest() == ARTIFACT_SHA256
        vm = VMContext()
        vm._sender = bytes.fromhex("ab" * 20)
        vm._contract_address = bytes.fromhex("cd" * 20)
        vm._chain_id = 61999
>       cls = load_contract_class(ROOT / "contracts/evidence_independence_matrix.py", vm, sdk_version="v0.2.16")
              ^^^^^^^^^^^^^^^^^^^^^^^^^^^^^^^^^^^^^^^^^^^^^^^^^^^^^^^^^^^^^^^^^^^^^^^^^^^^^^^^^^^^^^^^^^^^^^^^^^

tests/conftest.py:21: 
_ _ _ _ _ _ _ _ _ _ _ _ _ _ _ _ _ _ _ _ _ _ _ _ _ _ _ _ _ _ _ _ _ _ _ _ _ _ _ _ 
/tmp/eim-phase3-env/lib/python3.12/site-packages/gltest/direct/loader.py:57: in load_contract_class
    module = _load_module(contract_path)
             ^^^^^^^^^^^^^^^^^^^^^^^^^^^
_ _ _ _ _ _ _ _ _ _ _ _ _ _ _ _ _ _ _ _ _ _ _ _ _ _ _ _ _ _ _ _ _ _ _ _ _ _ _ _ 

contract_path = PosixPath('/workspace/scratch/6ad74b9a2f71/evidence-independence-matrix/contracts/evidence_independence_matrix.py')

    def _load_module(contract_path: Path) -> Any:
        """Load a Python module from file path."""
        module_name = f"_contract_{contract_path.stem}"
    
        if module_name in sys.modules:
            del sys.modules[module_name]
    
        spec = importlib.util.spec_from_file_location(module_name, contract_path)
        if spec is None or spec.loader is None:
            raise ImportError(f"Cannot load module from {contract_path}")
    
        module = importlib.util.module_from_spec(spec)
        sys.modules[module_name] = module
    
        try:
            spec.loader.exec_module(module)
        except Exception as e:
            if module_name in sys.modules:
                del sys.modules[module_name]
>           raise ImportError(f"Failed to load contract: {e}") from e
E           ImportError: Failed to load contract: closing parenthesis '}' does not match opening parenthesis '[' (evidence_independence_matrix.py, line 551)

/tmp/eim-phase3-env/lib/python3.12/site-packages/gltest/direct/loader.py:315: ImportError
__ ERROR at setup of test_error_fixture_taxonomy_and_write_boundary[http-500] __

contract_path = PosixPath('/workspace/scratch/6ad74b9a2f71/evidence-independence-matrix/contracts/evidence_independence_matrix.py')

    def _load_module(contract_path: Path) -> Any:
        """Load a Python module from file path."""
        module_name = f"_contract_{contract_path.stem}"
    
        if module_name in sys.modules:
            del sys.modules[module_name]
    
        spec = importlib.util.spec_from_file_location(module_name, contract_path)
        if spec is None or spec.loader is None:
            raise ImportError(f"Cannot load module from {contract_path}")
    
        module = importlib.util.module_from_spec(spec)
        sys.modules[module_name] = module
    
        try:
>           spec.loader.exec_module(module)
E             File "/workspace/scratch/6ad74b9a2f71/evidence-independence-matrix/contracts/evidence_independence_matrix.py", line 551
E               "relations": [p["relation"] for p in candidate["pairs"]}),
E                                                                      ^
E           SyntaxError: closing parenthesis '}' does not match opening parenthesis '['

/tmp/eim-phase3-env/lib/python3.12/site-packages/gltest/direct/loader.py:311: SyntaxError

The above exception was the direct cause of the following exception:

    @pytest.fixture(scope="session")
    def eim():
        archive = download_artifacts("v0.2.16")
        with archive.open("rb") as stream:
            assert hashlib.file_digest(stream, "sha256").hexdigest() == ARTIFACT_SHA256
        vm = VMContext()
        vm._sender = bytes.fromhex("ab" * 20)
        vm._contract_address = bytes.fromhex("cd" * 20)
        vm._chain_id = 61999
>       cls = load_contract_class(ROOT / "contracts/evidence_independence_matrix.py", vm, sdk_version="v0.2.16")
              ^^^^^^^^^^^^^^^^^^^^^^^^^^^^^^^^^^^^^^^^^^^^^^^^^^^^^^^^^^^^^^^^^^^^^^^^^^^^^^^^^^^^^^^^^^^^^^^^^^

tests/conftest.py:21: 
_ _ _ _ _ _ _ _ _ _ _ _ _ _ _ _ _ _ _ _ _ _ _ _ _ _ _ _ _ _ _ _ _ _ _ _ _ _ _ _ 
/tmp/eim-phase3-env/lib/python3.12/site-packages/gltest/direct/loader.py:57: in load_contract_class
    module = _load_module(contract_path)
             ^^^^^^^^^^^^^^^^^^^^^^^^^^^
_ _ _ _ _ _ _ _ _ _ _ _ _ _ _ _ _ _ _ _ _ _ _ _ _ _ _ _ _ _ _ _ _ _ _ _ _ _ _ _ 

contract_path = PosixPath('/workspace/scratch/6ad74b9a2f71/evidence-independence-matrix/contracts/evidence_independence_matrix.py')

    def _load_module(contract_path: Path) -> Any:
        """Load a Python module from file path."""
        module_name = f"_contract_{contract_path.stem}"
    
        if module_name in sys.modules:
            del sys.modules[module_name]
    
        spec = importlib.util.spec_from_file_location(module_name, contract_path)
        if spec is None or spec.loader is None:
            raise ImportError(f"Cannot load module from {contract_path}")
    
        module = importlib.util.module_from_spec(spec)
        sys.modules[module_name] = module
    
        try:
            spec.loader.exec_module(module)
        except Exception as e:
            if module_name in sys.modules:
                del sys.modules[module_name]
>           raise ImportError(f"Failed to load contract: {e}") from e
E           ImportError: Failed to load contract: closing parenthesis '}' does not match opening parenthesis '[' (evidence_independence_matrix.py, line 551)

/tmp/eim-phase3-env/lib/python3.12/site-packages/gltest/direct/loader.py:315: ImportError
__ ERROR at setup of test_error_fixture_taxonomy_and_write_boundary[http-503] __

contract_path = PosixPath('/workspace/scratch/6ad74b9a2f71/evidence-independence-matrix/contracts/evidence_independence_matrix.py')

    def _load_module(contract_path: Path) -> Any:
        """Load a Python module from file path."""
        module_name = f"_contract_{contract_path.stem}"
    
        if module_name in sys.modules:
            del sys.modules[module_name]
    
        spec = importlib.util.spec_from_file_location(module_name, contract_path)
        if spec is None or spec.loader is None:
            raise ImportError(f"Cannot load module from {contract_path}")
    
        module = importlib.util.module_from_spec(spec)
        sys.modules[module_name] = module
    
        try:
>           spec.loader.exec_module(module)
E             File "/workspace/scratch/6ad74b9a2f71/evidence-independence-matrix/contracts/evidence_independence_matrix.py", line 551
E               "relations": [p["relation"] for p in candidate["pairs"]}),
E                                                                      ^
E           SyntaxError: closing parenthesis '}' does not match opening parenthesis '['

/tmp/eim-phase3-env/lib/python3.12/site-packages/gltest/direct/loader.py:311: SyntaxError

The above exception was the direct cause of the following exception:

    @pytest.fixture(scope="session")
    def eim():
        archive = download_artifacts("v0.2.16")
        with archive.open("rb") as stream:
            assert hashlib.file_digest(stream, "sha256").hexdigest() == ARTIFACT_SHA256
        vm = VMContext()
        vm._sender = bytes.fromhex("ab" * 20)
        vm._contract_address = bytes.fromhex("cd" * 20)
        vm._chain_id = 61999
>       cls = load_contract_class(ROOT / "contracts/evidence_independence_matrix.py", vm, sdk_version="v0.2.16")
              ^^^^^^^^^^^^^^^^^^^^^^^^^^^^^^^^^^^^^^^^^^^^^^^^^^^^^^^^^^^^^^^^^^^^^^^^^^^^^^^^^^^^^^^^^^^^^^^^^^

tests/conftest.py:21: 
_ _ _ _ _ _ _ _ _ _ _ _ _ _ _ _ _ _ _ _ _ _ _ _ _ _ _ _ _ _ _ _ _ _ _ _ _ _ _ _ 
/tmp/eim-phase3-env/lib/python3.12/site-packages/gltest/direct/loader.py:57: in load_contract_class
    module = _load_module(contract_path)
             ^^^^^^^^^^^^^^^^^^^^^^^^^^^
_ _ _ _ _ _ _ _ _ _ _ _ _ _ _ _ _ _ _ _ _ _ _ _ _ _ _ _ _ _ _ _ _ _ _ _ _ _ _ _ 

contract_path = PosixPath('/workspace/scratch/6ad74b9a2f71/evidence-independence-matrix/contracts/evidence_independence_matrix.py')

    def _load_module(contract_path: Path) -> Any:
        """Load a Python module from file path."""
        module_name = f"_contract_{contract_path.stem}"
    
        if module_name in sys.modules:
            del sys.modules[module_name]
    
        spec = importlib.util.spec_from_file_location(module_name, contract_path)
        if spec is None or spec.loader is None:
            raise ImportError(f"Cannot load module from {contract_path}")
    
        module = importlib.util.module_from_spec(spec)
        sys.modules[module_name] = module
    
        try:
            spec.loader.exec_module(module)
        except Exception as e:
            if module_name in sys.modules:
                del sys.modules[module_name]
>           raise ImportError(f"Failed to load contract: {e}") from e
E           ImportError: Failed to load contract: closing parenthesis '}' does not match opening parenthesis '[' (evidence_independence_matrix.py, line 551)

/tmp/eim-phase3-env/lib/python3.12/site-packages/gltest/direct/loader.py:315: ImportError
__ ERROR at setup of test_error_fixture_taxonomy_and_write_boundary[timeout] ___

contract_path = PosixPath('/workspace/scratch/6ad74b9a2f71/evidence-independence-matrix/contracts/evidence_independence_matrix.py')

    def _load_module(contract_path: Path) -> Any:
        """Load a Python module from file path."""
        module_name = f"_contract_{contract_path.stem}"
    
        if module_name in sys.modules:
            del sys.modules[module_name]
    
        spec = importlib.util.spec_from_file_location(module_name, contract_path)
        if spec is None or spec.loader is None:
            raise ImportError(f"Cannot load module from {contract_path}")
    
        module = importlib.util.module_from_spec(spec)
        sys.modules[module_name] = module
    
        try:
>           spec.loader.exec_module(module)
E             File "/workspace/scratch/6ad74b9a2f71/evidence-independence-matrix/contracts/evidence_independence_matrix.py", line 551
E               "relations": [p["relation"] for p in candidate["pairs"]}),
E                                                                      ^
E           SyntaxError: closing parenthesis '}' does not match opening parenthesis '['

/tmp/eim-phase3-env/lib/python3.12/site-packages/gltest/direct/loader.py:311: SyntaxError

The above exception was the direct cause of the following exception:

    @pytest.fixture(scope="session")
    def eim():
        archive = download_artifacts("v0.2.16")
        with archive.open("rb") as stream:
            assert hashlib.file_digest(stream, "sha256").hexdigest() == ARTIFACT_SHA256
        vm = VMContext()
        vm._sender = bytes.fromhex("ab" * 20)
        vm._contract_address = bytes.fromhex("cd" * 20)
        vm._chain_id = 61999
>       cls = load_contract_class(ROOT / "contracts/evidence_independence_matrix.py", vm, sdk_version="v0.2.16")
              ^^^^^^^^^^^^^^^^^^^^^^^^^^^^^^^^^^^^^^^^^^^^^^^^^^^^^^^^^^^^^^^^^^^^^^^^^^^^^^^^^^^^^^^^^^^^^^^^^^

tests/conftest.py:21: 
_ _ _ _ _ _ _ _ _ _ _ _ _ _ _ _ _ _ _ _ _ _ _ _ _ _ _ _ _ _ _ _ _ _ _ _ _ _ _ _ 
/tmp/eim-phase3-env/lib/python3.12/site-packages/gltest/direct/loader.py:57: in load_contract_class
    module = _load_module(contract_path)
             ^^^^^^^^^^^^^^^^^^^^^^^^^^^
_ _ _ _ _ _ _ _ _ _ _ _ _ _ _ _ _ _ _ _ _ _ _ _ _ _ _ _ _ _ _ _ _ _ _ _ _ _ _ _ 

contract_path = PosixPath('/workspace/scratch/6ad74b9a2f71/evidence-independence-matrix/contracts/evidence_independence_matrix.py')

    def _load_module(contract_path: Path) -> Any:
        """Load a Python module from file path."""
        module_name = f"_contract_{contract_path.stem}"
    
        if module_name in sys.modules:
            del sys.modules[module_name]
    
        spec = importlib.util.spec_from_file_location(module_name, contract_path)
        if spec is None or spec.loader is None:
            raise ImportError(f"Cannot load module from {contract_path}")
    
        module = importlib.util.module_from_spec(spec)
        sys.modules[module_name] = module
    
        try:
            spec.loader.exec_module(module)
        except Exception as e:
            if module_name in sys.modules:
                del sys.modules[module_name]
>           raise ImportError(f"Failed to load contract: {e}") from e
E           ImportError: Failed to load contract: closing parenthesis '}' does not match opening parenthesis '[' (evidence_independence_matrix.py, line 551)

/tmp/eim-phase3-env/lib/python3.12/site-packages/gltest/direct/loader.py:315: ImportError
____ ERROR at setup of test_error_fixture_taxonomy_and_write_boundary[dns] _____

contract_path = PosixPath('/workspace/scratch/6ad74b9a2f71/evidence-independence-matrix/contracts/evidence_independence_matrix.py')

    def _load_module(contract_path: Path) -> Any:
        """Load a Python module from file path."""
        module_name = f"_contract_{contract_path.stem}"
    
        if module_name in sys.modules:
            del sys.modules[module_name]
    
        spec = importlib.util.spec_from_file_location(module_name, contract_path)
        if spec is None or spec.loader is None:
            raise ImportError(f"Cannot load module from {contract_path}")
    
        module = importlib.util.module_from_spec(spec)
        sys.modules[module_name] = module
    
        try:
>           spec.loader.exec_module(module)
E             File "/workspace/scratch/6ad74b9a2f71/evidence-independence-matrix/contracts/evidence_independence_matrix.py", line 551
E               "relations": [p["relation"] for p in candidate["pairs"]}),
E                                                                      ^
E           SyntaxError: closing parenthesis '}' does not match opening parenthesis '['

/tmp/eim-phase3-env/lib/python3.12/site-packages/gltest/direct/loader.py:311: SyntaxError

The above exception was the direct cause of the following exception:

    @pytest.fixture(scope="session")
    def eim():
        archive = download_artifacts("v0.2.16")
        with archive.open("rb") as stream:
            assert hashlib.file_digest(stream, "sha256").hexdigest() == ARTIFACT_SHA256
        vm = VMContext()
        vm._sender = bytes.fromhex("ab" * 20)
        vm._contract_address = bytes.fromhex("cd" * 20)
        vm._chain_id = 61999
>       cls = load_contract_class(ROOT / "contracts/evidence_independence_matrix.py", vm, sdk_version="v0.2.16")
              ^^^^^^^^^^^^^^^^^^^^^^^^^^^^^^^^^^^^^^^^^^^^^^^^^^^^^^^^^^^^^^^^^^^^^^^^^^^^^^^^^^^^^^^^^^^^^^^^^^

tests/conftest.py:21: 
_ _ _ _ _ _ _ _ _ _ _ _ _ _ _ _ _ _ _ _ _ _ _ _ _ _ _ _ _ _ _ _ _ _ _ _ _ _ _ _ 
/tmp/eim-phase3-env/lib/python3.12/site-packages/gltest/direct/loader.py:57: in load_contract_class
    module = _load_module(contract_path)
             ^^^^^^^^^^^^^^^^^^^^^^^^^^^
_ _ _ _ _ _ _ _ _ _ _ _ _ _ _ _ _ _ _ _ _ _ _ _ _ _ _ _ _ _ _ _ _ _ _ _ _ _ _ _ 

contract_path = PosixPath('/workspace/scratch/6ad74b9a2f71/evidence-independence-matrix/contracts/evidence_independence_matrix.py')

    def _load_module(contract_path: Path) -> Any:
        """Load a Python module from file path."""
        module_name = f"_contract_{contract_path.stem}"
    
        if module_name in sys.modules:
            del sys.modules[module_name]
    
        spec = importlib.util.spec_from_file_location(module_name, contract_path)
        if spec is None or spec.loader is None:
            raise ImportError(f"Cannot load module from {contract_path}")
    
        module = importlib.util.module_from_spec(spec)
        sys.modules[module_name] = module
    
        try:
            spec.loader.exec_module(module)
        except Exception as e:
            if module_name in sys.modules:
                del sys.modules[module_name]
>           raise ImportError(f"Failed to load contract: {e}") from e
E           ImportError: Failed to load contract: closing parenthesis '}' does not match opening parenthesis '[' (evidence_independence_matrix.py, line 551)

/tmp/eim-phase3-env/lib/python3.12/site-packages/gltest/direct/loader.py:315: ImportError
_ ERROR at setup of test_error_fixture_taxonomy_and_write_boundary[connection] _

contract_path = PosixPath('/workspace/scratch/6ad74b9a2f71/evidence-independence-matrix/contracts/evidence_independence_matrix.py')

    def _load_module(contract_path: Path) -> Any:
        """Load a Python module from file path."""
        module_name = f"_contract_{contract_path.stem}"
    
        if module_name in sys.modules:
            del sys.modules[module_name]
    
        spec = importlib.util.spec_from_file_location(module_name, contract_path)
        if spec is None or spec.loader is None:
            raise ImportError(f"Cannot load module from {contract_path}")
    
        module = importlib.util.module_from_spec(spec)
        sys.modules[module_name] = module
    
        try:
>           spec.loader.exec_module(module)
E             File "/workspace/scratch/6ad74b9a2f71/evidence-independence-matrix/contracts/evidence_independence_matrix.py", line 551
E               "relations": [p["relation"] for p in candidate["pairs"]}),
E                                                                      ^
E           SyntaxError: closing parenthesis '}' does not match opening parenthesis '['

/tmp/eim-phase3-env/lib/python3.12/site-packages/gltest/direct/loader.py:311: SyntaxError

The above exception was the direct cause of the following exception:

    @pytest.fixture(scope="session")
    def eim():
        archive = download_artifacts("v0.2.16")
        with archive.open("rb") as stream:
            assert hashlib.file_digest(stream, "sha256").hexdigest() == ARTIFACT_SHA256
        vm = VMContext()
        vm._sender = bytes.fromhex("ab" * 20)
        vm._contract_address = bytes.fromhex("cd" * 20)
        vm._chain_id = 61999
>       cls = load_contract_class(ROOT / "contracts/evidence_independence_matrix.py", vm, sdk_version="v0.2.16")
              ^^^^^^^^^^^^^^^^^^^^^^^^^^^^^^^^^^^^^^^^^^^^^^^^^^^^^^^^^^^^^^^^^^^^^^^^^^^^^^^^^^^^^^^^^^^^^^^^^^

tests/conftest.py:21: 
_ _ _ _ _ _ _ _ _ _ _ _ _ _ _ _ _ _ _ _ _ _ _ _ _ _ _ _ _ _ _ _ _ _ _ _ _ _ _ _ 
/tmp/eim-phase3-env/lib/python3.12/site-packages/gltest/direct/loader.py:57: in load_contract_class
    module = _load_module(contract_path)
             ^^^^^^^^^^^^^^^^^^^^^^^^^^^
_ _ _ _ _ _ _ _ _ _ _ _ _ _ _ _ _ _ _ _ _ _ _ _ _ _ _ _ _ _ _ _ _ _ _ _ _ _ _ _ 

contract_path = PosixPath('/workspace/scratch/6ad74b9a2f71/evidence-independence-matrix/contracts/evidence_independence_matrix.py')

    def _load_module(contract_path: Path) -> Any:
        """Load a Python module from file path."""
        module_name = f"_contract_{contract_path.stem}"
    
        if module_name in sys.modules:
            del sys.modules[module_name]
    
        spec = importlib.util.spec_from_file_location(module_name, contract_path)
        if spec is None or spec.loader is None:
            raise ImportError(f"Cannot load module from {contract_path}")
    
        module = importlib.util.module_from_spec(spec)
        sys.modules[module_name] = module
    
        try:
            spec.loader.exec_module(module)
        except Exception as e:
            if module_name in sys.modules:
                del sys.modules[module_name]
>           raise ImportError(f"Failed to load contract: {e}") from e
E           ImportError: Failed to load contract: closing parenthesis '}' does not match opening parenthesis '[' (evidence_independence_matrix.py, line 551)

/tmp/eim-phase3-env/lib/python3.12/site-packages/gltest/direct/loader.py:315: ImportError
_ ERROR at setup of test_error_fixture_taxonomy_and_write_boundary[model-failure] _

contract_path = PosixPath('/workspace/scratch/6ad74b9a2f71/evidence-independence-matrix/contracts/evidence_independence_matrix.py')

    def _load_module(contract_path: Path) -> Any:
        """Load a Python module from file path."""
        module_name = f"_contract_{contract_path.stem}"
    
        if module_name in sys.modules:
            del sys.modules[module_name]
    
        spec = importlib.util.spec_from_file_location(module_name, contract_path)
        if spec is None or spec.loader is None:
            raise ImportError(f"Cannot load module from {contract_path}")
    
        module = importlib.util.module_from_spec(spec)
        sys.modules[module_name] = module
    
        try:
>           spec.loader.exec_module(module)
E             File "/workspace/scratch/6ad74b9a2f71/evidence-independence-matrix/contracts/evidence_independence_matrix.py", line 551
E               "relations": [p["relation"] for p in candidate["pairs"]}),
E                                                                      ^
E           SyntaxError: closing parenthesis '}' does not match opening parenthesis '['

/tmp/eim-phase3-env/lib/python3.12/site-packages/gltest/direct/loader.py:311: SyntaxError

The above exception was the direct cause of the following exception:

    @pytest.fixture(scope="session")
    def eim():
        archive = download_artifacts("v0.2.16")
        with archive.open("rb") as stream:
            assert hashlib.file_digest(stream, "sha256").hexdigest() == ARTIFACT_SHA256
        vm = VMContext()
        vm._sender = bytes.fromhex("ab" * 20)
        vm._contract_address = bytes.fromhex("cd" * 20)
        vm._chain_id = 61999
>       cls = load_contract_class(ROOT / "contracts/evidence_independence_matrix.py", vm, sdk_version="v0.2.16")
              ^^^^^^^^^^^^^^^^^^^^^^^^^^^^^^^^^^^^^^^^^^^^^^^^^^^^^^^^^^^^^^^^^^^^^^^^^^^^^^^^^^^^^^^^^^^^^^^^^^

tests/conftest.py:21: 
_ _ _ _ _ _ _ _ _ _ _ _ _ _ _ _ _ _ _ _ _ _ _ _ _ _ _ _ _ _ _ _ _ _ _ _ _ _ _ _ 
/tmp/eim-phase3-env/lib/python3.12/site-packages/gltest/direct/loader.py:57: in load_contract_class
    module = _load_module(contract_path)
             ^^^^^^^^^^^^^^^^^^^^^^^^^^^
_ _ _ _ _ _ _ _ _ _ _ _ _ _ _ _ _ _ _ _ _ _ _ _ _ _ _ _ _ _ _ _ _ _ _ _ _ _ _ _ 

contract_path = PosixPath('/workspace/scratch/6ad74b9a2f71/evidence-independence-matrix/contracts/evidence_independence_matrix.py')

    def _load_module(contract_path: Path) -> Any:
        """Load a Python module from file path."""
        module_name = f"_contract_{contract_path.stem}"
    
        if module_name in sys.modules:
            del sys.modules[module_name]
    
        spec = importlib.util.spec_from_file_location(module_name, contract_path)
        if spec is None or spec.loader is None:
            raise ImportError(f"Cannot load module from {contract_path}")
    
        module = importlib.util.module_from_spec(spec)
        sys.modules[module_name] = module
    
        try:
            spec.loader.exec_module(module)
        except Exception as e:
            if module_name in sys.modules:
                del sys.modules[module_name]
>           raise ImportError(f"Failed to load contract: {e}") from e
E           ImportError: Failed to load contract: closing parenthesis '}' does not match opening parenthesis '[' (evidence_independence_matrix.py, line 551)

/tmp/eim-phase3-env/lib/python3.12/site-packages/gltest/direct/loader.py:315: ImportError
_ ERROR at setup of test_error_fixture_taxonomy_and_write_boundary[invalid-json] _

contract_path = PosixPath('/workspace/scratch/6ad74b9a2f71/evidence-independence-matrix/contracts/evidence_independence_matrix.py')

    def _load_module(contract_path: Path) -> Any:
        """Load a Python module from file path."""
        module_name = f"_contract_{contract_path.stem}"
    
        if module_name in sys.modules:
            del sys.modules[module_name]
    
        spec = importlib.util.spec_from_file_location(module_name, contract_path)
        if spec is None or spec.loader is None:
            raise ImportError(f"Cannot load module from {contract_path}")
    
        module = importlib.util.module_from_spec(spec)
        sys.modules[module_name] = module
    
        try:
>           spec.loader.exec_module(module)
E             File "/workspace/scratch/6ad74b9a2f71/evidence-independence-matrix/contracts/evidence_independence_matrix.py", line 551
E               "relations": [p["relation"] for p in candidate["pairs"]}),
E                                                                      ^
E           SyntaxError: closing parenthesis '}' does not match opening parenthesis '['

/tmp/eim-phase3-env/lib/python3.12/site-packages/gltest/direct/loader.py:311: SyntaxError

The above exception was the direct cause of the following exception:

    @pytest.fixture(scope="session")
    def eim():
        archive = download_artifacts("v0.2.16")
        with archive.open("rb") as stream:
            assert hashlib.file_digest(stream, "sha256").hexdigest() == ARTIFACT_SHA256
        vm = VMContext()
        vm._sender = bytes.fromhex("ab" * 20)
        vm._contract_address = bytes.fromhex("cd" * 20)
        vm._chain_id = 61999
>       cls = load_contract_class(ROOT / "contracts/evidence_independence_matrix.py", vm, sdk_version="v0.2.16")
              ^^^^^^^^^^^^^^^^^^^^^^^^^^^^^^^^^^^^^^^^^^^^^^^^^^^^^^^^^^^^^^^^^^^^^^^^^^^^^^^^^^^^^^^^^^^^^^^^^^

tests/conftest.py:21: 
_ _ _ _ _ _ _ _ _ _ _ _ _ _ _ _ _ _ _ _ _ _ _ _ _ _ _ _ _ _ _ _ _ _ _ _ _ _ _ _ 
/tmp/eim-phase3-env/lib/python3.12/site-packages/gltest/direct/loader.py:57: in load_contract_class
    module = _load_module(contract_path)
             ^^^^^^^^^^^^^^^^^^^^^^^^^^^
_ _ _ _ _ _ _ _ _ _ _ _ _ _ _ _ _ _ _ _ _ _ _ _ _ _ _ _ _ _ _ _ _ _ _ _ _ _ _ _ 

contract_path = PosixPath('/workspace/scratch/6ad74b9a2f71/evidence-independence-matrix/contracts/evidence_independence_matrix.py')

    def _load_module(contract_path: Path) -> Any:
        """Load a Python module from file path."""
        module_name = f"_contract_{contract_path.stem}"
    
        if module_name in sys.modules:
            del sys.modules[module_name]
    
        spec = importlib.util.spec_from_file_location(module_name, contract_path)
        if spec is None or spec.loader is None:
            raise ImportError(f"Cannot load module from {contract_path}")
    
        module = importlib.util.module_from_spec(spec)
        sys.modules[module_name] = module
    
        try:
            spec.loader.exec_module(module)
        except Exception as e:
            if module_name in sys.modules:
                del sys.modules[module_name]
>           raise ImportError(f"Failed to load contract: {e}") from e
E           ImportError: Failed to load contract: closing parenthesis '}' does not match opening parenthesis '[' (evidence_independence_matrix.py, line 551)

/tmp/eim-phase3-env/lib/python3.12/site-packages/gltest/direct/loader.py:315: ImportError
_ ERROR at setup of test_error_fixture_taxonomy_and_write_boundary[duplicate-key] _

contract_path = PosixPath('/workspace/scratch/6ad74b9a2f71/evidence-independence-matrix/contracts/evidence_independence_matrix.py')

    def _load_module(contract_path: Path) -> Any:
        """Load a Python module from file path."""
        module_name = f"_contract_{contract_path.stem}"
    
        if module_name in sys.modules:
            del sys.modules[module_name]
    
        spec = importlib.util.spec_from_file_location(module_name, contract_path)
        if spec is None or spec.loader is None:
            raise ImportError(f"Cannot load module from {contract_path}")
    
        module = importlib.util.module_from_spec(spec)
        sys.modules[module_name] = module
    
        try:
>           spec.loader.exec_module(module)
E             File "/workspace/scratch/6ad74b9a2f71/evidence-independence-matrix/contracts/evidence_independence_matrix.py", line 551
E               "relations": [p["relation"] for p in candidate["pairs"]}),
E                                                                      ^
E           SyntaxError: closing parenthesis '}' does not match opening parenthesis '['

/tmp/eim-phase3-env/lib/python3.12/site-packages/gltest/direct/loader.py:311: SyntaxError

The above exception was the direct cause of the following exception:

    @pytest.fixture(scope="session")
    def eim():
        archive = download_artifacts("v0.2.16")
        with archive.open("rb") as stream:
            assert hashlib.file_digest(stream, "sha256").hexdigest() == ARTIFACT_SHA256
        vm = VMContext()
        vm._sender = bytes.fromhex("ab" * 20)
        vm._contract_address = bytes.fromhex("cd" * 20)
        vm._chain_id = 61999
>       cls = load_contract_class(ROOT / "contracts/evidence_independence_matrix.py", vm, sdk_version="v0.2.16")
              ^^^^^^^^^^^^^^^^^^^^^^^^^^^^^^^^^^^^^^^^^^^^^^^^^^^^^^^^^^^^^^^^^^^^^^^^^^^^^^^^^^^^^^^^^^^^^^^^^^

tests/conftest.py:21: 
_ _ _ _ _ _ _ _ _ _ _ _ _ _ _ _ _ _ _ _ _ _ _ _ _ _ _ _ _ _ _ _ _ _ _ _ _ _ _ _ 
/tmp/eim-phase3-env/lib/python3.12/site-packages/gltest/direct/loader.py:57: in load_contract_class
    module = _load_module(contract_path)
             ^^^^^^^^^^^^^^^^^^^^^^^^^^^
_ _ _ _ _ _ _ _ _ _ _ _ _ _ _ _ _ _ _ _ _ _ _ _ _ _ _ _ _ _ _ _ _ _ _ _ _ _ _ _ 

contract_path = PosixPath('/workspace/scratch/6ad74b9a2f71/evidence-independence-matrix/contracts/evidence_independence_matrix.py')

    def _load_module(contract_path: Path) -> Any:
        """Load a Python module from file path."""
        module_name = f"_contract_{contract_path.stem}"
    
        if module_name in sys.modules:
            del sys.modules[module_name]
    
        spec = importlib.util.spec_from_file_location(module_name, contract_path)
        if spec is None or spec.loader is None:
            raise ImportError(f"Cannot load module from {contract_path}")
    
        module = importlib.util.module_from_spec(spec)
        sys.modules[module_name] = module
    
        try:
            spec.loader.exec_module(module)
        except Exception as e:
            if module_name in sys.modules:
                del sys.modules[module_name]
>           raise ImportError(f"Failed to load contract: {e}") from e
E           ImportError: Failed to load contract: closing parenthesis '}' does not match opening parenthesis '[' (evidence_independence_matrix.py, line 551)

/tmp/eim-phase3-env/lib/python3.12/site-packages/gltest/direct/loader.py:315: ImportError
_ ERROR at setup of test_error_fixture_taxonomy_and_write_boundary[illegal-enum] _

contract_path = PosixPath('/workspace/scratch/6ad74b9a2f71/evidence-independence-matrix/contracts/evidence_independence_matrix.py')

    def _load_module(contract_path: Path) -> Any:
        """Load a Python module from file path."""
        module_name = f"_contract_{contract_path.stem}"
    
        if module_name in sys.modules:
            del sys.modules[module_name]
    
        spec = importlib.util.spec_from_file_location(module_name, contract_path)
        if spec is None or spec.loader is None:
            raise ImportError(f"Cannot load module from {contract_path}")
    
        module = importlib.util.module_from_spec(spec)
        sys.modules[module_name] = module
    
        try:
>           spec.loader.exec_module(module)
E             File "/workspace/scratch/6ad74b9a2f71/evidence-independence-matrix/contracts/evidence_independence_matrix.py", line 551
E               "relations": [p["relation"] for p in candidate["pairs"]}),
E                                                                      ^
E           SyntaxError: closing parenthesis '}' does not match opening parenthesis '['

/tmp/eim-phase3-env/lib/python3.12/site-packages/gltest/direct/loader.py:311: SyntaxError

The above exception was the direct cause of the following exception:

    @pytest.fixture(scope="session")
    def eim():
        archive = download_artifacts("v0.2.16")
        with archive.open("rb") as stream:
            assert hashlib.file_digest(stream, "sha256").hexdigest() == ARTIFACT_SHA256
        vm = VMContext()
        vm._sender = bytes.fromhex("ab" * 20)
        vm._contract_address = bytes.fromhex("cd" * 20)
        vm._chain_id = 61999
>       cls = load_contract_class(ROOT / "contracts/evidence_independence_matrix.py", vm, sdk_version="v0.2.16")
              ^^^^^^^^^^^^^^^^^^^^^^^^^^^^^^^^^^^^^^^^^^^^^^^^^^^^^^^^^^^^^^^^^^^^^^^^^^^^^^^^^^^^^^^^^^^^^^^^^^

tests/conftest.py:21: 
_ _ _ _ _ _ _ _ _ _ _ _ _ _ _ _ _ _ _ _ _ _ _ _ _ _ _ _ _ _ _ _ _ _ _ _ _ _ _ _ 
/tmp/eim-phase3-env/lib/python3.12/site-packages/gltest/direct/loader.py:57: in load_contract_class
    module = _load_module(contract_path)
             ^^^^^^^^^^^^^^^^^^^^^^^^^^^
_ _ _ _ _ _ _ _ _ _ _ _ _ _ _ _ _ _ _ _ _ _ _ _ _ _ _ _ _ _ _ _ _ _ _ _ _ _ _ _ 

contract_path = PosixPath('/workspace/scratch/6ad74b9a2f71/evidence-independence-matrix/contracts/evidence_independence_matrix.py')

    def _load_module(contract_path: Path) -> Any:
        """Load a Python module from file path."""
        module_name = f"_contract_{contract_path.stem}"
    
        if module_name in sys.modules:
            del sys.modules[module_name]
    
        spec = importlib.util.spec_from_file_location(module_name, contract_path)
        if spec is None or spec.loader is None:
            raise ImportError(f"Cannot load module from {contract_path}")
    
        module = importlib.util.module_from_spec(spec)
        sys.modules[module_name] = module
    
        try:
            spec.loader.exec_module(module)
        except Exception as e:
            if module_name in sys.modules:
                del sys.modules[module_name]
>           raise ImportError(f"Failed to load contract: {e}") from e
E           ImportError: Failed to load contract: closing parenthesis '}' does not match opening parenthesis '[' (evidence_independence_matrix.py, line 551)

/tmp/eim-phase3-env/lib/python3.12/site-packages/gltest/direct/loader.py:315: ImportError
_ ERROR at setup of test_error_fixture_taxonomy_and_write_boundary[wrong-relevance-length] _

contract_path = PosixPath('/workspace/scratch/6ad74b9a2f71/evidence-independence-matrix/contracts/evidence_independence_matrix.py')

    def _load_module(contract_path: Path) -> Any:
        """Load a Python module from file path."""
        module_name = f"_contract_{contract_path.stem}"
    
        if module_name in sys.modules:
            del sys.modules[module_name]
    
        spec = importlib.util.spec_from_file_location(module_name, contract_path)
        if spec is None or spec.loader is None:
            raise ImportError(f"Cannot load module from {contract_path}")
    
        module = importlib.util.module_from_spec(spec)
        sys.modules[module_name] = module
    
        try:
>           spec.loader.exec_module(module)
E             File "/workspace/scratch/6ad74b9a2f71/evidence-independence-matrix/contracts/evidence_independence_matrix.py", line 551
E               "relations": [p["relation"] for p in candidate["pairs"]}),
E                                                                      ^
E           SyntaxError: closing parenthesis '}' does not match opening parenthesis '['

/tmp/eim-phase3-env/lib/python3.12/site-packages/gltest/direct/loader.py:311: SyntaxError

The above exception was the direct cause of the following exception:

    @pytest.fixture(scope="session")
    def eim():
        archive = download_artifacts("v0.2.16")
        with archive.open("rb") as stream:
            assert hashlib.file_digest(stream, "sha256").hexdigest() == ARTIFACT_SHA256
        vm = VMContext()
        vm._sender = bytes.fromhex("ab" * 20)
        vm._contract_address = bytes.fromhex("cd" * 20)
        vm._chain_id = 61999
>       cls = load_contract_class(ROOT / "contracts/evidence_independence_matrix.py", vm, sdk_version="v0.2.16")
              ^^^^^^^^^^^^^^^^^^^^^^^^^^^^^^^^^^^^^^^^^^^^^^^^^^^^^^^^^^^^^^^^^^^^^^^^^^^^^^^^^^^^^^^^^^^^^^^^^^

tests/conftest.py:21: 
_ _ _ _ _ _ _ _ _ _ _ _ _ _ _ _ _ _ _ _ _ _ _ _ _ _ _ _ _ _ _ _ _ _ _ _ _ _ _ _ 
/tmp/eim-phase3-env/lib/python3.12/site-packages/gltest/direct/loader.py:57: in load_contract_class
    module = _load_module(contract_path)
             ^^^^^^^^^^^^^^^^^^^^^^^^^^^
_ _ _ _ _ _ _ _ _ _ _ _ _ _ _ _ _ _ _ _ _ _ _ _ _ _ _ _ _ _ _ _ _ _ _ _ _ _ _ _ 

contract_path = PosixPath('/workspace/scratch/6ad74b9a2f71/evidence-independence-matrix/contracts/evidence_independence_matrix.py')

    def _load_module(contract_path: Path) -> Any:
        """Load a Python module from file path."""
        module_name = f"_contract_{contract_path.stem}"
    
        if module_name in sys.modules:
            del sys.modules[module_name]
    
        spec = importlib.util.spec_from_file_location(module_name, contract_path)
        if spec is None or spec.loader is None:
            raise ImportError(f"Cannot load module from {contract_path}")
    
        module = importlib.util.module_from_spec(spec)
        sys.modules[module_name] = module
    
        try:
            spec.loader.exec_module(module)
        except Exception as e:
            if module_name in sys.modules:
                del sys.modules[module_name]
>           raise ImportError(f"Failed to load contract: {e}") from e
E           ImportError: Failed to load contract: closing parenthesis '}' does not match opening parenthesis '[' (evidence_independence_matrix.py, line 551)

/tmp/eim-phase3-env/lib/python3.12/site-packages/gltest/direct/loader.py:315: ImportError
_ ERROR at setup of test_error_fixture_taxonomy_and_write_boundary[wrong-relation-length] _

contract_path = PosixPath('/workspace/scratch/6ad74b9a2f71/evidence-independence-matrix/contracts/evidence_independence_matrix.py')

    def _load_module(contract_path: Path) -> Any:
        """Load a Python module from file path."""
        module_name = f"_contract_{contract_path.stem}"
    
        if module_name in sys.modules:
            del sys.modules[module_name]
    
        spec = importlib.util.spec_from_file_location(module_name, contract_path)
        if spec is None or spec.loader is None:
            raise ImportError(f"Cannot load module from {contract_path}")
    
        module = importlib.util.module_from_spec(spec)
        sys.modules[module_name] = module
    
        try:
>           spec.loader.exec_module(module)
E             File "/workspace/scratch/6ad74b9a2f71/evidence-independence-matrix/contracts/evidence_independence_matrix.py", line 551
E               "relations": [p["relation"] for p in candidate["pairs"]}),
E                                                                      ^
E           SyntaxError: closing parenthesis '}' does not match opening parenthesis '['

/tmp/eim-phase3-env/lib/python3.12/site-packages/gltest/direct/loader.py:311: SyntaxError

The above exception was the direct cause of the following exception:

    @pytest.fixture(scope="session")
    def eim():
        archive = download_artifacts("v0.2.16")
        with archive.open("rb") as stream:
            assert hashlib.file_digest(stream, "sha256").hexdigest() == ARTIFACT_SHA256
        vm = VMContext()
        vm._sender = bytes.fromhex("ab" * 20)
        vm._contract_address = bytes.fromhex("cd" * 20)
        vm._chain_id = 61999
>       cls = load_contract_class(ROOT / "contracts/evidence_independence_matrix.py", vm, sdk_version="v0.2.16")
              ^^^^^^^^^^^^^^^^^^^^^^^^^^^^^^^^^^^^^^^^^^^^^^^^^^^^^^^^^^^^^^^^^^^^^^^^^^^^^^^^^^^^^^^^^^^^^^^^^^

tests/conftest.py:21: 
_ _ _ _ _ _ _ _ _ _ _ _ _ _ _ _ _ _ _ _ _ _ _ _ _ _ _ _ _ _ _ _ _ _ _ _ _ _ _ _ 
/tmp/eim-phase3-env/lib/python3.12/site-packages/gltest/direct/loader.py:57: in load_contract_class
    module = _load_module(contract_path)
             ^^^^^^^^^^^^^^^^^^^^^^^^^^^
_ _ _ _ _ _ _ _ _ _ _ _ _ _ _ _ _ _ _ _ _ _ _ _ _ _ _ _ _ _ _ _ _ _ _ _ _ _ _ _ 

contract_path = PosixPath('/workspace/scratch/6ad74b9a2f71/evidence-independence-matrix/contracts/evidence_independence_matrix.py')

    def _load_module(contract_path: Path) -> Any:
        """Load a Python module from file path."""
        module_name = f"_contract_{contract_path.stem}"
    
        if module_name in sys.modules:
            del sys.modules[module_name]
    
        spec = importlib.util.spec_from_file_location(module_name, contract_path)
        if spec is None or spec.loader is None:
            raise ImportError(f"Cannot load module from {contract_path}")
    
        module = importlib.util.module_from_spec(spec)
        sys.modules[module_name] = module
    
        try:
            spec.loader.exec_module(module)
        except Exception as e:
            if module_name in sys.modules:
                del sys.modules[module_name]
>           raise ImportError(f"Failed to load contract: {e}") from e
E           ImportError: Failed to load contract: closing parenthesis '}' does not match opening parenthesis '[' (evidence_independence_matrix.py, line 551)

/tmp/eim-phase3-env/lib/python3.12/site-packages/gltest/direct/loader.py:315: ImportError
_ ERROR at setup of test_error_fixture_taxonomy_and_write_boundary[extra-model-field] _

contract_path = PosixPath('/workspace/scratch/6ad74b9a2f71/evidence-independence-matrix/contracts/evidence_independence_matrix.py')

    def _load_module(contract_path: Path) -> Any:
        """Load a Python module from file path."""
        module_name = f"_contract_{contract_path.stem}"
    
        if module_name in sys.modules:
            del sys.modules[module_name]
    
        spec = importlib.util.spec_from_file_location(module_name, contract_path)
        if spec is None or spec.loader is None:
            raise ImportError(f"Cannot load module from {contract_path}")
    
        module = importlib.util.module_from_spec(spec)
        sys.modules[module_name] = module
    
        try:
>           spec.loader.exec_module(module)
E             File "/workspace/scratch/6ad74b9a2f71/evidence-independence-matrix/contracts/evidence_independence_matrix.py", line 551
E               "relations": [p["relation"] for p in candidate["pairs"]}),
E                                                                      ^
E           SyntaxError: closing parenthesis '}' does not match opening parenthesis '['

/tmp/eim-phase3-env/lib/python3.12/site-packages/gltest/direct/loader.py:311: SyntaxError

The above exception was the direct cause of the following exception:

    @pytest.fixture(scope="session")
    def eim():
        archive = download_artifacts("v0.2.16")
        with archive.open("rb") as stream:
            assert hashlib.file_digest(stream, "sha256").hexdigest() == ARTIFACT_SHA256
        vm = VMContext()
        vm._sender = bytes.fromhex("ab" * 20)
        vm._contract_address = bytes.fromhex("cd" * 20)
        vm._chain_id = 61999
>       cls = load_contract_class(ROOT / "contracts/evidence_independence_matrix.py", vm, sdk_version="v0.2.16")
              ^^^^^^^^^^^^^^^^^^^^^^^^^^^^^^^^^^^^^^^^^^^^^^^^^^^^^^^^^^^^^^^^^^^^^^^^^^^^^^^^^^^^^^^^^^^^^^^^^^

tests/conftest.py:21: 
_ _ _ _ _ _ _ _ _ _ _ _ _ _ _ _ _ _ _ _ _ _ _ _ _ _ _ _ _ _ _ _ _ _ _ _ _ _ _ _ 
/tmp/eim-phase3-env/lib/python3.12/site-packages/gltest/direct/loader.py:57: in load_contract_class
    module = _load_module(contract_path)
             ^^^^^^^^^^^^^^^^^^^^^^^^^^^
_ _ _ _ _ _ _ _ _ _ _ _ _ _ _ _ _ _ _ _ _ _ _ _ _ _ _ _ _ _ _ _ _ _ _ _ _ _ _ _ 

contract_path = PosixPath('/workspace/scratch/6ad74b9a2f71/evidence-independence-matrix/contracts/evidence_independence_matrix.py')

    def _load_module(contract_path: Path) -> Any:
        """Load a Python module from file path."""
        module_name = f"_contract_{contract_path.stem}"
    
        if module_name in sys.modules:
            del sys.modules[module_name]
    
        spec = importlib.util.spec_from_file_location(module_name, contract_path)
        if spec is None or spec.loader is None:
            raise ImportError(f"Cannot load module from {contract_path}")
    
        module = importlib.util.module_from_spec(spec)
        sys.modules[module_name] = module
    
        try:
            spec.loader.exec_module(module)
        except Exception as e:
            if module_name in sys.modules:
                del sys.modules[module_name]
>           raise ImportError(f"Failed to load contract: {e}") from e
E           ImportError: Failed to load contract: closing parenthesis '}' does not match opening parenthesis '[' (evidence_independence_matrix.py, line 551)

/tmp/eim-phase3-env/lib/python3.12/site-packages/gltest/direct/loader.py:315: ImportError
_ ERROR at setup of test_error_fixture_taxonomy_and_write_boundary[missing-pair] _

contract_path = PosixPath('/workspace/scratch/6ad74b9a2f71/evidence-independence-matrix/contracts/evidence_independence_matrix.py')

    def _load_module(contract_path: Path) -> Any:
        """Load a Python module from file path."""
        module_name = f"_contract_{contract_path.stem}"
    
        if module_name in sys.modules:
            del sys.modules[module_name]
    
        spec = importlib.util.spec_from_file_location(module_name, contract_path)
        if spec is None or spec.loader is None:
            raise ImportError(f"Cannot load module from {contract_path}")
    
        module = importlib.util.module_from_spec(spec)
        sys.modules[module_name] = module
    
        try:
>           spec.loader.exec_module(module)
E             File "/workspace/scratch/6ad74b9a2f71/evidence-independence-matrix/contracts/evidence_independence_matrix.py", line 551
E               "relations": [p["relation"] for p in candidate["pairs"]}),
E                                                                      ^
E           SyntaxError: closing parenthesis '}' does not match opening parenthesis '['

/tmp/eim-phase3-env/lib/python3.12/site-packages/gltest/direct/loader.py:311: SyntaxError

The above exception was the direct cause of the following exception:

    @pytest.fixture(scope="session")
    def eim():
        archive = download_artifacts("v0.2.16")
        with archive.open("rb") as stream:
            assert hashlib.file_digest(stream, "sha256").hexdigest() == ARTIFACT_SHA256
        vm = VMContext()
        vm._sender = bytes.fromhex("ab" * 20)
        vm._contract_address = bytes.fromhex("cd" * 20)
        vm._chain_id = 61999
>       cls = load_contract_class(ROOT / "contracts/evidence_independence_matrix.py", vm, sdk_version="v0.2.16")
              ^^^^^^^^^^^^^^^^^^^^^^^^^^^^^^^^^^^^^^^^^^^^^^^^^^^^^^^^^^^^^^^^^^^^^^^^^^^^^^^^^^^^^^^^^^^^^^^^^^

tests/conftest.py:21: 
_ _ _ _ _ _ _ _ _ _ _ _ _ _ _ _ _ _ _ _ _ _ _ _ _ _ _ _ _ _ _ _ _ _ _ _ _ _ _ _ 
/tmp/eim-phase3-env/lib/python3.12/site-packages/gltest/direct/loader.py:57: in load_contract_class
    module = _load_module(contract_path)
             ^^^^^^^^^^^^^^^^^^^^^^^^^^^
_ _ _ _ _ _ _ _ _ _ _ _ _ _ _ _ _ _ _ _ _ _ _ _ _ _ _ _ _ _ _ _ _ _ _ _ _ _ _ _ 

contract_path = PosixPath('/workspace/scratch/6ad74b9a2f71/evidence-independence-matrix/contracts/evidence_independence_matrix.py')

    def _load_module(contract_path: Path) -> Any:
        """Load a Python module from file path."""
        module_name = f"_contract_{contract_path.stem}"
    
        if module_name in sys.modules:
            del sys.modules[module_name]
    
        spec = importlib.util.spec_from_file_location(module_name, contract_path)
        if spec is None or spec.loader is None:
            raise ImportError(f"Cannot load module from {contract_path}")
    
        module = importlib.util.module_from_spec(spec)
        sys.modules[module_name] = module
    
        try:
            spec.loader.exec_module(module)
        except Exception as e:
            if module_name in sys.modules:
                del sys.modules[module_name]
>           raise ImportError(f"Failed to load contract: {e}") from e
E           ImportError: Failed to load contract: closing parenthesis '}' does not match opening parenthesis '[' (evidence_independence_matrix.py, line 551)

/tmp/eim-phase3-env/lib/python3.12/site-packages/gltest/direct/loader.py:315: ImportError
_ ERROR at setup of test_error_fixture_taxonomy_and_write_boundary[extra-pair] _

contract_path = PosixPath('/workspace/scratch/6ad74b9a2f71/evidence-independence-matrix/contracts/evidence_independence_matrix.py')

    def _load_module(contract_path: Path) -> Any:
        """Load a Python module from file path."""
        module_name = f"_contract_{contract_path.stem}"
    
        if module_name in sys.modules:
            del sys.modules[module_name]
    
        spec = importlib.util.spec_from_file_location(module_name, contract_path)
        if spec is None or spec.loader is None:
            raise ImportError(f"Cannot load module from {contract_path}")
    
        module = importlib.util.module_from_spec(spec)
        sys.modules[module_name] = module
    
        try:
>           spec.loader.exec_module(module)
E             File "/workspace/scratch/6ad74b9a2f71/evidence-independence-matrix/contracts/evidence_independence_matrix.py", line 551
E               "relations": [p["relation"] for p in candidate["pairs"]}),
E                                                                      ^
E           SyntaxError: closing parenthesis '}' does not match opening parenthesis '['

/tmp/eim-phase3-env/lib/python3.12/site-packages/gltest/direct/loader.py:311: SyntaxError

The above exception was the direct cause of the following exception:

    @pytest.fixture(scope="session")
    def eim():
        archive = download_artifacts("v0.2.16")
        with archive.open("rb") as stream:
            assert hashlib.file_digest(stream, "sha256").hexdigest() == ARTIFACT_SHA256
        vm = VMContext()
        vm._sender = bytes.fromhex("ab" * 20)
        vm._contract_address = bytes.fromhex("cd" * 20)
        vm._chain_id = 61999
>       cls = load_contract_class(ROOT / "contracts/evidence_independence_matrix.py", vm, sdk_version="v0.2.16")
              ^^^^^^^^^^^^^^^^^^^^^^^^^^^^^^^^^^^^^^^^^^^^^^^^^^^^^^^^^^^^^^^^^^^^^^^^^^^^^^^^^^^^^^^^^^^^^^^^^^

tests/conftest.py:21: 
_ _ _ _ _ _ _ _ _ _ _ _ _ _ _ _ _ _ _ _ _ _ _ _ _ _ _ _ _ _ _ _ _ _ _ _ _ _ _ _ 
/tmp/eim-phase3-env/lib/python3.12/site-packages/gltest/direct/loader.py:57: in load_contract_class
    module = _load_module(contract_path)
             ^^^^^^^^^^^^^^^^^^^^^^^^^^^
_ _ _ _ _ _ _ _ _ _ _ _ _ _ _ _ _ _ _ _ _ _ _ _ _ _ _ _ _ _ _ _ _ _ _ _ _ _ _ _ 

contract_path = PosixPath('/workspace/scratch/6ad74b9a2f71/evidence-independence-matrix/contracts/evidence_independence_matrix.py')

    def _load_module(contract_path: Path) -> Any:
        """Load a Python module from file path."""
        module_name = f"_contract_{contract_path.stem}"
    
        if module_name in sys.modules:
            del sys.modules[module_name]
    
        spec = importlib.util.spec_from_file_location(module_name, contract_path)
        if spec is None or spec.loader is None:
            raise ImportError(f"Cannot load module from {contract_path}")
    
        module = importlib.util.module_from_spec(spec)
        sys.modules[module_name] = module
    
        try:
            spec.loader.exec_module(module)
        except Exception as e:
            if module_name in sys.modules:
                del sys.modules[module_name]
>           raise ImportError(f"Failed to load contract: {e}") from e
E           ImportError: Failed to load contract: closing parenthesis '}' does not match opening parenthesis '[' (evidence_independence_matrix.py, line 551)

/tmp/eim-phase3-env/lib/python3.12/site-packages/gltest/direct/loader.py:315: ImportError
_ ERROR at setup of test_error_fixture_taxonomy_and_write_boundary[wrong-ordering] _

contract_path = PosixPath('/workspace/scratch/6ad74b9a2f71/evidence-independence-matrix/contracts/evidence_independence_matrix.py')

    def _load_module(contract_path: Path) -> Any:
        """Load a Python module from file path."""
        module_name = f"_contract_{contract_path.stem}"
    
        if module_name in sys.modules:
            del sys.modules[module_name]
    
        spec = importlib.util.spec_from_file_location(module_name, contract_path)
        if spec is None or spec.loader is None:
            raise ImportError(f"Cannot load module from {contract_path}")
    
        module = importlib.util.module_from_spec(spec)
        sys.modules[module_name] = module
    
        try:
>           spec.loader.exec_module(module)
E             File "/workspace/scratch/6ad74b9a2f71/evidence-independence-matrix/contracts/evidence_independence_matrix.py", line 551
E               "relations": [p["relation"] for p in candidate["pairs"]}),
E                                                                      ^
E           SyntaxError: closing parenthesis '}' does not match opening parenthesis '['

/tmp/eim-phase3-env/lib/python3.12/site-packages/gltest/direct/loader.py:311: SyntaxError

The above exception was the direct cause of the following exception:

    @pytest.fixture(scope="session")
    def eim():
        archive = download_artifacts("v0.2.16")
        with archive.open("rb") as stream:
            assert hashlib.file_digest(stream, "sha256").hexdigest() == ARTIFACT_SHA256
        vm = VMContext()
        vm._sender = bytes.fromhex("ab" * 20)
        vm._contract_address = bytes.fromhex("cd" * 20)
        vm._chain_id = 61999
>       cls = load_contract_class(ROOT / "contracts/evidence_independence_matrix.py", vm, sdk_version="v0.2.16")
              ^^^^^^^^^^^^^^^^^^^^^^^^^^^^^^^^^^^^^^^^^^^^^^^^^^^^^^^^^^^^^^^^^^^^^^^^^^^^^^^^^^^^^^^^^^^^^^^^^^

tests/conftest.py:21: 
_ _ _ _ _ _ _ _ _ _ _ _ _ _ _ _ _ _ _ _ _ _ _ _ _ _ _ _ _ _ _ _ _ _ _ _ _ _ _ _ 
/tmp/eim-phase3-env/lib/python3.12/site-packages/gltest/direct/loader.py:57: in load_contract_class
    module = _load_module(contract_path)
             ^^^^^^^^^^^^^^^^^^^^^^^^^^^
_ _ _ _ _ _ _ _ _ _ _ _ _ _ _ _ _ _ _ _ _ _ _ _ _ _ _ _ _ _ _ _ _ _ _ _ _ _ _ _ 

contract_path = PosixPath('/workspace/scratch/6ad74b9a2f71/evidence-independence-matrix/contracts/evidence_independence_matrix.py')

    def _load_module(contract_path: Path) -> Any:
        """Load a Python module from file path."""
        module_name = f"_contract_{contract_path.stem}"
    
        if module_name in sys.modules:
            del sys.modules[module_name]
    
        spec = importlib.util.spec_from_file_location(module_name, contract_path)
        if spec is None or spec.loader is None:
            raise ImportError(f"Cannot load module from {contract_path}")
    
        module = importlib.util.module_from_spec(spec)
        sys.modules[module_name] = module
    
        try:
            spec.loader.exec_module(module)
        except Exception as e:
            if module_name in sys.modules:
                del sys.modules[module_name]
>           raise ImportError(f"Failed to load contract: {e}") from e
E           ImportError: Failed to load contract: closing parenthesis '}' does not match opening parenthesis '[' (evidence_independence_matrix.py, line 551)

/tmp/eim-phase3-env/lib/python3.12/site-packages/gltest/direct/loader.py:315: ImportError
_ ERROR at setup of test_atomic_failure_preserves_old_record_and_creates_no_new_record[fetch] _

contract_path = PosixPath('/workspace/scratch/6ad74b9a2f71/evidence-independence-matrix/contracts/evidence_independence_matrix.py')

    def _load_module(contract_path: Path) -> Any:
        """Load a Python module from file path."""
        module_name = f"_contract_{contract_path.stem}"
    
        if module_name in sys.modules:
            del sys.modules[module_name]
    
        spec = importlib.util.spec_from_file_location(module_name, contract_path)
        if spec is None or spec.loader is None:
            raise ImportError(f"Cannot load module from {contract_path}")
    
        module = importlib.util.module_from_spec(spec)
        sys.modules[module_name] = module
    
        try:
>           spec.loader.exec_module(module)
E             File "/workspace/scratch/6ad74b9a2f71/evidence-independence-matrix/contracts/evidence_independence_matrix.py", line 551
E               "relations": [p["relation"] for p in candidate["pairs"]}),
E                                                                      ^
E           SyntaxError: closing parenthesis '}' does not match opening parenthesis '['

/tmp/eim-phase3-env/lib/python3.12/site-packages/gltest/direct/loader.py:311: SyntaxError

The above exception was the direct cause of the following exception:

    @pytest.fixture(scope="session")
    def eim():
        archive = download_artifacts("v0.2.16")
        with archive.open("rb") as stream:
            assert hashlib.file_digest(stream, "sha256").hexdigest() == ARTIFACT_SHA256
        vm = VMContext()
        vm._sender = bytes.fromhex("ab" * 20)
        vm._contract_address = bytes.fromhex("cd" * 20)
        vm._chain_id = 61999
>       cls = load_contract_class(ROOT / "contracts/evidence_independence_matrix.py", vm, sdk_version="v0.2.16")
              ^^^^^^^^^^^^^^^^^^^^^^^^^^^^^^^^^^^^^^^^^^^^^^^^^^^^^^^^^^^^^^^^^^^^^^^^^^^^^^^^^^^^^^^^^^^^^^^^^^

tests/conftest.py:21: 
_ _ _ _ _ _ _ _ _ _ _ _ _ _ _ _ _ _ _ _ _ _ _ _ _ _ _ _ _ _ _ _ _ _ _ _ _ _ _ _ 
/tmp/eim-phase3-env/lib/python3.12/site-packages/gltest/direct/loader.py:57: in load_contract_class
    module = _load_module(contract_path)
             ^^^^^^^^^^^^^^^^^^^^^^^^^^^
_ _ _ _ _ _ _ _ _ _ _ _ _ _ _ _ _ _ _ _ _ _ _ _ _ _ _ _ _ _ _ _ _ _ _ _ _ _ _ _ 

contract_path = PosixPath('/workspace/scratch/6ad74b9a2f71/evidence-independence-matrix/contracts/evidence_independence_matrix.py')

    def _load_module(contract_path: Path) -> Any:
        """Load a Python module from file path."""
        module_name = f"_contract_{contract_path.stem}"
    
        if module_name in sys.modules:
            del sys.modules[module_name]
    
        spec = importlib.util.spec_from_file_location(module_name, contract_path)
        if spec is None or spec.loader is None:
            raise ImportError(f"Cannot load module from {contract_path}")
    
        module = importlib.util.module_from_spec(spec)
        sys.modules[module_name] = module
    
        try:
            spec.loader.exec_module(module)
        except Exception as e:
            if module_name in sys.modules:
                del sys.modules[module_name]
>           raise ImportError(f"Failed to load contract: {e}") from e
E           ImportError: Failed to load contract: closing parenthesis '}' does not match opening parenthesis '[' (evidence_independence_matrix.py, line 551)

/tmp/eim-phase3-env/lib/python3.12/site-packages/gltest/direct/loader.py:315: ImportError
_ ERROR at setup of test_atomic_failure_preserves_old_record_and_creates_no_new_record[model] _

contract_path = PosixPath('/workspace/scratch/6ad74b9a2f71/evidence-independence-matrix/contracts/evidence_independence_matrix.py')

    def _load_module(contract_path: Path) -> Any:
        """Load a Python module from file path."""
        module_name = f"_contract_{contract_path.stem}"
    
        if module_name in sys.modules:
            del sys.modules[module_name]
    
        spec = importlib.util.spec_from_file_location(module_name, contract_path)
        if spec is None or spec.loader is None:
            raise ImportError(f"Cannot load module from {contract_path}")
    
        module = importlib.util.module_from_spec(spec)
        sys.modules[module_name] = module
    
        try:
>           spec.loader.exec_module(module)
E             File "/workspace/scratch/6ad74b9a2f71/evidence-independence-matrix/contracts/evidence_independence_matrix.py", line 551
E               "relations": [p["relation"] for p in candidate["pairs"]}),
E                                                                      ^
E           SyntaxError: closing parenthesis '}' does not match opening parenthesis '['

/tmp/eim-phase3-env/lib/python3.12/site-packages/gltest/direct/loader.py:311: SyntaxError

The above exception was the direct cause of the following exception:

    @pytest.fixture(scope="session")
    def eim():
        archive = download_artifacts("v0.2.16")
        with archive.open("rb") as stream:
            assert hashlib.file_digest(stream, "sha256").hexdigest() == ARTIFACT_SHA256
        vm = VMContext()
        vm._sender = bytes.fromhex("ab" * 20)
        vm._contract_address = bytes.fromhex("cd" * 20)
        vm._chain_id = 61999
>       cls = load_contract_class(ROOT / "contracts/evidence_independence_matrix.py", vm, sdk_version="v0.2.16")
              ^^^^^^^^^^^^^^^^^^^^^^^^^^^^^^^^^^^^^^^^^^^^^^^^^^^^^^^^^^^^^^^^^^^^^^^^^^^^^^^^^^^^^^^^^^^^^^^^^^

tests/conftest.py:21: 
_ _ _ _ _ _ _ _ _ _ _ _ _ _ _ _ _ _ _ _ _ _ _ _ _ _ _ _ _ _ _ _ _ _ _ _ _ _ _ _ 
/tmp/eim-phase3-env/lib/python3.12/site-packages/gltest/direct/loader.py:57: in load_contract_class
    module = _load_module(contract_path)
             ^^^^^^^^^^^^^^^^^^^^^^^^^^^
_ _ _ _ _ _ _ _ _ _ _ _ _ _ _ _ _ _ _ _ _ _ _ _ _ _ _ _ _ _ _ _ _ _ _ _ _ _ _ _ 

contract_path = PosixPath('/workspace/scratch/6ad74b9a2f71/evidence-independence-matrix/contracts/evidence_independence_matrix.py')

    def _load_module(contract_path: Path) -> Any:
        """Load a Python module from file path."""
        module_name = f"_contract_{contract_path.stem}"
    
        if module_name in sys.modules:
            del sys.modules[module_name]
    
        spec = importlib.util.spec_from_file_location(module_name, contract_path)
        if spec is None or spec.loader is None:
            raise ImportError(f"Cannot load module from {contract_path}")
    
        module = importlib.util.module_from_spec(spec)
        sys.modules[module_name] = module
    
        try:
            spec.loader.exec_module(module)
        except Exception as e:
            if module_name in sys.modules:
                del sys.modules[module_name]
>           raise ImportError(f"Failed to load contract: {e}") from e
E           ImportError: Failed to load contract: closing parenthesis '}' does not match opening parenthesis '[' (evidence_independence_matrix.py, line 551)

/tmp/eim-phase3-env/lib/python3.12/site-packages/gltest/direct/loader.py:315: ImportError
_ ERROR at setup of test_atomic_failure_preserves_old_record_and_creates_no_new_record[invalid-json] _

contract_path = PosixPath('/workspace/scratch/6ad74b9a2f71/evidence-independence-matrix/contracts/evidence_independence_matrix.py')

    def _load_module(contract_path: Path) -> Any:
        """Load a Python module from file path."""
        module_name = f"_contract_{contract_path.stem}"
    
        if module_name in sys.modules:
            del sys.modules[module_name]
    
        spec = importlib.util.spec_from_file_location(module_name, contract_path)
        if spec is None or spec.loader is None:
            raise ImportError(f"Cannot load module from {contract_path}")
    
        module = importlib.util.module_from_spec(spec)
        sys.modules[module_name] = module
    
        try:
>           spec.loader.exec_module(module)
E             File "/workspace/scratch/6ad74b9a2f71/evidence-independence-matrix/contracts/evidence_independence_matrix.py", line 551
E               "relations": [p["relation"] for p in candidate["pairs"]}),
E                                                                      ^
E           SyntaxError: closing parenthesis '}' does not match opening parenthesis '['

/tmp/eim-phase3-env/lib/python3.12/site-packages/gltest/direct/loader.py:311: SyntaxError

The above exception was the direct cause of the following exception:

    @pytest.fixture(scope="session")
    def eim():
        archive = download_artifacts("v0.2.16")
        with archive.open("rb") as stream:
            assert hashlib.file_digest(stream, "sha256").hexdigest() == ARTIFACT_SHA256
        vm = VMContext()
        vm._sender = bytes.fromhex("ab" * 20)
        vm._contract_address = bytes.fromhex("cd" * 20)
        vm._chain_id = 61999
>       cls = load_contract_class(ROOT / "contracts/evidence_independence_matrix.py", vm, sdk_version="v0.2.16")
              ^^^^^^^^^^^^^^^^^^^^^^^^^^^^^^^^^^^^^^^^^^^^^^^^^^^^^^^^^^^^^^^^^^^^^^^^^^^^^^^^^^^^^^^^^^^^^^^^^^

tests/conftest.py:21: 
_ _ _ _ _ _ _ _ _ _ _ _ _ _ _ _ _ _ _ _ _ _ _ _ _ _ _ _ _ _ _ _ _ _ _ _ _ _ _ _ 
/tmp/eim-phase3-env/lib/python3.12/site-packages/gltest/direct/loader.py:57: in load_contract_class
    module = _load_module(contract_path)
             ^^^^^^^^^^^^^^^^^^^^^^^^^^^
_ _ _ _ _ _ _ _ _ _ _ _ _ _ _ _ _ _ _ _ _ _ _ _ _ _ _ _ _ _ _ _ _ _ _ _ _ _ _ _ 

contract_path = PosixPath('/workspace/scratch/6ad74b9a2f71/evidence-independence-matrix/contracts/evidence_independence_matrix.py')

    def _load_module(contract_path: Path) -> Any:
        """Load a Python module from file path."""
        module_name = f"_contract_{contract_path.stem}"
    
        if module_name in sys.modules:
            del sys.modules[module_name]
    
        spec = importlib.util.spec_from_file_location(module_name, contract_path)
        if spec is None or spec.loader is None:
            raise ImportError(f"Cannot load module from {contract_path}")
    
        module = importlib.util.module_from_spec(spec)
        sys.modules[module_name] = module
    
        try:
            spec.loader.exec_module(module)
        except Exception as e:
            if module_name in sys.modules:
                del sys.modules[module_name]
>           raise ImportError(f"Failed to load contract: {e}") from e
E           ImportError: Failed to load contract: closing parenthesis '}' does not match opening parenthesis '[' (evidence_independence_matrix.py, line 551)

/tmp/eim-phase3-env/lib/python3.12/site-packages/gltest/direct/loader.py:315: ImportError
_ ERROR at setup of test_atomic_failure_preserves_old_record_and_creates_no_new_record[schema] _

contract_path = PosixPath('/workspace/scratch/6ad74b9a2f71/evidence-independence-matrix/contracts/evidence_independence_matrix.py')

    def _load_module(contract_path: Path) -> Any:
        """Load a Python module from file path."""
        module_name = f"_contract_{contract_path.stem}"
    
        if module_name in sys.modules:
            del sys.modules[module_name]
    
        spec = importlib.util.spec_from_file_location(module_name, contract_path)
        if spec is None or spec.loader is None:
            raise ImportError(f"Cannot load module from {contract_path}")
    
        module = importlib.util.module_from_spec(spec)
        sys.modules[module_name] = module
    
        try:
>           spec.loader.exec_module(module)
E             File "/workspace/scratch/6ad74b9a2f71/evidence-independence-matrix/contracts/evidence_independence_matrix.py", line 551
E               "relations": [p["relation"] for p in candidate["pairs"]}),
E                                                                      ^
E           SyntaxError: closing parenthesis '}' does not match opening parenthesis '['

/tmp/eim-phase3-env/lib/python3.12/site-packages/gltest/direct/loader.py:311: SyntaxError

The above exception was the direct cause of the following exception:

    @pytest.fixture(scope="session")
    def eim():
        archive = download_artifacts("v0.2.16")
        with archive.open("rb") as stream:
            assert hashlib.file_digest(stream, "sha256").hexdigest() == ARTIFACT_SHA256
        vm = VMContext()
        vm._sender = bytes.fromhex("ab" * 20)
        vm._contract_address = bytes.fromhex("cd" * 20)
        vm._chain_id = 61999
>       cls = load_contract_class(ROOT / "contracts/evidence_independence_matrix.py", vm, sdk_version="v0.2.16")
              ^^^^^^^^^^^^^^^^^^^^^^^^^^^^^^^^^^^^^^^^^^^^^^^^^^^^^^^^^^^^^^^^^^^^^^^^^^^^^^^^^^^^^^^^^^^^^^^^^^

tests/conftest.py:21: 
_ _ _ _ _ _ _ _ _ _ _ _ _ _ _ _ _ _ _ _ _ _ _ _ _ _ _ _ _ _ _ _ _ _ _ _ _ _ _ _ 
/tmp/eim-phase3-env/lib/python3.12/site-packages/gltest/direct/loader.py:57: in load_contract_class
    module = _load_module(contract_path)
             ^^^^^^^^^^^^^^^^^^^^^^^^^^^
_ _ _ _ _ _ _ _ _ _ _ _ _ _ _ _ _ _ _ _ _ _ _ _ _ _ _ _ _ _ _ _ _ _ _ _ _ _ _ _ 

contract_path = PosixPath('/workspace/scratch/6ad74b9a2f71/evidence-independence-matrix/contracts/evidence_independence_matrix.py')

    def _load_module(contract_path: Path) -> Any:
        """Load a Python module from file path."""
        module_name = f"_contract_{contract_path.stem}"
    
        if module_name in sys.modules:
            del sys.modules[module_name]
    
        spec = importlib.util.spec_from_file_location(module_name, contract_path)
        if spec is None or spec.loader is None:
            raise ImportError(f"Cannot load module from {contract_path}")
    
        module = importlib.util.module_from_spec(spec)
        sys.modules[module_name] = module
    
        try:
            spec.loader.exec_module(module)
        except Exception as e:
            if module_name in sys.modules:
                del sys.modules[module_name]
>           raise ImportError(f"Failed to load contract: {e}") from e
E           ImportError: Failed to load contract: closing parenthesis '}' does not match opening parenthesis '[' (evidence_independence_matrix.py, line 551)

/tmp/eim-phase3-env/lib/python3.12/site-packages/gltest/direct/loader.py:315: ImportError
_ ERROR at setup of test_atomic_failure_preserves_old_record_and_creates_no_new_record[disagreement] _

contract_path = PosixPath('/workspace/scratch/6ad74b9a2f71/evidence-independence-matrix/contracts/evidence_independence_matrix.py')

    def _load_module(contract_path: Path) -> Any:
        """Load a Python module from file path."""
        module_name = f"_contract_{contract_path.stem}"
    
        if module_name in sys.modules:
            del sys.modules[module_name]
    
        spec = importlib.util.spec_from_file_location(module_name, contract_path)
        if spec is None or spec.loader is None:
            raise ImportError(f"Cannot load module from {contract_path}")
    
        module = importlib.util.module_from_spec(spec)
        sys.modules[module_name] = module
    
        try:
>           spec.loader.exec_module(module)
E             File "/workspace/scratch/6ad74b9a2f71/evidence-independence-matrix/contracts/evidence_independence_matrix.py", line 551
E               "relations": [p["relation"] for p in candidate["pairs"]}),
E                                                                      ^
E           SyntaxError: closing parenthesis '}' does not match opening parenthesis '['

/tmp/eim-phase3-env/lib/python3.12/site-packages/gltest/direct/loader.py:311: SyntaxError

The above exception was the direct cause of the following exception:

    @pytest.fixture(scope="session")
    def eim():
        archive = download_artifacts("v0.2.16")
        with archive.open("rb") as stream:
            assert hashlib.file_digest(stream, "sha256").hexdigest() == ARTIFACT_SHA256
        vm = VMContext()
        vm._sender = bytes.fromhex("ab" * 20)
        vm._contract_address = bytes.fromhex("cd" * 20)
        vm._chain_id = 61999
>       cls = load_contract_class(ROOT / "contracts/evidence_independence_matrix.py", vm, sdk_version="v0.2.16")
              ^^^^^^^^^^^^^^^^^^^^^^^^^^^^^^^^^^^^^^^^^^^^^^^^^^^^^^^^^^^^^^^^^^^^^^^^^^^^^^^^^^^^^^^^^^^^^^^^^^

tests/conftest.py:21: 
_ _ _ _ _ _ _ _ _ _ _ _ _ _ _ _ _ _ _ _ _ _ _ _ _ _ _ _ _ _ _ _ _ _ _ _ _ _ _ _ 
/tmp/eim-phase3-env/lib/python3.12/site-packages/gltest/direct/loader.py:57: in load_contract_class
    module = _load_module(contract_path)
             ^^^^^^^^^^^^^^^^^^^^^^^^^^^
_ _ _ _ _ _ _ _ _ _ _ _ _ _ _ _ _ _ _ _ _ _ _ _ _ _ _ _ _ _ _ _ _ _ _ _ _ _ _ _ 

contract_path = PosixPath('/workspace/scratch/6ad74b9a2f71/evidence-independence-matrix/contracts/evidence_independence_matrix.py')

    def _load_module(contract_path: Path) -> Any:
        """Load a Python module from file path."""
        module_name = f"_contract_{contract_path.stem}"
    
        if module_name in sys.modules:
            del sys.modules[module_name]
    
        spec = importlib.util.spec_from_file_location(module_name, contract_path)
        if spec is None or spec.loader is None:
            raise ImportError(f"Cannot load module from {contract_path}")
    
        module = importlib.util.module_from_spec(spec)
        sys.modules[module_name] = module
    
        try:
            spec.loader.exec_module(module)
        except Exception as e:
            if module_name in sys.modules:
                del sys.modules[module_name]
>           raise ImportError(f"Failed to load contract: {e}") from e
E           ImportError: Failed to load contract: closing parenthesis '}' does not match opening parenthesis '[' (evidence_independence_matrix.py, line 551)

/tmp/eim-phase3-env/lib/python3.12/site-packages/gltest/direct/loader.py:315: ImportError
_ ERROR at setup of test_atomic_failure_preserves_old_record_and_creates_no_new_record[candidate-invariant] _

contract_path = PosixPath('/workspace/scratch/6ad74b9a2f71/evidence-independence-matrix/contracts/evidence_independence_matrix.py')

    def _load_module(contract_path: Path) -> Any:
        """Load a Python module from file path."""
        module_name = f"_contract_{contract_path.stem}"
    
        if module_name in sys.modules:
            del sys.modules[module_name]
    
        spec = importlib.util.spec_from_file_location(module_name, contract_path)
        if spec is None or spec.loader is None:
            raise ImportError(f"Cannot load module from {contract_path}")
    
        module = importlib.util.module_from_spec(spec)
        sys.modules[module_name] = module
    
        try:
>           spec.loader.exec_module(module)
E             File "/workspace/scratch/6ad74b9a2f71/evidence-independence-matrix/contracts/evidence_independence_matrix.py", line 551
E               "relations": [p["relation"] for p in candidate["pairs"]}),
E                                                                      ^
E           SyntaxError: closing parenthesis '}' does not match opening parenthesis '['

/tmp/eim-phase3-env/lib/python3.12/site-packages/gltest/direct/loader.py:311: SyntaxError

The above exception was the direct cause of the following exception:

    @pytest.fixture(scope="session")
    def eim():
        archive = download_artifacts("v0.2.16")
        with archive.open("rb") as stream:
            assert hashlib.file_digest(stream, "sha256").hexdigest() == ARTIFACT_SHA256
        vm = VMContext()
        vm._sender = bytes.fromhex("ab" * 20)
        vm._contract_address = bytes.fromhex("cd" * 20)
        vm._chain_id = 61999
>       cls = load_contract_class(ROOT / "contracts/evidence_independence_matrix.py", vm, sdk_version="v0.2.16")
              ^^^^^^^^^^^^^^^^^^^^^^^^^^^^^^^^^^^^^^^^^^^^^^^^^^^^^^^^^^^^^^^^^^^^^^^^^^^^^^^^^^^^^^^^^^^^^^^^^^

tests/conftest.py:21: 
_ _ _ _ _ _ _ _ _ _ _ _ _ _ _ _ _ _ _ _ _ _ _ _ _ _ _ _ _ _ _ _ _ _ _ _ _ _ _ _ 
/tmp/eim-phase3-env/lib/python3.12/site-packages/gltest/direct/loader.py:57: in load_contract_class
    module = _load_module(contract_path)
             ^^^^^^^^^^^^^^^^^^^^^^^^^^^
_ _ _ _ _ _ _ _ _ _ _ _ _ _ _ _ _ _ _ _ _ _ _ _ _ _ _ _ _ _ _ _ _ _ _ _ _ _ _ _ 

contract_path = PosixPath('/workspace/scratch/6ad74b9a2f71/evidence-independence-matrix/contracts/evidence_independence_matrix.py')

    def _load_module(contract_path: Path) -> Any:
        """Load a Python module from file path."""
        module_name = f"_contract_{contract_path.stem}"
    
        if module_name in sys.modules:
            del sys.modules[module_name]
    
        spec = importlib.util.spec_from_file_location(module_name, contract_path)
        if spec is None or spec.loader is None:
            raise ImportError(f"Cannot load module from {contract_path}")
    
        module = importlib.util.module_from_spec(spec)
        sys.modules[module_name] = module
    
        try:
            spec.loader.exec_module(module)
        except Exception as e:
            if module_name in sys.modules:
                del sys.modules[module_name]
>           raise ImportError(f"Failed to load contract: {e}") from e
E           ImportError: Failed to load contract: closing parenthesis '}' does not match opening parenthesis '[' (evidence_independence_matrix.py, line 551)

/tmp/eim-phase3-env/lib/python3.12/site-packages/gltest/direct/loader.py:315: ImportError
_ ERROR at setup of test_atomic_failure_preserves_old_record_and_creates_no_new_record[postprocess] _

contract_path = PosixPath('/workspace/scratch/6ad74b9a2f71/evidence-independence-matrix/contracts/evidence_independence_matrix.py')

    def _load_module(contract_path: Path) -> Any:
        """Load a Python module from file path."""
        module_name = f"_contract_{contract_path.stem}"
    
        if module_name in sys.modules:
            del sys.modules[module_name]
    
        spec = importlib.util.spec_from_file_location(module_name, contract_path)
        if spec is None or spec.loader is None:
            raise ImportError(f"Cannot load module from {contract_path}")
    
        module = importlib.util.module_from_spec(spec)
        sys.modules[module_name] = module
    
        try:
>           spec.loader.exec_module(module)
E             File "/workspace/scratch/6ad74b9a2f71/evidence-independence-matrix/contracts/evidence_independence_matrix.py", line 551
E               "relations": [p["relation"] for p in candidate["pairs"]}),
E                                                                      ^
E           SyntaxError: closing parenthesis '}' does not match opening parenthesis '['

/tmp/eim-phase3-env/lib/python3.12/site-packages/gltest/direct/loader.py:311: SyntaxError

The above exception was the direct cause of the following exception:

    @pytest.fixture(scope="session")
    def eim():
        archive = download_artifacts("v0.2.16")
        with archive.open("rb") as stream:
            assert hashlib.file_digest(stream, "sha256").hexdigest() == ARTIFACT_SHA256
        vm = VMContext()
        vm._sender = bytes.fromhex("ab" * 20)
        vm._contract_address = bytes.fromhex("cd" * 20)
        vm._chain_id = 61999
>       cls = load_contract_class(ROOT / "contracts/evidence_independence_matrix.py", vm, sdk_version="v0.2.16")
              ^^^^^^^^^^^^^^^^^^^^^^^^^^^^^^^^^^^^^^^^^^^^^^^^^^^^^^^^^^^^^^^^^^^^^^^^^^^^^^^^^^^^^^^^^^^^^^^^^^

tests/conftest.py:21: 
_ _ _ _ _ _ _ _ _ _ _ _ _ _ _ _ _ _ _ _ _ _ _ _ _ _ _ _ _ _ _ _ _ _ _ _ _ _ _ _ 
/tmp/eim-phase3-env/lib/python3.12/site-packages/gltest/direct/loader.py:57: in load_contract_class
    module = _load_module(contract_path)
             ^^^^^^^^^^^^^^^^^^^^^^^^^^^
_ _ _ _ _ _ _ _ _ _ _ _ _ _ _ _ _ _ _ _ _ _ _ _ _ _ _ _ _ _ _ _ _ _ _ _ _ _ _ _ 

contract_path = PosixPath('/workspace/scratch/6ad74b9a2f71/evidence-independence-matrix/contracts/evidence_independence_matrix.py')

    def _load_module(contract_path: Path) -> Any:
        """Load a Python module from file path."""
        module_name = f"_contract_{contract_path.stem}"
    
        if module_name in sys.modules:
            del sys.modules[module_name]
    
        spec = importlib.util.spec_from_file_location(module_name, contract_path)
        if spec is None or spec.loader is None:
            raise ImportError(f"Cannot load module from {contract_path}")
    
        module = importlib.util.module_from_spec(spec)
        sys.modules[module_name] = module
    
        try:
            spec.loader.exec_module(module)
        except Exception as e:
            if module_name in sys.modules:
                del sys.modules[module_name]
>           raise ImportError(f"Failed to load contract: {e}") from e
E           ImportError: Failed to load contract: closing parenthesis '}' does not match opening parenthesis '[' (evidence_independence_matrix.py, line 551)

/tmp/eim-phase3-env/lib/python3.12/site-packages/gltest/direct/loader.py:315: ImportError
_ ERROR at setup of test_partial_idempotency_namespace_and_new_observation[same] _

contract_path = PosixPath('/workspace/scratch/6ad74b9a2f71/evidence-independence-matrix/contracts/evidence_independence_matrix.py')

    def _load_module(contract_path: Path) -> Any:
        """Load a Python module from file path."""
        module_name = f"_contract_{contract_path.stem}"
    
        if module_name in sys.modules:
            del sys.modules[module_name]
    
        spec = importlib.util.spec_from_file_location(module_name, contract_path)
        if spec is None or spec.loader is None:
            raise ImportError(f"Cannot load module from {contract_path}")
    
        module = importlib.util.module_from_spec(spec)
        sys.modules[module_name] = module
    
        try:
>           spec.loader.exec_module(module)
E             File "/workspace/scratch/6ad74b9a2f71/evidence-independence-matrix/contracts/evidence_independence_matrix.py", line 551
E               "relations": [p["relation"] for p in candidate["pairs"]}),
E                                                                      ^
E           SyntaxError: closing parenthesis '}' does not match opening parenthesis '['

/tmp/eim-phase3-env/lib/python3.12/site-packages/gltest/direct/loader.py:311: SyntaxError

The above exception was the direct cause of the following exception:

    @pytest.fixture(scope="session")
    def eim():
        archive = download_artifacts("v0.2.16")
        with archive.open("rb") as stream:
            assert hashlib.file_digest(stream, "sha256").hexdigest() == ARTIFACT_SHA256
        vm = VMContext()
        vm._sender = bytes.fromhex("ab" * 20)
        vm._contract_address = bytes.fromhex("cd" * 20)
        vm._chain_id = 61999
>       cls = load_contract_class(ROOT / "contracts/evidence_independence_matrix.py", vm, sdk_version="v0.2.16")
              ^^^^^^^^^^^^^^^^^^^^^^^^^^^^^^^^^^^^^^^^^^^^^^^^^^^^^^^^^^^^^^^^^^^^^^^^^^^^^^^^^^^^^^^^^^^^^^^^^^

tests/conftest.py:21: 
_ _ _ _ _ _ _ _ _ _ _ _ _ _ _ _ _ _ _ _ _ _ _ _ _ _ _ _ _ _ _ _ _ _ _ _ _ _ _ _ 
/tmp/eim-phase3-env/lib/python3.12/site-packages/gltest/direct/loader.py:57: in load_contract_class
    module = _load_module(contract_path)
             ^^^^^^^^^^^^^^^^^^^^^^^^^^^
_ _ _ _ _ _ _ _ _ _ _ _ _ _ _ _ _ _ _ _ _ _ _ _ _ _ _ _ _ _ _ _ _ _ _ _ _ _ _ _ 

contract_path = PosixPath('/workspace/scratch/6ad74b9a2f71/evidence-independence-matrix/contracts/evidence_independence_matrix.py')

    def _load_module(contract_path: Path) -> Any:
        """Load a Python module from file path."""
        module_name = f"_contract_{contract_path.stem}"
    
        if module_name in sys.modules:
            del sys.modules[module_name]
    
        spec = importlib.util.spec_from_file_location(module_name, contract_path)
        if spec is None or spec.loader is None:
            raise ImportError(f"Cannot load module from {contract_path}")
    
        module = importlib.util.module_from_spec(spec)
        sys.modules[module_name] = module
    
        try:
            spec.loader.exec_module(module)
        except Exception as e:
            if module_name in sys.modules:
                del sys.modules[module_name]
>           raise ImportError(f"Failed to load contract: {e}") from e
E           ImportError: Failed to load contract: closing parenthesis '}' does not match opening parenthesis '[' (evidence_independence_matrix.py, line 551)

/tmp/eim-phase3-env/lib/python3.12/site-packages/gltest/direct/loader.py:315: ImportError
_ ERROR at setup of test_partial_idempotency_namespace_and_new_observation[conflict] _

contract_path = PosixPath('/workspace/scratch/6ad74b9a2f71/evidence-independence-matrix/contracts/evidence_independence_matrix.py')

    def _load_module(contract_path: Path) -> Any:
        """Load a Python module from file path."""
        module_name = f"_contract_{contract_path.stem}"
    
        if module_name in sys.modules:
            del sys.modules[module_name]
    
        spec = importlib.util.spec_from_file_location(module_name, contract_path)
        if spec is None or spec.loader is None:
            raise ImportError(f"Cannot load module from {contract_path}")
    
        module = importlib.util.module_from_spec(spec)
        sys.modules[module_name] = module
    
        try:
>           spec.loader.exec_module(module)
E             File "/workspace/scratch/6ad74b9a2f71/evidence-independence-matrix/contracts/evidence_independence_matrix.py", line 551
E               "relations": [p["relation"] for p in candidate["pairs"]}),
E                                                                      ^
E           SyntaxError: closing parenthesis '}' does not match opening parenthesis '['

/tmp/eim-phase3-env/lib/python3.12/site-packages/gltest/direct/loader.py:311: SyntaxError

The above exception was the direct cause of the following exception:

    @pytest.fixture(scope="session")
    def eim():
        archive = download_artifacts("v0.2.16")
        with archive.open("rb") as stream:
            assert hashlib.file_digest(stream, "sha256").hexdigest() == ARTIFACT_SHA256
        vm = VMContext()
        vm._sender = bytes.fromhex("ab" * 20)
        vm._contract_address = bytes.fromhex("cd" * 20)
        vm._chain_id = 61999
>       cls = load_contract_class(ROOT / "contracts/evidence_independence_matrix.py", vm, sdk_version="v0.2.16")
              ^^^^^^^^^^^^^^^^^^^^^^^^^^^^^^^^^^^^^^^^^^^^^^^^^^^^^^^^^^^^^^^^^^^^^^^^^^^^^^^^^^^^^^^^^^^^^^^^^^

tests/conftest.py:21: 
_ _ _ _ _ _ _ _ _ _ _ _ _ _ _ _ _ _ _ _ _ _ _ _ _ _ _ _ _ _ _ _ _ _ _ _ _ _ _ _ 
/tmp/eim-phase3-env/lib/python3.12/site-packages/gltest/direct/loader.py:57: in load_contract_class
    module = _load_module(contract_path)
             ^^^^^^^^^^^^^^^^^^^^^^^^^^^
_ _ _ _ _ _ _ _ _ _ _ _ _ _ _ _ _ _ _ _ _ _ _ _ _ _ _ _ _ _ _ _ _ _ _ _ _ _ _ _ 

contract_path = PosixPath('/workspace/scratch/6ad74b9a2f71/evidence-independence-matrix/contracts/evidence_independence_matrix.py')

    def _load_module(contract_path: Path) -> Any:
        """Load a Python module from file path."""
        module_name = f"_contract_{contract_path.stem}"
    
        if module_name in sys.modules:
            del sys.modules[module_name]
    
        spec = importlib.util.spec_from_file_location(module_name, contract_path)
        if spec is None or spec.loader is None:
            raise ImportError(f"Cannot load module from {contract_path}")
    
        module = importlib.util.module_from_spec(spec)
        sys.modules[module_name] = module
    
        try:
            spec.loader.exec_module(module)
        except Exception as e:
            if module_name in sys.modules:
                del sys.modules[module_name]
>           raise ImportError(f"Failed to load contract: {e}") from e
E           ImportError: Failed to load contract: closing parenthesis '}' does not match opening parenthesis '[' (evidence_independence_matrix.py, line 551)

/tmp/eim-phase3-env/lib/python3.12/site-packages/gltest/direct/loader.py:315: ImportError
_ ERROR at setup of test_partial_idempotency_namespace_and_new_observation[new-key] _

contract_path = PosixPath('/workspace/scratch/6ad74b9a2f71/evidence-independence-matrix/contracts/evidence_independence_matrix.py')

    def _load_module(contract_path: Path) -> Any:
        """Load a Python module from file path."""
        module_name = f"_contract_{contract_path.stem}"
    
        if module_name in sys.modules:
            del sys.modules[module_name]
    
        spec = importlib.util.spec_from_file_location(module_name, contract_path)
        if spec is None or spec.loader is None:
            raise ImportError(f"Cannot load module from {contract_path}")
    
        module = importlib.util.module_from_spec(spec)
        sys.modules[module_name] = module
    
        try:
>           spec.loader.exec_module(module)
E             File "/workspace/scratch/6ad74b9a2f71/evidence-independence-matrix/contracts/evidence_independence_matrix.py", line 551
E               "relations": [p["relation"] for p in candidate["pairs"]}),
E                                                                      ^
E           SyntaxError: closing parenthesis '}' does not match opening parenthesis '['

/tmp/eim-phase3-env/lib/python3.12/site-packages/gltest/direct/loader.py:311: SyntaxError

The above exception was the direct cause of the following exception:

    @pytest.fixture(scope="session")
    def eim():
        archive = download_artifacts("v0.2.16")
        with archive.open("rb") as stream:
            assert hashlib.file_digest(stream, "sha256").hexdigest() == ARTIFACT_SHA256
        vm = VMContext()
        vm._sender = bytes.fromhex("ab" * 20)
        vm._contract_address = bytes.fromhex("cd" * 20)
        vm._chain_id = 61999
>       cls = load_contract_class(ROOT / "contracts/evidence_independence_matrix.py", vm, sdk_version="v0.2.16")
              ^^^^^^^^^^^^^^^^^^^^^^^^^^^^^^^^^^^^^^^^^^^^^^^^^^^^^^^^^^^^^^^^^^^^^^^^^^^^^^^^^^^^^^^^^^^^^^^^^^

tests/conftest.py:21: 
_ _ _ _ _ _ _ _ _ _ _ _ _ _ _ _ _ _ _ _ _ _ _ _ _ _ _ _ _ _ _ _ _ _ _ _ _ _ _ _ 
/tmp/eim-phase3-env/lib/python3.12/site-packages/gltest/direct/loader.py:57: in load_contract_class
    module = _load_module(contract_path)
             ^^^^^^^^^^^^^^^^^^^^^^^^^^^
_ _ _ _ _ _ _ _ _ _ _ _ _ _ _ _ _ _ _ _ _ _ _ _ _ _ _ _ _ _ _ _ _ _ _ _ _ _ _ _ 

contract_path = PosixPath('/workspace/scratch/6ad74b9a2f71/evidence-independence-matrix/contracts/evidence_independence_matrix.py')

    def _load_module(contract_path: Path) -> Any:
        """Load a Python module from file path."""
        module_name = f"_contract_{contract_path.stem}"
    
        if module_name in sys.modules:
            del sys.modules[module_name]
    
        spec = importlib.util.spec_from_file_location(module_name, contract_path)
        if spec is None or spec.loader is None:
            raise ImportError(f"Cannot load module from {contract_path}")
    
        module = importlib.util.module_from_spec(spec)
        sys.modules[module_name] = module
    
        try:
            spec.loader.exec_module(module)
        except Exception as e:
            if module_name in sys.modules:
                del sys.modules[module_name]
>           raise ImportError(f"Failed to load contract: {e}") from e
E           ImportError: Failed to load contract: closing parenthesis '}' does not match opening parenthesis '[' (evidence_independence_matrix.py, line 551)

/tmp/eim-phase3-env/lib/python3.12/site-packages/gltest/direct/loader.py:315: ImportError
_ ERROR at setup of test_partial_idempotency_namespace_and_new_observation[other-creator] _

contract_path = PosixPath('/workspace/scratch/6ad74b9a2f71/evidence-independence-matrix/contracts/evidence_independence_matrix.py')

    def _load_module(contract_path: Path) -> Any:
        """Load a Python module from file path."""
        module_name = f"_contract_{contract_path.stem}"
    
        if module_name in sys.modules:
            del sys.modules[module_name]
    
        spec = importlib.util.spec_from_file_location(module_name, contract_path)
        if spec is None or spec.loader is None:
            raise ImportError(f"Cannot load module from {contract_path}")
    
        module = importlib.util.module_from_spec(spec)
        sys.modules[module_name] = module
    
        try:
>           spec.loader.exec_module(module)
E             File "/workspace/scratch/6ad74b9a2f71/evidence-independence-matrix/contracts/evidence_independence_matrix.py", line 551
E               "relations": [p["relation"] for p in candidate["pairs"]}),
E                                                                      ^
E           SyntaxError: closing parenthesis '}' does not match opening parenthesis '['

/tmp/eim-phase3-env/lib/python3.12/site-packages/gltest/direct/loader.py:311: SyntaxError

The above exception was the direct cause of the following exception:

    @pytest.fixture(scope="session")
    def eim():
        archive = download_artifacts("v0.2.16")
        with archive.open("rb") as stream:
            assert hashlib.file_digest(stream, "sha256").hexdigest() == ARTIFACT_SHA256
        vm = VMContext()
        vm._sender = bytes.fromhex("ab" * 20)
        vm._contract_address = bytes.fromhex("cd" * 20)
        vm._chain_id = 61999
>       cls = load_contract_class(ROOT / "contracts/evidence_independence_matrix.py", vm, sdk_version="v0.2.16")
              ^^^^^^^^^^^^^^^^^^^^^^^^^^^^^^^^^^^^^^^^^^^^^^^^^^^^^^^^^^^^^^^^^^^^^^^^^^^^^^^^^^^^^^^^^^^^^^^^^^

tests/conftest.py:21: 
_ _ _ _ _ _ _ _ _ _ _ _ _ _ _ _ _ _ _ _ _ _ _ _ _ _ _ _ _ _ _ _ _ _ _ _ _ _ _ _ 
/tmp/eim-phase3-env/lib/python3.12/site-packages/gltest/direct/loader.py:57: in load_contract_class
    module = _load_module(contract_path)
             ^^^^^^^^^^^^^^^^^^^^^^^^^^^
_ _ _ _ _ _ _ _ _ _ _ _ _ _ _ _ _ _ _ _ _ _ _ _ _ _ _ _ _ _ _ _ _ _ _ _ _ _ _ _ 

contract_path = PosixPath('/workspace/scratch/6ad74b9a2f71/evidence-independence-matrix/contracts/evidence_independence_matrix.py')

    def _load_module(contract_path: Path) -> Any:
        """Load a Python module from file path."""
        module_name = f"_contract_{contract_path.stem}"
    
        if module_name in sys.modules:
            del sys.modules[module_name]
    
        spec = importlib.util.spec_from_file_location(module_name, contract_path)
        if spec is None or spec.loader is None:
            raise ImportError(f"Cannot load module from {contract_path}")
    
        module = importlib.util.module_from_spec(spec)
        sys.modules[module_name] = module
    
        try:
            spec.loader.exec_module(module)
        except Exception as e:
            if module_name in sys.modules:
                del sys.modules[module_name]
>           raise ImportError(f"Failed to load contract: {e}") from e
E           ImportError: Failed to load contract: closing parenthesis '}' does not match opening parenthesis '[' (evidence_independence_matrix.py, line 551)

/tmp/eim-phase3-env/lib/python3.12/site-packages/gltest/direct/loader.py:315: ImportError
_ ERROR at setup of test_validator_classification_independent_of_valid_leader_answer[relation] _

contract_path = PosixPath('/workspace/scratch/6ad74b9a2f71/evidence-independence-matrix/contracts/evidence_independence_matrix.py')

    def _load_module(contract_path: Path) -> Any:
        """Load a Python module from file path."""
        module_name = f"_contract_{contract_path.stem}"
    
        if module_name in sys.modules:
            del sys.modules[module_name]
    
        spec = importlib.util.spec_from_file_location(module_name, contract_path)
        if spec is None or spec.loader is None:
            raise ImportError(f"Cannot load module from {contract_path}")
    
        module = importlib.util.module_from_spec(spec)
        sys.modules[module_name] = module
    
        try:
>           spec.loader.exec_module(module)
E             File "/workspace/scratch/6ad74b9a2f71/evidence-independence-matrix/contracts/evidence_independence_matrix.py", line 551
E               "relations": [p["relation"] for p in candidate["pairs"]}),
E                                                                      ^
E           SyntaxError: closing parenthesis '}' does not match opening parenthesis '['

/tmp/eim-phase3-env/lib/python3.12/site-packages/gltest/direct/loader.py:311: SyntaxError

The above exception was the direct cause of the following exception:

    @pytest.fixture(scope="session")
    def eim():
        archive = download_artifacts("v0.2.16")
        with archive.open("rb") as stream:
            assert hashlib.file_digest(stream, "sha256").hexdigest() == ARTIFACT_SHA256
        vm = VMContext()
        vm._sender = bytes.fromhex("ab" * 20)
        vm._contract_address = bytes.fromhex("cd" * 20)
        vm._chain_id = 61999
>       cls = load_contract_class(ROOT / "contracts/evidence_independence_matrix.py", vm, sdk_version="v0.2.16")
              ^^^^^^^^^^^^^^^^^^^^^^^^^^^^^^^^^^^^^^^^^^^^^^^^^^^^^^^^^^^^^^^^^^^^^^^^^^^^^^^^^^^^^^^^^^^^^^^^^^

tests/conftest.py:21: 
_ _ _ _ _ _ _ _ _ _ _ _ _ _ _ _ _ _ _ _ _ _ _ _ _ _ _ _ _ _ _ _ _ _ _ _ _ _ _ _ 
/tmp/eim-phase3-env/lib/python3.12/site-packages/gltest/direct/loader.py:57: in load_contract_class
    module = _load_module(contract_path)
             ^^^^^^^^^^^^^^^^^^^^^^^^^^^
_ _ _ _ _ _ _ _ _ _ _ _ _ _ _ _ _ _ _ _ _ _ _ _ _ _ _ _ _ _ _ _ _ _ _ _ _ _ _ _ 

contract_path = PosixPath('/workspace/scratch/6ad74b9a2f71/evidence-independence-matrix/contracts/evidence_independence_matrix.py')

    def _load_module(contract_path: Path) -> Any:
        """Load a Python module from file path."""
        module_name = f"_contract_{contract_path.stem}"
    
        if module_name in sys.modules:
            del sys.modules[module_name]
    
        spec = importlib.util.spec_from_file_location(module_name, contract_path)
        if spec is None or spec.loader is None:
            raise ImportError(f"Cannot load module from {contract_path}")
    
        module = importlib.util.module_from_spec(spec)
        sys.modules[module_name] = module
    
        try:
            spec.loader.exec_module(module)
        except Exception as e:
            if module_name in sys.modules:
                del sys.modules[module_name]
>           raise ImportError(f"Failed to load contract: {e}") from e
E           ImportError: Failed to load contract: closing parenthesis '}' does not match opening parenthesis '[' (evidence_independence_matrix.py, line 551)

/tmp/eim-phase3-env/lib/python3.12/site-packages/gltest/direct/loader.py:315: ImportError
_ ERROR at setup of test_validator_classification_independent_of_valid_leader_answer[digest] _

contract_path = PosixPath('/workspace/scratch/6ad74b9a2f71/evidence-independence-matrix/contracts/evidence_independence_matrix.py')

    def _load_module(contract_path: Path) -> Any:
        """Load a Python module from file path."""
        module_name = f"_contract_{contract_path.stem}"
    
        if module_name in sys.modules:
            del sys.modules[module_name]
    
        spec = importlib.util.spec_from_file_location(module_name, contract_path)
        if spec is None or spec.loader is None:
            raise ImportError(f"Cannot load module from {contract_path}")
    
        module = importlib.util.module_from_spec(spec)
        sys.modules[module_name] = module
    
        try:
>           spec.loader.exec_module(module)
E             File "/workspace/scratch/6ad74b9a2f71/evidence-independence-matrix/contracts/evidence_independence_matrix.py", line 551
E               "relations": [p["relation"] for p in candidate["pairs"]}),
E                                                                      ^
E           SyntaxError: closing parenthesis '}' does not match opening parenthesis '['

/tmp/eim-phase3-env/lib/python3.12/site-packages/gltest/direct/loader.py:311: SyntaxError

The above exception was the direct cause of the following exception:

    @pytest.fixture(scope="session")
    def eim():
        archive = download_artifacts("v0.2.16")
        with archive.open("rb") as stream:
            assert hashlib.file_digest(stream, "sha256").hexdigest() == ARTIFACT_SHA256
        vm = VMContext()
        vm._sender = bytes.fromhex("ab" * 20)
        vm._contract_address = bytes.fromhex("cd" * 20)
        vm._chain_id = 61999
>       cls = load_contract_class(ROOT / "contracts/evidence_independence_matrix.py", vm, sdk_version="v0.2.16")
              ^^^^^^^^^^^^^^^^^^^^^^^^^^^^^^^^^^^^^^^^^^^^^^^^^^^^^^^^^^^^^^^^^^^^^^^^^^^^^^^^^^^^^^^^^^^^^^^^^^

tests/conftest.py:21: 
_ _ _ _ _ _ _ _ _ _ _ _ _ _ _ _ _ _ _ _ _ _ _ _ _ _ _ _ _ _ _ _ _ _ _ _ _ _ _ _ 
/tmp/eim-phase3-env/lib/python3.12/site-packages/gltest/direct/loader.py:57: in load_contract_class
    module = _load_module(contract_path)
             ^^^^^^^^^^^^^^^^^^^^^^^^^^^
_ _ _ _ _ _ _ _ _ _ _ _ _ _ _ _ _ _ _ _ _ _ _ _ _ _ _ _ _ _ _ _ _ _ _ _ _ _ _ _ 

contract_path = PosixPath('/workspace/scratch/6ad74b9a2f71/evidence-independence-matrix/contracts/evidence_independence_matrix.py')

    def _load_module(contract_path: Path) -> Any:
        """Load a Python module from file path."""
        module_name = f"_contract_{contract_path.stem}"
    
        if module_name in sys.modules:
            del sys.modules[module_name]
    
        spec = importlib.util.spec_from_file_location(module_name, contract_path)
        if spec is None or spec.loader is None:
            raise ImportError(f"Cannot load module from {contract_path}")
    
        module = importlib.util.module_from_spec(spec)
        sys.modules[module_name] = module
    
        try:
            spec.loader.exec_module(module)
        except Exception as e:
            if module_name in sys.modules:
                del sys.modules[module_name]
>           raise ImportError(f"Failed to load contract: {e}") from e
E           ImportError: Failed to load contract: closing parenthesis '}' does not match opening parenthesis '[' (evidence_independence_matrix.py, line 551)

/tmp/eim-phase3-env/lib/python3.12/site-packages/gltest/direct/loader.py:315: ImportError
__ ERROR at setup of test_public_interface_authorization_and_immutable_views ___

contract_path = PosixPath('/workspace/scratch/6ad74b9a2f71/evidence-independence-matrix/contracts/evidence_independence_matrix.py')

    def _load_module(contract_path: Path) -> Any:
        """Load a Python module from file path."""
        module_name = f"_contract_{contract_path.stem}"
    
        if module_name in sys.modules:
            del sys.modules[module_name]
    
        spec = importlib.util.spec_from_file_location(module_name, contract_path)
        if spec is None or spec.loader is None:
            raise ImportError(f"Cannot load module from {contract_path}")
    
        module = importlib.util.module_from_spec(spec)
        sys.modules[module_name] = module
    
        try:
>           spec.loader.exec_module(module)
E             File "/workspace/scratch/6ad74b9a2f71/evidence-independence-matrix/contracts/evidence_independence_matrix.py", line 551
E               "relations": [p["relation"] for p in candidate["pairs"]}),
E                                                                      ^
E           SyntaxError: closing parenthesis '}' does not match opening parenthesis '['

/tmp/eim-phase3-env/lib/python3.12/site-packages/gltest/direct/loader.py:311: SyntaxError

The above exception was the direct cause of the following exception:

    @pytest.fixture(scope="session")
    def eim():
        archive = download_artifacts("v0.2.16")
        with archive.open("rb") as stream:
            assert hashlib.file_digest(stream, "sha256").hexdigest() == ARTIFACT_SHA256
        vm = VMContext()
        vm._sender = bytes.fromhex("ab" * 20)
        vm._contract_address = bytes.fromhex("cd" * 20)
        vm._chain_id = 61999
>       cls = load_contract_class(ROOT / "contracts/evidence_independence_matrix.py", vm, sdk_version="v0.2.16")
              ^^^^^^^^^^^^^^^^^^^^^^^^^^^^^^^^^^^^^^^^^^^^^^^^^^^^^^^^^^^^^^^^^^^^^^^^^^^^^^^^^^^^^^^^^^^^^^^^^^

tests/conftest.py:21: 
_ _ _ _ _ _ _ _ _ _ _ _ _ _ _ _ _ _ _ _ _ _ _ _ _ _ _ _ _ _ _ _ _ _ _ _ _ _ _ _ 
/tmp/eim-phase3-env/lib/python3.12/site-packages/gltest/direct/loader.py:57: in load_contract_class
    module = _load_module(contract_path)
             ^^^^^^^^^^^^^^^^^^^^^^^^^^^
_ _ _ _ _ _ _ _ _ _ _ _ _ _ _ _ _ _ _ _ _ _ _ _ _ _ _ _ _ _ _ _ _ _ _ _ _ _ _ _ 

contract_path = PosixPath('/workspace/scratch/6ad74b9a2f71/evidence-independence-matrix/contracts/evidence_independence_matrix.py')

    def _load_module(contract_path: Path) -> Any:
        """Load a Python module from file path."""
        module_name = f"_contract_{contract_path.stem}"
    
        if module_name in sys.modules:
            del sys.modules[module_name]
    
        spec = importlib.util.spec_from_file_location(module_name, contract_path)
        if spec is None or spec.loader is None:
            raise ImportError(f"Cannot load module from {contract_path}")
    
        module = importlib.util.module_from_spec(spec)
        sys.modules[module_name] = module
    
        try:
            spec.loader.exec_module(module)
        except Exception as e:
            if module_name in sys.modules:
                del sys.modules[module_name]
>           raise ImportError(f"Failed to load contract: {e}") from e
E           ImportError: Failed to load contract: closing parenthesis '}' does not match opening parenthesis '[' (evidence_independence_matrix.py, line 551)

/tmp/eim-phase3-env/lib/python3.12/site-packages/gltest/direct/loader.py:315: ImportError
____________________ ERROR at setup of test_key_rejection[] ____________________

contract_path = PosixPath('/workspace/scratch/6ad74b9a2f71/evidence-independence-matrix/contracts/evidence_independence_matrix.py')

    def _load_module(contract_path: Path) -> Any:
        """Load a Python module from file path."""
        module_name = f"_contract_{contract_path.stem}"
    
        if module_name in sys.modules:
            del sys.modules[module_name]
    
        spec = importlib.util.spec_from_file_location(module_name, contract_path)
        if spec is None or spec.loader is None:
            raise ImportError(f"Cannot load module from {contract_path}")
    
        module = importlib.util.module_from_spec(spec)
        sys.modules[module_name] = module
    
        try:
>           spec.loader.exec_module(module)
E             File "/workspace/scratch/6ad74b9a2f71/evidence-independence-matrix/contracts/evidence_independence_matrix.py", line 551
E               "relations": [p["relation"] for p in candidate["pairs"]}),
E                                                                      ^
E           SyntaxError: closing parenthesis '}' does not match opening parenthesis '['

/tmp/eim-phase3-env/lib/python3.12/site-packages/gltest/direct/loader.py:311: SyntaxError

The above exception was the direct cause of the following exception:

    @pytest.fixture(scope="session")
    def eim():
        archive = download_artifacts("v0.2.16")
        with archive.open("rb") as stream:
            assert hashlib.file_digest(stream, "sha256").hexdigest() == ARTIFACT_SHA256
        vm = VMContext()
        vm._sender = bytes.fromhex("ab" * 20)
        vm._contract_address = bytes.fromhex("cd" * 20)
        vm._chain_id = 61999
>       cls = load_contract_class(ROOT / "contracts/evidence_independence_matrix.py", vm, sdk_version="v0.2.16")
              ^^^^^^^^^^^^^^^^^^^^^^^^^^^^^^^^^^^^^^^^^^^^^^^^^^^^^^^^^^^^^^^^^^^^^^^^^^^^^^^^^^^^^^^^^^^^^^^^^^

tests/conftest.py:21: 
_ _ _ _ _ _ _ _ _ _ _ _ _ _ _ _ _ _ _ _ _ _ _ _ _ _ _ _ _ _ _ _ _ _ _ _ _ _ _ _ 
/tmp/eim-phase3-env/lib/python3.12/site-packages/gltest/direct/loader.py:57: in load_contract_class
    module = _load_module(contract_path)
             ^^^^^^^^^^^^^^^^^^^^^^^^^^^
_ _ _ _ _ _ _ _ _ _ _ _ _ _ _ _ _ _ _ _ _ _ _ _ _ _ _ _ _ _ _ _ _ _ _ _ _ _ _ _ 

contract_path = PosixPath('/workspace/scratch/6ad74b9a2f71/evidence-independence-matrix/contracts/evidence_independence_matrix.py')

    def _load_module(contract_path: Path) -> Any:
        """Load a Python module from file path."""
        module_name = f"_contract_{contract_path.stem}"
    
        if module_name in sys.modules:
            del sys.modules[module_name]
    
        spec = importlib.util.spec_from_file_location(module_name, contract_path)
        if spec is None or spec.loader is None:
            raise ImportError(f"Cannot load module from {contract_path}")
    
        module = importlib.util.module_from_spec(spec)
        sys.modules[module_name] = module
    
        try:
            spec.loader.exec_module(module)
        except Exception as e:
            if module_name in sys.modules:
                del sys.modules[module_name]
>           raise ImportError(f"Failed to load contract: {e}") from e
E           ImportError: Failed to load contract: closing parenthesis '}' does not match opening parenthesis '[' (evidence_independence_matrix.py, line 551)

/tmp/eim-phase3-env/lib/python3.12/site-packages/gltest/direct/loader.py:315: ImportError
_ ERROR at setup of test_key_rejection[aaaaaaaaaaaaaaaaaaaaaaaaaaaaaaaaaaaaaaaaaaaaaaaaaaaaaaaaaaaaaaaaa] _

contract_path = PosixPath('/workspace/scratch/6ad74b9a2f71/evidence-independence-matrix/contracts/evidence_independence_matrix.py')

    def _load_module(contract_path: Path) -> Any:
        """Load a Python module from file path."""
        module_name = f"_contract_{contract_path.stem}"
    
        if module_name in sys.modules:
            del sys.modules[module_name]
    
        spec = importlib.util.spec_from_file_location(module_name, contract_path)
        if spec is None or spec.loader is None:
            raise ImportError(f"Cannot load module from {contract_path}")
    
        module = importlib.util.module_from_spec(spec)
        sys.modules[module_name] = module
    
        try:
>           spec.loader.exec_module(module)
E             File "/workspace/scratch/6ad74b9a2f71/evidence-independence-matrix/contracts/evidence_independence_matrix.py", line 551
E               "relations": [p["relation"] for p in candidate["pairs"]}),
E                                                                      ^
E           SyntaxError: closing parenthesis '}' does not match opening parenthesis '['

/tmp/eim-phase3-env/lib/python3.12/site-packages/gltest/direct/loader.py:311: SyntaxError

The above exception was the direct cause of the following exception:

    @pytest.fixture(scope="session")
    def eim():
        archive = download_artifacts("v0.2.16")
        with archive.open("rb") as stream:
            assert hashlib.file_digest(stream, "sha256").hexdigest() == ARTIFACT_SHA256
        vm = VMContext()
        vm._sender = bytes.fromhex("ab" * 20)
        vm._contract_address = bytes.fromhex("cd" * 20)
        vm._chain_id = 61999
>       cls = load_contract_class(ROOT / "contracts/evidence_independence_matrix.py", vm, sdk_version="v0.2.16")
              ^^^^^^^^^^^^^^^^^^^^^^^^^^^^^^^^^^^^^^^^^^^^^^^^^^^^^^^^^^^^^^^^^^^^^^^^^^^^^^^^^^^^^^^^^^^^^^^^^^

tests/conftest.py:21: 
_ _ _ _ _ _ _ _ _ _ _ _ _ _ _ _ _ _ _ _ _ _ _ _ _ _ _ _ _ _ _ _ _ _ _ _ _ _ _ _ 
/tmp/eim-phase3-env/lib/python3.12/site-packages/gltest/direct/loader.py:57: in load_contract_class
    module = _load_module(contract_path)
             ^^^^^^^^^^^^^^^^^^^^^^^^^^^
_ _ _ _ _ _ _ _ _ _ _ _ _ _ _ _ _ _ _ _ _ _ _ _ _ _ _ _ _ _ _ _ _ _ _ _ _ _ _ _ 

contract_path = PosixPath('/workspace/scratch/6ad74b9a2f71/evidence-independence-matrix/contracts/evidence_independence_matrix.py')

    def _load_module(contract_path: Path) -> Any:
        """Load a Python module from file path."""
        module_name = f"_contract_{contract_path.stem}"
    
        if module_name in sys.modules:
            del sys.modules[module_name]
    
        spec = importlib.util.spec_from_file_location(module_name, contract_path)
        if spec is None or spec.loader is None:
            raise ImportError(f"Cannot load module from {contract_path}")
    
        module = importlib.util.module_from_spec(spec)
        sys.modules[module_name] = module
    
        try:
            spec.loader.exec_module(module)
        except Exception as e:
            if module_name in sys.modules:
                del sys.modules[module_name]
>           raise ImportError(f"Failed to load contract: {e}") from e
E           ImportError: Failed to load contract: closing parenthesis '}' does not match opening parenthesis '[' (evidence_independence_matrix.py, line 551)

/tmp/eim-phase3-env/lib/python3.12/site-packages/gltest/direct/loader.py:315: ImportError
__________________ ERROR at setup of test_key_rejection[a b] ___________________

contract_path = PosixPath('/workspace/scratch/6ad74b9a2f71/evidence-independence-matrix/contracts/evidence_independence_matrix.py')

    def _load_module(contract_path: Path) -> Any:
        """Load a Python module from file path."""
        module_name = f"_contract_{contract_path.stem}"
    
        if module_name in sys.modules:
            del sys.modules[module_name]
    
        spec = importlib.util.spec_from_file_location(module_name, contract_path)
        if spec is None or spec.loader is None:
            raise ImportError(f"Cannot load module from {contract_path}")
    
        module = importlib.util.module_from_spec(spec)
        sys.modules[module_name] = module
    
        try:
>           spec.loader.exec_module(module)
E             File "/workspace/scratch/6ad74b9a2f71/evidence-independence-matrix/contracts/evidence_independence_matrix.py", line 551
E               "relations": [p["relation"] for p in candidate["pairs"]}),
E                                                                      ^
E           SyntaxError: closing parenthesis '}' does not match opening parenthesis '['

/tmp/eim-phase3-env/lib/python3.12/site-packages/gltest/direct/loader.py:311: SyntaxError

The above exception was the direct cause of the following exception:

    @pytest.fixture(scope="session")
    def eim():
        archive = download_artifacts("v0.2.16")
        with archive.open("rb") as stream:
            assert hashlib.file_digest(stream, "sha256").hexdigest() == ARTIFACT_SHA256
        vm = VMContext()
        vm._sender = bytes.fromhex("ab" * 20)
        vm._contract_address = bytes.fromhex("cd" * 20)
        vm._chain_id = 61999
>       cls = load_contract_class(ROOT / "contracts/evidence_independence_matrix.py", vm, sdk_version="v0.2.16")
              ^^^^^^^^^^^^^^^^^^^^^^^^^^^^^^^^^^^^^^^^^^^^^^^^^^^^^^^^^^^^^^^^^^^^^^^^^^^^^^^^^^^^^^^^^^^^^^^^^^

tests/conftest.py:21: 
_ _ _ _ _ _ _ _ _ _ _ _ _ _ _ _ _ _ _ _ _ _ _ _ _ _ _ _ _ _ _ _ _ _ _ _ _ _ _ _ 
/tmp/eim-phase3-env/lib/python3.12/site-packages/gltest/direct/loader.py:57: in load_contract_class
    module = _load_module(contract_path)
             ^^^^^^^^^^^^^^^^^^^^^^^^^^^
_ _ _ _ _ _ _ _ _ _ _ _ _ _ _ _ _ _ _ _ _ _ _ _ _ _ _ _ _ _ _ _ _ _ _ _ _ _ _ _ 

contract_path = PosixPath('/workspace/scratch/6ad74b9a2f71/evidence-independence-matrix/contracts/evidence_independence_matrix.py')

    def _load_module(contract_path: Path) -> Any:
        """Load a Python module from file path."""
        module_name = f"_contract_{contract_path.stem}"
    
        if module_name in sys.modules:
            del sys.modules[module_name]
    
        spec = importlib.util.spec_from_file_location(module_name, contract_path)
        if spec is None or spec.loader is None:
            raise ImportError(f"Cannot load module from {contract_path}")
    
        module = importlib.util.module_from_spec(spec)
        sys.modules[module_name] = module
    
        try:
            spec.loader.exec_module(module)
        except Exception as e:
            if module_name in sys.modules:
                del sys.modules[module_name]
>           raise ImportError(f"Failed to load contract: {e}") from e
E           ImportError: Failed to load contract: closing parenthesis '}' does not match opening parenthesis '[' (evidence_independence_matrix.py, line 551)

/tmp/eim-phase3-env/lib/python3.12/site-packages/gltest/direct/loader.py:315: ImportError
__________________ ERROR at setup of test_key_rejection[\xe9] __________________

contract_path = PosixPath('/workspace/scratch/6ad74b9a2f71/evidence-independence-matrix/contracts/evidence_independence_matrix.py')

    def _load_module(contract_path: Path) -> Any:
        """Load a Python module from file path."""
        module_name = f"_contract_{contract_path.stem}"
    
        if module_name in sys.modules:
            del sys.modules[module_name]
    
        spec = importlib.util.spec_from_file_location(module_name, contract_path)
        if spec is None or spec.loader is None:
            raise ImportError(f"Cannot load module from {contract_path}")
    
        module = importlib.util.module_from_spec(spec)
        sys.modules[module_name] = module
    
        try:
>           spec.loader.exec_module(module)
E             File "/workspace/scratch/6ad74b9a2f71/evidence-independence-matrix/contracts/evidence_independence_matrix.py", line 551
E               "relations": [p["relation"] for p in candidate["pairs"]}),
E                                                                      ^
E           SyntaxError: closing parenthesis '}' does not match opening parenthesis '['

/tmp/eim-phase3-env/lib/python3.12/site-packages/gltest/direct/loader.py:311: SyntaxError

The above exception was the direct cause of the following exception:

    @pytest.fixture(scope="session")
    def eim():
        archive = download_artifacts("v0.2.16")
        with archive.open("rb") as stream:
            assert hashlib.file_digest(stream, "sha256").hexdigest() == ARTIFACT_SHA256
        vm = VMContext()
        vm._sender = bytes.fromhex("ab" * 20)
        vm._contract_address = bytes.fromhex("cd" * 20)
        vm._chain_id = 61999
>       cls = load_contract_class(ROOT / "contracts/evidence_independence_matrix.py", vm, sdk_version="v0.2.16")
              ^^^^^^^^^^^^^^^^^^^^^^^^^^^^^^^^^^^^^^^^^^^^^^^^^^^^^^^^^^^^^^^^^^^^^^^^^^^^^^^^^^^^^^^^^^^^^^^^^^

tests/conftest.py:21: 
_ _ _ _ _ _ _ _ _ _ _ _ _ _ _ _ _ _ _ _ _ _ _ _ _ _ _ _ _ _ _ _ _ _ _ _ _ _ _ _ 
/tmp/eim-phase3-env/lib/python3.12/site-packages/gltest/direct/loader.py:57: in load_contract_class
    module = _load_module(contract_path)
             ^^^^^^^^^^^^^^^^^^^^^^^^^^^
_ _ _ _ _ _ _ _ _ _ _ _ _ _ _ _ _ _ _ _ _ _ _ _ _ _ _ _ _ _ _ _ _ _ _ _ _ _ _ _ 

contract_path = PosixPath('/workspace/scratch/6ad74b9a2f71/evidence-independence-matrix/contracts/evidence_independence_matrix.py')

    def _load_module(contract_path: Path) -> Any:
        """Load a Python module from file path."""
        module_name = f"_contract_{contract_path.stem}"
    
        if module_name in sys.modules:
            del sys.modules[module_name]
    
        spec = importlib.util.spec_from_file_location(module_name, contract_path)
        if spec is None or spec.loader is None:
            raise ImportError(f"Cannot load module from {contract_path}")
    
        module = importlib.util.module_from_spec(spec)
        sys.modules[module_name] = module
    
        try:
            spec.loader.exec_module(module)
        except Exception as e:
            if module_name in sys.modules:
                del sys.modules[module_name]
>           raise ImportError(f"Failed to load contract: {e}") from e
E           ImportError: Failed to load contract: closing parenthesis '}' does not match opening parenthesis '[' (evidence_independence_matrix.py, line 551)

/tmp/eim-phase3-env/lib/python3.12/site-packages/gltest/direct/loader.py:315: ImportError
__________________ ERROR at setup of test_key_rejection[x.y] ___________________

contract_path = PosixPath('/workspace/scratch/6ad74b9a2f71/evidence-independence-matrix/contracts/evidence_independence_matrix.py')

    def _load_module(contract_path: Path) -> Any:
        """Load a Python module from file path."""
        module_name = f"_contract_{contract_path.stem}"
    
        if module_name in sys.modules:
            del sys.modules[module_name]
    
        spec = importlib.util.spec_from_file_location(module_name, contract_path)
        if spec is None or spec.loader is None:
            raise ImportError(f"Cannot load module from {contract_path}")
    
        module = importlib.util.module_from_spec(spec)
        sys.modules[module_name] = module
    
        try:
>           spec.loader.exec_module(module)
E             File "/workspace/scratch/6ad74b9a2f71/evidence-independence-matrix/contracts/evidence_independence_matrix.py", line 551
E               "relations": [p["relation"] for p in candidate["pairs"]}),
E                                                                      ^
E           SyntaxError: closing parenthesis '}' does not match opening parenthesis '['

/tmp/eim-phase3-env/lib/python3.12/site-packages/gltest/direct/loader.py:311: SyntaxError

The above exception was the direct cause of the following exception:

    @pytest.fixture(scope="session")
    def eim():
        archive = download_artifacts("v0.2.16")
        with archive.open("rb") as stream:
            assert hashlib.file_digest(stream, "sha256").hexdigest() == ARTIFACT_SHA256
        vm = VMContext()
        vm._sender = bytes.fromhex("ab" * 20)
        vm._contract_address = bytes.fromhex("cd" * 20)
        vm._chain_id = 61999
>       cls = load_contract_class(ROOT / "contracts/evidence_independence_matrix.py", vm, sdk_version="v0.2.16")
              ^^^^^^^^^^^^^^^^^^^^^^^^^^^^^^^^^^^^^^^^^^^^^^^^^^^^^^^^^^^^^^^^^^^^^^^^^^^^^^^^^^^^^^^^^^^^^^^^^^

tests/conftest.py:21: 
_ _ _ _ _ _ _ _ _ _ _ _ _ _ _ _ _ _ _ _ _ _ _ _ _ _ _ _ _ _ _ _ _ _ _ _ _ _ _ _ 
/tmp/eim-phase3-env/lib/python3.12/site-packages/gltest/direct/loader.py:57: in load_contract_class
    module = _load_module(contract_path)
             ^^^^^^^^^^^^^^^^^^^^^^^^^^^
_ _ _ _ _ _ _ _ _ _ _ _ _ _ _ _ _ _ _ _ _ _ _ _ _ _ _ _ _ _ _ _ _ _ _ _ _ _ _ _ 

contract_path = PosixPath('/workspace/scratch/6ad74b9a2f71/evidence-independence-matrix/contracts/evidence_independence_matrix.py')

    def _load_module(contract_path: Path) -> Any:
        """Load a Python module from file path."""
        module_name = f"_contract_{contract_path.stem}"
    
        if module_name in sys.modules:
            del sys.modules[module_name]
    
        spec = importlib.util.spec_from_file_location(module_name, contract_path)
        if spec is None or spec.loader is None:
            raise ImportError(f"Cannot load module from {contract_path}")
    
        module = importlib.util.module_from_spec(spec)
        sys.modules[module_name] = module
    
        try:
            spec.loader.exec_module(module)
        except Exception as e:
            if module_name in sys.modules:
                del sys.modules[module_name]
>           raise ImportError(f"Failed to load contract: {e}") from e
E           ImportError: Failed to load contract: closing parenthesis '}' does not match opening parenthesis '[' (evidence_independence_matrix.py, line 551)

/tmp/eim-phase3-env/lib/python3.12/site-packages/gltest/direct/loader.py:315: ImportError
_________________ ERROR at setup of test_key_rejection[\nkey] __________________

contract_path = PosixPath('/workspace/scratch/6ad74b9a2f71/evidence-independence-matrix/contracts/evidence_independence_matrix.py')

    def _load_module(contract_path: Path) -> Any:
        """Load a Python module from file path."""
        module_name = f"_contract_{contract_path.stem}"
    
        if module_name in sys.modules:
            del sys.modules[module_name]
    
        spec = importlib.util.spec_from_file_location(module_name, contract_path)
        if spec is None or spec.loader is None:
            raise ImportError(f"Cannot load module from {contract_path}")
    
        module = importlib.util.module_from_spec(spec)
        sys.modules[module_name] = module
    
        try:
>           spec.loader.exec_module(module)
E             File "/workspace/scratch/6ad74b9a2f71/evidence-independence-matrix/contracts/evidence_independence_matrix.py", line 551
E               "relations": [p["relation"] for p in candidate["pairs"]}),
E                                                                      ^
E           SyntaxError: closing parenthesis '}' does not match opening parenthesis '['

/tmp/eim-phase3-env/lib/python3.12/site-packages/gltest/direct/loader.py:311: SyntaxError

The above exception was the direct cause of the following exception:

    @pytest.fixture(scope="session")
    def eim():
        archive = download_artifacts("v0.2.16")
        with archive.open("rb") as stream:
            assert hashlib.file_digest(stream, "sha256").hexdigest() == ARTIFACT_SHA256
        vm = VMContext()
        vm._sender = bytes.fromhex("ab" * 20)
        vm._contract_address = bytes.fromhex("cd" * 20)
        vm._chain_id = 61999
>       cls = load_contract_class(ROOT / "contracts/evidence_independence_matrix.py", vm, sdk_version="v0.2.16")
              ^^^^^^^^^^^^^^^^^^^^^^^^^^^^^^^^^^^^^^^^^^^^^^^^^^^^^^^^^^^^^^^^^^^^^^^^^^^^^^^^^^^^^^^^^^^^^^^^^^

tests/conftest.py:21: 
_ _ _ _ _ _ _ _ _ _ _ _ _ _ _ _ _ _ _ _ _ _ _ _ _ _ _ _ _ _ _ _ _ _ _ _ _ _ _ _ 
/tmp/eim-phase3-env/lib/python3.12/site-packages/gltest/direct/loader.py:57: in load_contract_class
    module = _load_module(contract_path)
             ^^^^^^^^^^^^^^^^^^^^^^^^^^^
_ _ _ _ _ _ _ _ _ _ _ _ _ _ _ _ _ _ _ _ _ _ _ _ _ _ _ _ _ _ _ _ _ _ _ _ _ _ _ _ 

contract_path = PosixPath('/workspace/scratch/6ad74b9a2f71/evidence-independence-matrix/contracts/evidence_independence_matrix.py')

    def _load_module(contract_path: Path) -> Any:
        """Load a Python module from file path."""
        module_name = f"_contract_{contract_path.stem}"
    
        if module_name in sys.modules:
            del sys.modules[module_name]
    
        spec = importlib.util.spec_from_file_location(module_name, contract_path)
        if spec is None or spec.loader is None:
            raise ImportError(f"Cannot load module from {contract_path}")
    
        module = importlib.util.module_from_spec(spec)
        sys.modules[module_name] = module
    
        try:
            spec.loader.exec_module(module)
        except Exception as e:
            if module_name in sys.modules:
                del sys.modules[module_name]
>           raise ImportError(f"Failed to load contract: {e}") from e
E           ImportError: Failed to load contract: closing parenthesis '}' does not match opening parenthesis '[' (evidence_independence_matrix.py, line 551)

/tmp/eim-phase3-env/lib/python3.12/site-packages/gltest/direct/loader.py:315: ImportError
__________________ ERROR at setup of test_key_rejection[None] __________________

contract_path = PosixPath('/workspace/scratch/6ad74b9a2f71/evidence-independence-matrix/contracts/evidence_independence_matrix.py')

    def _load_module(contract_path: Path) -> Any:
        """Load a Python module from file path."""
        module_name = f"_contract_{contract_path.stem}"
    
        if module_name in sys.modules:
            del sys.modules[module_name]
    
        spec = importlib.util.spec_from_file_location(module_name, contract_path)
        if spec is None or spec.loader is None:
            raise ImportError(f"Cannot load module from {contract_path}")
    
        module = importlib.util.module_from_spec(spec)
        sys.modules[module_name] = module
    
        try:
>           spec.loader.exec_module(module)
E             File "/workspace/scratch/6ad74b9a2f71/evidence-independence-matrix/contracts/evidence_independence_matrix.py", line 551
E               "relations": [p["relation"] for p in candidate["pairs"]}),
E                                                                      ^
E           SyntaxError: closing parenthesis '}' does not match opening parenthesis '['

/tmp/eim-phase3-env/lib/python3.12/site-packages/gltest/direct/loader.py:311: SyntaxError

The above exception was the direct cause of the following exception:

    @pytest.fixture(scope="session")
    def eim():
        archive = download_artifacts("v0.2.16")
        with archive.open("rb") as stream:
            assert hashlib.file_digest(stream, "sha256").hexdigest() == ARTIFACT_SHA256
        vm = VMContext()
        vm._sender = bytes.fromhex("ab" * 20)
        vm._contract_address = bytes.fromhex("cd" * 20)
        vm._chain_id = 61999
>       cls = load_contract_class(ROOT / "contracts/evidence_independence_matrix.py", vm, sdk_version="v0.2.16")
              ^^^^^^^^^^^^^^^^^^^^^^^^^^^^^^^^^^^^^^^^^^^^^^^^^^^^^^^^^^^^^^^^^^^^^^^^^^^^^^^^^^^^^^^^^^^^^^^^^^

tests/conftest.py:21: 
_ _ _ _ _ _ _ _ _ _ _ _ _ _ _ _ _ _ _ _ _ _ _ _ _ _ _ _ _ _ _ _ _ _ _ _ _ _ _ _ 
/tmp/eim-phase3-env/lib/python3.12/site-packages/gltest/direct/loader.py:57: in load_contract_class
    module = _load_module(contract_path)
             ^^^^^^^^^^^^^^^^^^^^^^^^^^^
_ _ _ _ _ _ _ _ _ _ _ _ _ _ _ _ _ _ _ _ _ _ _ _ _ _ _ _ _ _ _ _ _ _ _ _ _ _ _ _ 

contract_path = PosixPath('/workspace/scratch/6ad74b9a2f71/evidence-independence-matrix/contracts/evidence_independence_matrix.py')

    def _load_module(contract_path: Path) -> Any:
        """Load a Python module from file path."""
        module_name = f"_contract_{contract_path.stem}"
    
        if module_name in sys.modules:
            del sys.modules[module_name]
    
        spec = importlib.util.spec_from_file_location(module_name, contract_path)
        if spec is None or spec.loader is None:
            raise ImportError(f"Cannot load module from {contract_path}")
    
        module = importlib.util.module_from_spec(spec)
        sys.modules[module_name] = module
    
        try:
            spec.loader.exec_module(module)
        except Exception as e:
            if module_name in sys.modules:
                del sys.modules[module_name]
>           raise ImportError(f"Failed to load contract: {e}") from e
E           ImportError: Failed to load contract: closing parenthesis '}' does not match opening parenthesis '[' (evidence_independence_matrix.py, line 551)

/tmp/eim-phase3-env/lib/python3.12/site-packages/gltest/direct/loader.py:315: ImportError
___________________ ERROR at setup of test_key_rejection[5] ____________________

contract_path = PosixPath('/workspace/scratch/6ad74b9a2f71/evidence-independence-matrix/contracts/evidence_independence_matrix.py')

    def _load_module(contract_path: Path) -> Any:
        """Load a Python module from file path."""
        module_name = f"_contract_{contract_path.stem}"
    
        if module_name in sys.modules:
            del sys.modules[module_name]
    
        spec = importlib.util.spec_from_file_location(module_name, contract_path)
        if spec is None or spec.loader is None:
            raise ImportError(f"Cannot load module from {contract_path}")
    
        module = importlib.util.module_from_spec(spec)
        sys.modules[module_name] = module
    
        try:
>           spec.loader.exec_module(module)
E             File "/workspace/scratch/6ad74b9a2f71/evidence-independence-matrix/contracts/evidence_independence_matrix.py", line 551
E               "relations": [p["relation"] for p in candidate["pairs"]}),
E                                                                      ^
E           SyntaxError: closing parenthesis '}' does not match opening parenthesis '['

/tmp/eim-phase3-env/lib/python3.12/site-packages/gltest/direct/loader.py:311: SyntaxError

The above exception was the direct cause of the following exception:

    @pytest.fixture(scope="session")
    def eim():
        archive = download_artifacts("v0.2.16")
        with archive.open("rb") as stream:
            assert hashlib.file_digest(stream, "sha256").hexdigest() == ARTIFACT_SHA256
        vm = VMContext()
        vm._sender = bytes.fromhex("ab" * 20)
        vm._contract_address = bytes.fromhex("cd" * 20)
        vm._chain_id = 61999
>       cls = load_contract_class(ROOT / "contracts/evidence_independence_matrix.py", vm, sdk_version="v0.2.16")
              ^^^^^^^^^^^^^^^^^^^^^^^^^^^^^^^^^^^^^^^^^^^^^^^^^^^^^^^^^^^^^^^^^^^^^^^^^^^^^^^^^^^^^^^^^^^^^^^^^^

tests/conftest.py:21: 
_ _ _ _ _ _ _ _ _ _ _ _ _ _ _ _ _ _ _ _ _ _ _ _ _ _ _ _ _ _ _ _ _ _ _ _ _ _ _ _ 
/tmp/eim-phase3-env/lib/python3.12/site-packages/gltest/direct/loader.py:57: in load_contract_class
    module = _load_module(contract_path)
             ^^^^^^^^^^^^^^^^^^^^^^^^^^^
_ _ _ _ _ _ _ _ _ _ _ _ _ _ _ _ _ _ _ _ _ _ _ _ _ _ _ _ _ _ _ _ _ _ _ _ _ _ _ _ 

contract_path = PosixPath('/workspace/scratch/6ad74b9a2f71/evidence-independence-matrix/contracts/evidence_independence_matrix.py')

    def _load_module(contract_path: Path) -> Any:
        """Load a Python module from file path."""
        module_name = f"_contract_{contract_path.stem}"
    
        if module_name in sys.modules:
            del sys.modules[module_name]
    
        spec = importlib.util.spec_from_file_location(module_name, contract_path)
        if spec is None or spec.loader is None:
            raise ImportError(f"Cannot load module from {contract_path}")
    
        module = importlib.util.module_from_spec(spec)
        sys.modules[module_name] = module
    
        try:
            spec.loader.exec_module(module)
        except Exception as e:
            if module_name in sys.modules:
                del sys.modules[module_name]
>           raise ImportError(f"Failed to load contract: {e}") from e
E           ImportError: Failed to load contract: closing parenthesis '}' does not match opening parenthesis '[' (evidence_independence_matrix.py, line 551)

/tmp/eim-phase3-env/lib/python3.12/site-packages/gltest/direct/loader.py:315: ImportError
___________________ ERROR at setup of test_input_boundaries ____________________

contract_path = PosixPath('/workspace/scratch/6ad74b9a2f71/evidence-independence-matrix/contracts/evidence_independence_matrix.py')

    def _load_module(contract_path: Path) -> Any:
        """Load a Python module from file path."""
        module_name = f"_contract_{contract_path.stem}"
    
        if module_name in sys.modules:
            del sys.modules[module_name]
    
        spec = importlib.util.spec_from_file_location(module_name, contract_path)
        if spec is None or spec.loader is None:
            raise ImportError(f"Cannot load module from {contract_path}")
    
        module = importlib.util.module_from_spec(spec)
        sys.modules[module_name] = module
    
        try:
>           spec.loader.exec_module(module)
E             File "/workspace/scratch/6ad74b9a2f71/evidence-independence-matrix/contracts/evidence_independence_matrix.py", line 551
E               "relations": [p["relation"] for p in candidate["pairs"]}),
E                                                                      ^
E           SyntaxError: closing parenthesis '}' does not match opening parenthesis '['

/tmp/eim-phase3-env/lib/python3.12/site-packages/gltest/direct/loader.py:311: SyntaxError

The above exception was the direct cause of the following exception:

    @pytest.fixture(scope="session")
    def eim():
        archive = download_artifacts("v0.2.16")
        with archive.open("rb") as stream:
            assert hashlib.file_digest(stream, "sha256").hexdigest() == ARTIFACT_SHA256
        vm = VMContext()
        vm._sender = bytes.fromhex("ab" * 20)
        vm._contract_address = bytes.fromhex("cd" * 20)
        vm._chain_id = 61999
>       cls = load_contract_class(ROOT / "contracts/evidence_independence_matrix.py", vm, sdk_version="v0.2.16")
              ^^^^^^^^^^^^^^^^^^^^^^^^^^^^^^^^^^^^^^^^^^^^^^^^^^^^^^^^^^^^^^^^^^^^^^^^^^^^^^^^^^^^^^^^^^^^^^^^^^

tests/conftest.py:21: 
_ _ _ _ _ _ _ _ _ _ _ _ _ _ _ _ _ _ _ _ _ _ _ _ _ _ _ _ _ _ _ _ _ _ _ _ _ _ _ _ 
/tmp/eim-phase3-env/lib/python3.12/site-packages/gltest/direct/loader.py:57: in load_contract_class
    module = _load_module(contract_path)
             ^^^^^^^^^^^^^^^^^^^^^^^^^^^
_ _ _ _ _ _ _ _ _ _ _ _ _ _ _ _ _ _ _ _ _ _ _ _ _ _ _ _ _ _ _ _ _ _ _ _ _ _ _ _ 

contract_path = PosixPath('/workspace/scratch/6ad74b9a2f71/evidence-independence-matrix/contracts/evidence_independence_matrix.py')

    def _load_module(contract_path: Path) -> Any:
        """Load a Python module from file path."""
        module_name = f"_contract_{contract_path.stem}"
    
        if module_name in sys.modules:
            del sys.modules[module_name]
    
        spec = importlib.util.spec_from_file_location(module_name, contract_path)
        if spec is None or spec.loader is None:
            raise ImportError(f"Cannot load module from {contract_path}")
    
        module = importlib.util.module_from_spec(spec)
        sys.modules[module_name] = module
    
        try:
            spec.loader.exec_module(module)
        except Exception as e:
            if module_name in sys.modules:
                del sys.modules[module_name]
>           raise ImportError(f"Failed to load contract: {e}") from e
E           ImportError: Failed to load contract: closing parenthesis '}' does not match opening parenthesis '[' (evidence_independence_matrix.py, line 551)

/tmp/eim-phase3-env/lib/python3.12/site-packages/gltest/direct/loader.py:315: ImportError
__________________ ERROR at setup of test_text_normalization ___________________

contract_path = PosixPath('/workspace/scratch/6ad74b9a2f71/evidence-independence-matrix/contracts/evidence_independence_matrix.py')

    def _load_module(contract_path: Path) -> Any:
        """Load a Python module from file path."""
        module_name = f"_contract_{contract_path.stem}"
    
        if module_name in sys.modules:
            del sys.modules[module_name]
    
        spec = importlib.util.spec_from_file_location(module_name, contract_path)
        if spec is None or spec.loader is None:
            raise ImportError(f"Cannot load module from {contract_path}")
    
        module = importlib.util.module_from_spec(spec)
        sys.modules[module_name] = module
    
        try:
>           spec.loader.exec_module(module)
E             File "/workspace/scratch/6ad74b9a2f71/evidence-independence-matrix/contracts/evidence_independence_matrix.py", line 551
E               "relations": [p["relation"] for p in candidate["pairs"]}),
E                                                                      ^
E           SyntaxError: closing parenthesis '}' does not match opening parenthesis '['

/tmp/eim-phase3-env/lib/python3.12/site-packages/gltest/direct/loader.py:311: SyntaxError

The above exception was the direct cause of the following exception:

    @pytest.fixture(scope="session")
    def eim():
        archive = download_artifacts("v0.2.16")
        with archive.open("rb") as stream:
            assert hashlib.file_digest(stream, "sha256").hexdigest() == ARTIFACT_SHA256
        vm = VMContext()
        vm._sender = bytes.fromhex("ab" * 20)
        vm._contract_address = bytes.fromhex("cd" * 20)
        vm._chain_id = 61999
>       cls = load_contract_class(ROOT / "contracts/evidence_independence_matrix.py", vm, sdk_version="v0.2.16")
              ^^^^^^^^^^^^^^^^^^^^^^^^^^^^^^^^^^^^^^^^^^^^^^^^^^^^^^^^^^^^^^^^^^^^^^^^^^^^^^^^^^^^^^^^^^^^^^^^^^

tests/conftest.py:21: 
_ _ _ _ _ _ _ _ _ _ _ _ _ _ _ _ _ _ _ _ _ _ _ _ _ _ _ _ _ _ _ _ _ _ _ _ _ _ _ _ 
/tmp/eim-phase3-env/lib/python3.12/site-packages/gltest/direct/loader.py:57: in load_contract_class
    module = _load_module(contract_path)
             ^^^^^^^^^^^^^^^^^^^^^^^^^^^
_ _ _ _ _ _ _ _ _ _ _ _ _ _ _ _ _ _ _ _ _ _ _ _ _ _ _ _ _ _ _ _ _ _ _ _ _ _ _ _ 

contract_path = PosixPath('/workspace/scratch/6ad74b9a2f71/evidence-independence-matrix/contracts/evidence_independence_matrix.py')

    def _load_module(contract_path: Path) -> Any:
        """Load a Python module from file path."""
        module_name = f"_contract_{contract_path.stem}"
    
        if module_name in sys.modules:
            del sys.modules[module_name]
    
        spec = importlib.util.spec_from_file_location(module_name, contract_path)
        if spec is None or spec.loader is None:
            raise ImportError(f"Cannot load module from {contract_path}")
    
        module = importlib.util.module_from_spec(spec)
        sys.modules[module_name] = module
    
        try:
            spec.loader.exec_module(module)
        except Exception as e:
            if module_name in sys.modules:
                del sys.modules[module_name]
>           raise ImportError(f"Failed to load contract: {e}") from e
E           ImportError: Failed to load contract: closing parenthesis '}' does not match opening parenthesis '[' (evidence_independence_matrix.py, line 551)

/tmp/eim-phase3-env/lib/python3.12/site-packages/gltest/direct/loader.py:315: ImportError
____ ERROR at setup of test_url_restrictions[http://alice.github.io/a.txt] _____

contract_path = PosixPath('/workspace/scratch/6ad74b9a2f71/evidence-independence-matrix/contracts/evidence_independence_matrix.py')

    def _load_module(contract_path: Path) -> Any:
        """Load a Python module from file path."""
        module_name = f"_contract_{contract_path.stem}"
    
        if module_name in sys.modules:
            del sys.modules[module_name]
    
        spec = importlib.util.spec_from_file_location(module_name, contract_path)
        if spec is None or spec.loader is None:
            raise ImportError(f"Cannot load module from {contract_path}")
    
        module = importlib.util.module_from_spec(spec)
        sys.modules[module_name] = module
    
        try:
>           spec.loader.exec_module(module)
E             File "/workspace/scratch/6ad74b9a2f71/evidence-independence-matrix/contracts/evidence_independence_matrix.py", line 551
E               "relations": [p["relation"] for p in candidate["pairs"]}),
E                                                                      ^
E           SyntaxError: closing parenthesis '}' does not match opening parenthesis '['

/tmp/eim-phase3-env/lib/python3.12/site-packages/gltest/direct/loader.py:311: SyntaxError

The above exception was the direct cause of the following exception:

    @pytest.fixture(scope="session")
    def eim():
        archive = download_artifacts("v0.2.16")
        with archive.open("rb") as stream:
            assert hashlib.file_digest(stream, "sha256").hexdigest() == ARTIFACT_SHA256
        vm = VMContext()
        vm._sender = bytes.fromhex("ab" * 20)
        vm._contract_address = bytes.fromhex("cd" * 20)
        vm._chain_id = 61999
>       cls = load_contract_class(ROOT / "contracts/evidence_independence_matrix.py", vm, sdk_version="v0.2.16")
              ^^^^^^^^^^^^^^^^^^^^^^^^^^^^^^^^^^^^^^^^^^^^^^^^^^^^^^^^^^^^^^^^^^^^^^^^^^^^^^^^^^^^^^^^^^^^^^^^^^

tests/conftest.py:21: 
_ _ _ _ _ _ _ _ _ _ _ _ _ _ _ _ _ _ _ _ _ _ _ _ _ _ _ _ _ _ _ _ _ _ _ _ _ _ _ _ 
/tmp/eim-phase3-env/lib/python3.12/site-packages/gltest/direct/loader.py:57: in load_contract_class
    module = _load_module(contract_path)
             ^^^^^^^^^^^^^^^^^^^^^^^^^^^
_ _ _ _ _ _ _ _ _ _ _ _ _ _ _ _ _ _ _ _ _ _ _ _ _ _ _ _ _ _ _ _ _ _ _ _ _ _ _ _ 

contract_path = PosixPath('/workspace/scratch/6ad74b9a2f71/evidence-independence-matrix/contracts/evidence_independence_matrix.py')

    def _load_module(contract_path: Path) -> Any:
        """Load a Python module from file path."""
        module_name = f"_contract_{contract_path.stem}"
    
        if module_name in sys.modules:
            del sys.modules[module_name]
    
        spec = importlib.util.spec_from_file_location(module_name, contract_path)
        if spec is None or spec.loader is None:
            raise ImportError(f"Cannot load module from {contract_path}")
    
        module = importlib.util.module_from_spec(spec)
        sys.modules[module_name] = module
    
        try:
            spec.loader.exec_module(module)
        except Exception as e:
            if module_name in sys.modules:
                del sys.modules[module_name]
>           raise ImportError(f"Failed to load contract: {e}") from e
E           ImportError: Failed to load contract: closing parenthesis '}' does not match opening parenthesis '[' (evidence_independence_matrix.py, line 551)

/tmp/eim-phase3-env/lib/python3.12/site-packages/gltest/direct/loader.py:315: ImportError
___ ERROR at setup of test_url_restrictions[https://alice.github.io/a.txt?] ____

contract_path = PosixPath('/workspace/scratch/6ad74b9a2f71/evidence-independence-matrix/contracts/evidence_independence_matrix.py')

    def _load_module(contract_path: Path) -> Any:
        """Load a Python module from file path."""
        module_name = f"_contract_{contract_path.stem}"
    
        if module_name in sys.modules:
            del sys.modules[module_name]
    
        spec = importlib.util.spec_from_file_location(module_name, contract_path)
        if spec is None or spec.loader is None:
            raise ImportError(f"Cannot load module from {contract_path}")
    
        module = importlib.util.module_from_spec(spec)
        sys.modules[module_name] = module
    
        try:
>           spec.loader.exec_module(module)
E             File "/workspace/scratch/6ad74b9a2f71/evidence-independence-matrix/contracts/evidence_independence_matrix.py", line 551
E               "relations": [p["relation"] for p in candidate["pairs"]}),
E                                                                      ^
E           SyntaxError: closing parenthesis '}' does not match opening parenthesis '['

/tmp/eim-phase3-env/lib/python3.12/site-packages/gltest/direct/loader.py:311: SyntaxError

The above exception was the direct cause of the following exception:

    @pytest.fixture(scope="session")
    def eim():
        archive = download_artifacts("v0.2.16")
        with archive.open("rb") as stream:
            assert hashlib.file_digest(stream, "sha256").hexdigest() == ARTIFACT_SHA256
        vm = VMContext()
        vm._sender = bytes.fromhex("ab" * 20)
        vm._contract_address = bytes.fromhex("cd" * 20)
        vm._chain_id = 61999
>       cls = load_contract_class(ROOT / "contracts/evidence_independence_matrix.py", vm, sdk_version="v0.2.16")
              ^^^^^^^^^^^^^^^^^^^^^^^^^^^^^^^^^^^^^^^^^^^^^^^^^^^^^^^^^^^^^^^^^^^^^^^^^^^^^^^^^^^^^^^^^^^^^^^^^^

tests/conftest.py:21: 
_ _ _ _ _ _ _ _ _ _ _ _ _ _ _ _ _ _ _ _ _ _ _ _ _ _ _ _ _ _ _ _ _ _ _ _ _ _ _ _ 
/tmp/eim-phase3-env/lib/python3.12/site-packages/gltest/direct/loader.py:57: in load_contract_class
    module = _load_module(contract_path)
             ^^^^^^^^^^^^^^^^^^^^^^^^^^^
_ _ _ _ _ _ _ _ _ _ _ _ _ _ _ _ _ _ _ _ _ _ _ _ _ _ _ _ _ _ _ _ _ _ _ _ _ _ _ _ 

contract_path = PosixPath('/workspace/scratch/6ad74b9a2f71/evidence-independence-matrix/contracts/evidence_independence_matrix.py')

    def _load_module(contract_path: Path) -> Any:
        """Load a Python module from file path."""
        module_name = f"_contract_{contract_path.stem}"
    
        if module_name in sys.modules:
            del sys.modules[module_name]
    
        spec = importlib.util.spec_from_file_location(module_name, contract_path)
        if spec is None or spec.loader is None:
            raise ImportError(f"Cannot load module from {contract_path}")
    
        module = importlib.util.module_from_spec(spec)
        sys.modules[module_name] = module
    
        try:
            spec.loader.exec_module(module)
        except Exception as e:
            if module_name in sys.modules:
                del sys.modules[module_name]
>           raise ImportError(f"Failed to load contract: {e}") from e
E           ImportError: Failed to load contract: closing parenthesis '}' does not match opening parenthesis '[' (evidence_independence_matrix.py, line 551)

/tmp/eim-phase3-env/lib/python3.12/site-packages/gltest/direct/loader.py:315: ImportError
___ ERROR at setup of test_url_restrictions[https://alice.github.io/a.txt#] ____

contract_path = PosixPath('/workspace/scratch/6ad74b9a2f71/evidence-independence-matrix/contracts/evidence_independence_matrix.py')

    def _load_module(contract_path: Path) -> Any:
        """Load a Python module from file path."""
        module_name = f"_contract_{contract_path.stem}"
    
        if module_name in sys.modules:
            del sys.modules[module_name]
    
        spec = importlib.util.spec_from_file_location(module_name, contract_path)
        if spec is None or spec.loader is None:
            raise ImportError(f"Cannot load module from {contract_path}")
    
        module = importlib.util.module_from_spec(spec)
        sys.modules[module_name] = module
    
        try:
>           spec.loader.exec_module(module)
E             File "/workspace/scratch/6ad74b9a2f71/evidence-independence-matrix/contracts/evidence_independence_matrix.py", line 551
E               "relations": [p["relation"] for p in candidate["pairs"]}),
E                                                                      ^
E           SyntaxError: closing parenthesis '}' does not match opening parenthesis '['

/tmp/eim-phase3-env/lib/python3.12/site-packages/gltest/direct/loader.py:311: SyntaxError

The above exception was the direct cause of the following exception:

    @pytest.fixture(scope="session")
    def eim():
        archive = download_artifacts("v0.2.16")
        with archive.open("rb") as stream:
            assert hashlib.file_digest(stream, "sha256").hexdigest() == ARTIFACT_SHA256
        vm = VMContext()
        vm._sender = bytes.fromhex("ab" * 20)
        vm._contract_address = bytes.fromhex("cd" * 20)
        vm._chain_id = 61999
>       cls = load_contract_class(ROOT / "contracts/evidence_independence_matrix.py", vm, sdk_version="v0.2.16")
              ^^^^^^^^^^^^^^^^^^^^^^^^^^^^^^^^^^^^^^^^^^^^^^^^^^^^^^^^^^^^^^^^^^^^^^^^^^^^^^^^^^^^^^^^^^^^^^^^^^

tests/conftest.py:21: 
_ _ _ _ _ _ _ _ _ _ _ _ _ _ _ _ _ _ _ _ _ _ _ _ _ _ _ _ _ _ _ _ _ _ _ _ _ _ _ _ 
/tmp/eim-phase3-env/lib/python3.12/site-packages/gltest/direct/loader.py:57: in load_contract_class
    module = _load_module(contract_path)
             ^^^^^^^^^^^^^^^^^^^^^^^^^^^
_ _ _ _ _ _ _ _ _ _ _ _ _ _ _ _ _ _ _ _ _ _ _ _ _ _ _ _ _ _ _ _ _ _ _ _ _ _ _ _ 

contract_path = PosixPath('/workspace/scratch/6ad74b9a2f71/evidence-independence-matrix/contracts/evidence_independence_matrix.py')

    def _load_module(contract_path: Path) -> Any:
        """Load a Python module from file path."""
        module_name = f"_contract_{contract_path.stem}"
    
        if module_name in sys.modules:
            del sys.modules[module_name]
    
        spec = importlib.util.spec_from_file_location(module_name, contract_path)
        if spec is None or spec.loader is None:
            raise ImportError(f"Cannot load module from {contract_path}")
    
        module = importlib.util.module_from_spec(spec)
        sys.modules[module_name] = module
    
        try:
            spec.loader.exec_module(module)
        except Exception as e:
            if module_name in sys.modules:
                del sys.modules[module_name]
>           raise ImportError(f"Failed to load contract: {e}") from e
E           ImportError: Failed to load contract: closing parenthesis '}' does not match opening parenthesis '[' (evidence_independence_matrix.py, line 551)

/tmp/eim-phase3-env/lib/python3.12/site-packages/gltest/direct/loader.py:315: ImportError
_ ERROR at setup of test_url_restrictions[https://user@alice.github.io/a.txt] __

contract_path = PosixPath('/workspace/scratch/6ad74b9a2f71/evidence-independence-matrix/contracts/evidence_independence_matrix.py')

    def _load_module(contract_path: Path) -> Any:
        """Load a Python module from file path."""
        module_name = f"_contract_{contract_path.stem}"
    
        if module_name in sys.modules:
            del sys.modules[module_name]
    
        spec = importlib.util.spec_from_file_location(module_name, contract_path)
        if spec is None or spec.loader is None:
            raise ImportError(f"Cannot load module from {contract_path}")
    
        module = importlib.util.module_from_spec(spec)
        sys.modules[module_name] = module
    
        try:
>           spec.loader.exec_module(module)
E             File "/workspace/scratch/6ad74b9a2f71/evidence-independence-matrix/contracts/evidence_independence_matrix.py", line 551
E               "relations": [p["relation"] for p in candidate["pairs"]}),
E                                                                      ^
E           SyntaxError: closing parenthesis '}' does not match opening parenthesis '['

/tmp/eim-phase3-env/lib/python3.12/site-packages/gltest/direct/loader.py:311: SyntaxError

The above exception was the direct cause of the following exception:

    @pytest.fixture(scope="session")
    def eim():
        archive = download_artifacts("v0.2.16")
        with archive.open("rb") as stream:
            assert hashlib.file_digest(stream, "sha256").hexdigest() == ARTIFACT_SHA256
        vm = VMContext()
        vm._sender = bytes.fromhex("ab" * 20)
        vm._contract_address = bytes.fromhex("cd" * 20)
        vm._chain_id = 61999
>       cls = load_contract_class(ROOT / "contracts/evidence_independence_matrix.py", vm, sdk_version="v0.2.16")
              ^^^^^^^^^^^^^^^^^^^^^^^^^^^^^^^^^^^^^^^^^^^^^^^^^^^^^^^^^^^^^^^^^^^^^^^^^^^^^^^^^^^^^^^^^^^^^^^^^^

tests/conftest.py:21: 
_ _ _ _ _ _ _ _ _ _ _ _ _ _ _ _ _ _ _ _ _ _ _ _ _ _ _ _ _ _ _ _ _ _ _ _ _ _ _ _ 
/tmp/eim-phase3-env/lib/python3.12/site-packages/gltest/direct/loader.py:57: in load_contract_class
    module = _load_module(contract_path)
             ^^^^^^^^^^^^^^^^^^^^^^^^^^^
_ _ _ _ _ _ _ _ _ _ _ _ _ _ _ _ _ _ _ _ _ _ _ _ _ _ _ _ _ _ _ _ _ _ _ _ _ _ _ _ 

contract_path = PosixPath('/workspace/scratch/6ad74b9a2f71/evidence-independence-matrix/contracts/evidence_independence_matrix.py')

    def _load_module(contract_path: Path) -> Any:
        """Load a Python module from file path."""
        module_name = f"_contract_{contract_path.stem}"
    
        if module_name in sys.modules:
            del sys.modules[module_name]
    
        spec = importlib.util.spec_from_file_location(module_name, contract_path)
        if spec is None or spec.loader is None:
            raise ImportError(f"Cannot load module from {contract_path}")
    
        module = importlib.util.module_from_spec(spec)
        sys.modules[module_name] = module
    
        try:
            spec.loader.exec_module(module)
        except Exception as e:
            if module_name in sys.modules:
                del sys.modules[module_name]
>           raise ImportError(f"Failed to load contract: {e}") from e
E           ImportError: Failed to load contract: closing parenthesis '}' does not match opening parenthesis '[' (evidence_independence_matrix.py, line 551)

/tmp/eim-phase3-env/lib/python3.12/site-packages/gltest/direct/loader.py:315: ImportError
__ ERROR at setup of test_url_restrictions[https://alice.github.io:444/a.txt] __

contract_path = PosixPath('/workspace/scratch/6ad74b9a2f71/evidence-independence-matrix/contracts/evidence_independence_matrix.py')

    def _load_module(contract_path: Path) -> Any:
        """Load a Python module from file path."""
        module_name = f"_contract_{contract_path.stem}"
    
        if module_name in sys.modules:
            del sys.modules[module_name]
    
        spec = importlib.util.spec_from_file_location(module_name, contract_path)
        if spec is None or spec.loader is None:
            raise ImportError(f"Cannot load module from {contract_path}")
    
        module = importlib.util.module_from_spec(spec)
        sys.modules[module_name] = module
    
        try:
>           spec.loader.exec_module(module)
E             File "/workspace/scratch/6ad74b9a2f71/evidence-independence-matrix/contracts/evidence_independence_matrix.py", line 551
E               "relations": [p["relation"] for p in candidate["pairs"]}),
E                                                                      ^
E           SyntaxError: closing parenthesis '}' does not match opening parenthesis '['

/tmp/eim-phase3-env/lib/python3.12/site-packages/gltest/direct/loader.py:311: SyntaxError

The above exception was the direct cause of the following exception:

    @pytest.fixture(scope="session")
    def eim():
        archive = download_artifacts("v0.2.16")
        with archive.open("rb") as stream:
            assert hashlib.file_digest(stream, "sha256").hexdigest() == ARTIFACT_SHA256
        vm = VMContext()
        vm._sender = bytes.fromhex("ab" * 20)
        vm._contract_address = bytes.fromhex("cd" * 20)
        vm._chain_id = 61999
>       cls = load_contract_class(ROOT / "contracts/evidence_independence_matrix.py", vm, sdk_version="v0.2.16")
              ^^^^^^^^^^^^^^^^^^^^^^^^^^^^^^^^^^^^^^^^^^^^^^^^^^^^^^^^^^^^^^^^^^^^^^^^^^^^^^^^^^^^^^^^^^^^^^^^^^

tests/conftest.py:21: 
_ _ _ _ _ _ _ _ _ _ _ _ _ _ _ _ _ _ _ _ _ _ _ _ _ _ _ _ _ _ _ _ _ _ _ _ _ _ _ _ 
/tmp/eim-phase3-env/lib/python3.12/site-packages/gltest/direct/loader.py:57: in load_contract_class
    module = _load_module(contract_path)
             ^^^^^^^^^^^^^^^^^^^^^^^^^^^
_ _ _ _ _ _ _ _ _ _ _ _ _ _ _ _ _ _ _ _ _ _ _ _ _ _ _ _ _ _ _ _ _ _ _ _ _ _ _ _ 

contract_path = PosixPath('/workspace/scratch/6ad74b9a2f71/evidence-independence-matrix/contracts/evidence_independence_matrix.py')

    def _load_module(contract_path: Path) -> Any:
        """Load a Python module from file path."""
        module_name = f"_contract_{contract_path.stem}"
    
        if module_name in sys.modules:
            del sys.modules[module_name]
    
        spec = importlib.util.spec_from_file_location(module_name, contract_path)
        if spec is None or spec.loader is None:
            raise ImportError(f"Cannot load module from {contract_path}")
    
        module = importlib.util.module_from_spec(spec)
        sys.modules[module_name] = module
    
        try:
            spec.loader.exec_module(module)
        except Exception as e:
            if module_name in sys.modules:
                del sys.modules[module_name]
>           raise ImportError(f"Failed to load contract: {e}") from e
E           ImportError: Failed to load contract: closing parenthesis '}' does not match opening parenthesis '[' (evidence_independence_matrix.py, line 551)

/tmp/eim-phase3-env/lib/python3.12/site-packages/gltest/direct/loader.py:315: ImportError
___ ERROR at setup of test_url_restrictions[https://alice.github.io:/a.txt] ____

contract_path = PosixPath('/workspace/scratch/6ad74b9a2f71/evidence-independence-matrix/contracts/evidence_independence_matrix.py')

    def _load_module(contract_path: Path) -> Any:
        """Load a Python module from file path."""
        module_name = f"_contract_{contract_path.stem}"
    
        if module_name in sys.modules:
            del sys.modules[module_name]
    
        spec = importlib.util.spec_from_file_location(module_name, contract_path)
        if spec is None or spec.loader is None:
            raise ImportError(f"Cannot load module from {contract_path}")
    
        module = importlib.util.module_from_spec(spec)
        sys.modules[module_name] = module
    
        try:
>           spec.loader.exec_module(module)
E             File "/workspace/scratch/6ad74b9a2f71/evidence-independence-matrix/contracts/evidence_independence_matrix.py", line 551
E               "relations": [p["relation"] for p in candidate["pairs"]}),
E                                                                      ^
E           SyntaxError: closing parenthesis '}' does not match opening parenthesis '['

/tmp/eim-phase3-env/lib/python3.12/site-packages/gltest/direct/loader.py:311: SyntaxError

The above exception was the direct cause of the following exception:

    @pytest.fixture(scope="session")
    def eim():
        archive = download_artifacts("v0.2.16")
        with archive.open("rb") as stream:
            assert hashlib.file_digest(stream, "sha256").hexdigest() == ARTIFACT_SHA256
        vm = VMContext()
        vm._sender = bytes.fromhex("ab" * 20)
        vm._contract_address = bytes.fromhex("cd" * 20)
        vm._chain_id = 61999
>       cls = load_contract_class(ROOT / "contracts/evidence_independence_matrix.py", vm, sdk_version="v0.2.16")
              ^^^^^^^^^^^^^^^^^^^^^^^^^^^^^^^^^^^^^^^^^^^^^^^^^^^^^^^^^^^^^^^^^^^^^^^^^^^^^^^^^^^^^^^^^^^^^^^^^^

tests/conftest.py:21: 
_ _ _ _ _ _ _ _ _ _ _ _ _ _ _ _ _ _ _ _ _ _ _ _ _ _ _ _ _ _ _ _ _ _ _ _ _ _ _ _ 
/tmp/eim-phase3-env/lib/python3.12/site-packages/gltest/direct/loader.py:57: in load_contract_class
    module = _load_module(contract_path)
             ^^^^^^^^^^^^^^^^^^^^^^^^^^^
_ _ _ _ _ _ _ _ _ _ _ _ _ _ _ _ _ _ _ _ _ _ _ _ _ _ _ _ _ _ _ _ _ _ _ _ _ _ _ _ 

contract_path = PosixPath('/workspace/scratch/6ad74b9a2f71/evidence-independence-matrix/contracts/evidence_independence_matrix.py')

    def _load_module(contract_path: Path) -> Any:
        """Load a Python module from file path."""
        module_name = f"_contract_{contract_path.stem}"
    
        if module_name in sys.modules:
            del sys.modules[module_name]
    
        spec = importlib.util.spec_from_file_location(module_name, contract_path)
        if spec is None or spec.loader is None:
            raise ImportError(f"Cannot load module from {contract_path}")
    
        module = importlib.util.module_from_spec(spec)
        sys.modules[module_name] = module
    
        try:
            spec.loader.exec_module(module)
        except Exception as e:
            if module_name in sys.modules:
                del sys.modules[module_name]
>           raise ImportError(f"Failed to load contract: {e}") from e
E           ImportError: Failed to load contract: closing parenthesis '}' does not match opening parenthesis '[' (evidence_independence_matrix.py, line 551)

/tmp/eim-phase3-env/lib/python3.12/site-packages/gltest/direct/loader.py:315: ImportError
__ ERROR at setup of test_url_restrictions[https://alice.github.io/a\\b.txt] ___

contract_path = PosixPath('/workspace/scratch/6ad74b9a2f71/evidence-independence-matrix/contracts/evidence_independence_matrix.py')

    def _load_module(contract_path: Path) -> Any:
        """Load a Python module from file path."""
        module_name = f"_contract_{contract_path.stem}"
    
        if module_name in sys.modules:
            del sys.modules[module_name]
    
        spec = importlib.util.spec_from_file_location(module_name, contract_path)
        if spec is None or spec.loader is None:
            raise ImportError(f"Cannot load module from {contract_path}")
    
        module = importlib.util.module_from_spec(spec)
        sys.modules[module_name] = module
    
        try:
>           spec.loader.exec_module(module)
E             File "/workspace/scratch/6ad74b9a2f71/evidence-independence-matrix/contracts/evidence_independence_matrix.py", line 551
E               "relations": [p["relation"] for p in candidate["pairs"]}),
E                                                                      ^
E           SyntaxError: closing parenthesis '}' does not match opening parenthesis '['

/tmp/eim-phase3-env/lib/python3.12/site-packages/gltest/direct/loader.py:311: SyntaxError

The above exception was the direct cause of the following exception:

    @pytest.fixture(scope="session")
    def eim():
        archive = download_artifacts("v0.2.16")
        with archive.open("rb") as stream:
            assert hashlib.file_digest(stream, "sha256").hexdigest() == ARTIFACT_SHA256
        vm = VMContext()
        vm._sender = bytes.fromhex("ab" * 20)
        vm._contract_address = bytes.fromhex("cd" * 20)
        vm._chain_id = 61999
>       cls = load_contract_class(ROOT / "contracts/evidence_independence_matrix.py", vm, sdk_version="v0.2.16")
              ^^^^^^^^^^^^^^^^^^^^^^^^^^^^^^^^^^^^^^^^^^^^^^^^^^^^^^^^^^^^^^^^^^^^^^^^^^^^^^^^^^^^^^^^^^^^^^^^^^

tests/conftest.py:21: 
_ _ _ _ _ _ _ _ _ _ _ _ _ _ _ _ _ _ _ _ _ _ _ _ _ _ _ _ _ _ _ _ _ _ _ _ _ _ _ _ 
/tmp/eim-phase3-env/lib/python3.12/site-packages/gltest/direct/loader.py:57: in load_contract_class
    module = _load_module(contract_path)
             ^^^^^^^^^^^^^^^^^^^^^^^^^^^
_ _ _ _ _ _ _ _ _ _ _ _ _ _ _ _ _ _ _ _ _ _ _ _ _ _ _ _ _ _ _ _ _ _ _ _ _ _ _ _ 

contract_path = PosixPath('/workspace/scratch/6ad74b9a2f71/evidence-independence-matrix/contracts/evidence_independence_matrix.py')

    def _load_module(contract_path: Path) -> Any:
        """Load a Python module from file path."""
        module_name = f"_contract_{contract_path.stem}"
    
        if module_name in sys.modules:
            del sys.modules[module_name]
    
        spec = importlib.util.spec_from_file_location(module_name, contract_path)
        if spec is None or spec.loader is None:
            raise ImportError(f"Cannot load module from {contract_path}")
    
        module = importlib.util.module_from_spec(spec)
        sys.modules[module_name] = module
    
        try:
            spec.loader.exec_module(module)
        except Exception as e:
            if module_name in sys.modules:
                del sys.modules[module_name]
>           raise ImportError(f"Failed to load contract: {e}") from e
E           ImportError: Failed to load contract: closing parenthesis '}' does not match opening parenthesis '[' (evidence_independence_matrix.py, line 551)

/tmp/eim-phase3-env/lib/python3.12/site-packages/gltest/direct/loader.py:315: ImportError
___ ERROR at setup of test_url_restrictions[https://alice.github.io/\na.txt] ___

contract_path = PosixPath('/workspace/scratch/6ad74b9a2f71/evidence-independence-matrix/contracts/evidence_independence_matrix.py')

    def _load_module(contract_path: Path) -> Any:
        """Load a Python module from file path."""
        module_name = f"_contract_{contract_path.stem}"
    
        if module_name in sys.modules:
            del sys.modules[module_name]
    
        spec = importlib.util.spec_from_file_location(module_name, contract_path)
        if spec is None or spec.loader is None:
            raise ImportError(f"Cannot load module from {contract_path}")
    
        module = importlib.util.module_from_spec(spec)
        sys.modules[module_name] = module
    
        try:
>           spec.loader.exec_module(module)
E             File "/workspace/scratch/6ad74b9a2f71/evidence-independence-matrix/contracts/evidence_independence_matrix.py", line 551
E               "relations": [p["relation"] for p in candidate["pairs"]}),
E                                                                      ^
E           SyntaxError: closing parenthesis '}' does not match opening parenthesis '['

/tmp/eim-phase3-env/lib/python3.12/site-packages/gltest/direct/loader.py:311: SyntaxError

The above exception was the direct cause of the following exception:

    @pytest.fixture(scope="session")
    def eim():
        archive = download_artifacts("v0.2.16")
        with archive.open("rb") as stream:
            assert hashlib.file_digest(stream, "sha256").hexdigest() == ARTIFACT_SHA256
        vm = VMContext()
        vm._sender = bytes.fromhex("ab" * 20)
        vm._contract_address = bytes.fromhex("cd" * 20)
        vm._chain_id = 61999
>       cls = load_contract_class(ROOT / "contracts/evidence_independence_matrix.py", vm, sdk_version="v0.2.16")
              ^^^^^^^^^^^^^^^^^^^^^^^^^^^^^^^^^^^^^^^^^^^^^^^^^^^^^^^^^^^^^^^^^^^^^^^^^^^^^^^^^^^^^^^^^^^^^^^^^^

tests/conftest.py:21: 
_ _ _ _ _ _ _ _ _ _ _ _ _ _ _ _ _ _ _ _ _ _ _ _ _ _ _ _ _ _ _ _ _ _ _ _ _ _ _ _ 
/tmp/eim-phase3-env/lib/python3.12/site-packages/gltest/direct/loader.py:57: in load_contract_class
    module = _load_module(contract_path)
             ^^^^^^^^^^^^^^^^^^^^^^^^^^^
_ _ _ _ _ _ _ _ _ _ _ _ _ _ _ _ _ _ _ _ _ _ _ _ _ _ _ _ _ _ _ _ _ _ _ _ _ _ _ _ 

contract_path = PosixPath('/workspace/scratch/6ad74b9a2f71/evidence-independence-matrix/contracts/evidence_independence_matrix.py')

    def _load_module(contract_path: Path) -> Any:
        """Load a Python module from file path."""
        module_name = f"_contract_{contract_path.stem}"
    
        if module_name in sys.modules:
            del sys.modules[module_name]
    
        spec = importlib.util.spec_from_file_location(module_name, contract_path)
        if spec is None or spec.loader is None:
            raise ImportError(f"Cannot load module from {contract_path}")
    
        module = importlib.util.module_from_spec(spec)
        sys.modules[module_name] = module
    
        try:
            spec.loader.exec_module(module)
        except Exception as e:
            if module_name in sys.modules:
                del sys.modules[module_name]
>           raise ImportError(f"Failed to load contract: {e}") from e
E           ImportError: Failed to load contract: closing parenthesis '}' does not match opening parenthesis '[' (evidence_independence_matrix.py, line 551)

/tmp/eim-phase3-env/lib/python3.12/site-packages/gltest/direct/loader.py:315: ImportError
___ ERROR at setup of test_url_restrictions[https://alice.github.io/\ta.txt] ___

contract_path = PosixPath('/workspace/scratch/6ad74b9a2f71/evidence-independence-matrix/contracts/evidence_independence_matrix.py')

    def _load_module(contract_path: Path) -> Any:
        """Load a Python module from file path."""
        module_name = f"_contract_{contract_path.stem}"
    
        if module_name in sys.modules:
            del sys.modules[module_name]
    
        spec = importlib.util.spec_from_file_location(module_name, contract_path)
        if spec is None or spec.loader is None:
            raise ImportError(f"Cannot load module from {contract_path}")
    
        module = importlib.util.module_from_spec(spec)
        sys.modules[module_name] = module
    
        try:
>           spec.loader.exec_module(module)
E             File "/workspace/scratch/6ad74b9a2f71/evidence-independence-matrix/contracts/evidence_independence_matrix.py", line 551
E               "relations": [p["relation"] for p in candidate["pairs"]}),
E                                                                      ^
E           SyntaxError: closing parenthesis '}' does not match opening parenthesis '['

/tmp/eim-phase3-env/lib/python3.12/site-packages/gltest/direct/loader.py:311: SyntaxError

The above exception was the direct cause of the following exception:

    @pytest.fixture(scope="session")
    def eim():
        archive = download_artifacts("v0.2.16")
        with archive.open("rb") as stream:
            assert hashlib.file_digest(stream, "sha256").hexdigest() == ARTIFACT_SHA256
        vm = VMContext()
        vm._sender = bytes.fromhex("ab" * 20)
        vm._contract_address = bytes.fromhex("cd" * 20)
        vm._chain_id = 61999
>       cls = load_contract_class(ROOT / "contracts/evidence_independence_matrix.py", vm, sdk_version="v0.2.16")
              ^^^^^^^^^^^^^^^^^^^^^^^^^^^^^^^^^^^^^^^^^^^^^^^^^^^^^^^^^^^^^^^^^^^^^^^^^^^^^^^^^^^^^^^^^^^^^^^^^^

tests/conftest.py:21: 
_ _ _ _ _ _ _ _ _ _ _ _ _ _ _ _ _ _ _ _ _ _ _ _ _ _ _ _ _ _ _ _ _ _ _ _ _ _ _ _ 
/tmp/eim-phase3-env/lib/python3.12/site-packages/gltest/direct/loader.py:57: in load_contract_class
    module = _load_module(contract_path)
             ^^^^^^^^^^^^^^^^^^^^^^^^^^^
_ _ _ _ _ _ _ _ _ _ _ _ _ _ _ _ _ _ _ _ _ _ _ _ _ _ _ _ _ _ _ _ _ _ _ _ _ _ _ _ 

contract_path = PosixPath('/workspace/scratch/6ad74b9a2f71/evidence-independence-matrix/contracts/evidence_independence_matrix.py')

    def _load_module(contract_path: Path) -> Any:
        """Load a Python module from file path."""
        module_name = f"_contract_{contract_path.stem}"
    
        if module_name in sys.modules:
            del sys.modules[module_name]
    
        spec = importlib.util.spec_from_file_location(module_name, contract_path)
        if spec is None or spec.loader is None:
            raise ImportError(f"Cannot load module from {contract_path}")
    
        module = importlib.util.module_from_spec(spec)
        sys.modules[module_name] = module
    
        try:
            spec.loader.exec_module(module)
        except Exception as e:
            if module_name in sys.modules:
                del sys.modules[module_name]
>           raise ImportError(f"Failed to load contract: {e}") from e
E           ImportError: Failed to load contract: closing parenthesis '}' does not match opening parenthesis '[' (evidence_independence_matrix.py, line 551)

/tmp/eim-phase3-env/lib/python3.12/site-packages/gltest/direct/loader.py:315: ImportError
__ ERROR at setup of test_url_restrictions[https://alice.github.io/a\x7f.txt] __

contract_path = PosixPath('/workspace/scratch/6ad74b9a2f71/evidence-independence-matrix/contracts/evidence_independence_matrix.py')

    def _load_module(contract_path: Path) -> Any:
        """Load a Python module from file path."""
        module_name = f"_contract_{contract_path.stem}"
    
        if module_name in sys.modules:
            del sys.modules[module_name]
    
        spec = importlib.util.spec_from_file_location(module_name, contract_path)
        if spec is None or spec.loader is None:
            raise ImportError(f"Cannot load module from {contract_path}")
    
        module = importlib.util.module_from_spec(spec)
        sys.modules[module_name] = module
    
        try:
>           spec.loader.exec_module(module)
E             File "/workspace/scratch/6ad74b9a2f71/evidence-independence-matrix/contracts/evidence_independence_matrix.py", line 551
E               "relations": [p["relation"] for p in candidate["pairs"]}),
E                                                                      ^
E           SyntaxError: closing parenthesis '}' does not match opening parenthesis '['

/tmp/eim-phase3-env/lib/python3.12/site-packages/gltest/direct/loader.py:311: SyntaxError

The above exception was the direct cause of the following exception:

    @pytest.fixture(scope="session")
    def eim():
        archive = download_artifacts("v0.2.16")
        with archive.open("rb") as stream:
            assert hashlib.file_digest(stream, "sha256").hexdigest() == ARTIFACT_SHA256
        vm = VMContext()
        vm._sender = bytes.fromhex("ab" * 20)
        vm._contract_address = bytes.fromhex("cd" * 20)
        vm._chain_id = 61999
>       cls = load_contract_class(ROOT / "contracts/evidence_independence_matrix.py", vm, sdk_version="v0.2.16")
              ^^^^^^^^^^^^^^^^^^^^^^^^^^^^^^^^^^^^^^^^^^^^^^^^^^^^^^^^^^^^^^^^^^^^^^^^^^^^^^^^^^^^^^^^^^^^^^^^^^

tests/conftest.py:21: 
_ _ _ _ _ _ _ _ _ _ _ _ _ _ _ _ _ _ _ _ _ _ _ _ _ _ _ _ _ _ _ _ _ _ _ _ _ _ _ _ 
/tmp/eim-phase3-env/lib/python3.12/site-packages/gltest/direct/loader.py:57: in load_contract_class
    module = _load_module(contract_path)
             ^^^^^^^^^^^^^^^^^^^^^^^^^^^
_ _ _ _ _ _ _ _ _ _ _ _ _ _ _ _ _ _ _ _ _ _ _ _ _ _ _ _ _ _ _ _ _ _ _ _ _ _ _ _ 

contract_path = PosixPath('/workspace/scratch/6ad74b9a2f71/evidence-independence-matrix/contracts/evidence_independence_matrix.py')

    def _load_module(contract_path: Path) -> Any:
        """Load a Python module from file path."""
        module_name = f"_contract_{contract_path.stem}"
    
        if module_name in sys.modules:
            del sys.modules[module_name]
    
        spec = importlib.util.spec_from_file_location(module_name, contract_path)
        if spec is None or spec.loader is None:
            raise ImportError(f"Cannot load module from {contract_path}")
    
        module = importlib.util.module_from_spec(spec)
        sys.modules[module_name] = module
    
        try:
            spec.loader.exec_module(module)
        except Exception as e:
            if module_name in sys.modules:
                del sys.modules[module_name]
>           raise ImportError(f"Failed to load contract: {e}") from e
E           ImportError: Failed to load contract: closing parenthesis '}' does not match opening parenthesis '[' (evidence_independence_matrix.py, line 551)

/tmp/eim-phase3-env/lib/python3.12/site-packages/gltest/direct/loader.py:315: ImportError
_ ERROR at setup of test_url_restrictions[https://alice.github.io/\u4e2d\u6587.txt] _

contract_path = PosixPath('/workspace/scratch/6ad74b9a2f71/evidence-independence-matrix/contracts/evidence_independence_matrix.py')

    def _load_module(contract_path: Path) -> Any:
        """Load a Python module from file path."""
        module_name = f"_contract_{contract_path.stem}"
    
        if module_name in sys.modules:
            del sys.modules[module_name]
    
        spec = importlib.util.spec_from_file_location(module_name, contract_path)
        if spec is None or spec.loader is None:
            raise ImportError(f"Cannot load module from {contract_path}")
    
        module = importlib.util.module_from_spec(spec)
        sys.modules[module_name] = module
    
        try:
>           spec.loader.exec_module(module)
E             File "/workspace/scratch/6ad74b9a2f71/evidence-independence-matrix/contracts/evidence_independence_matrix.py", line 551
E               "relations": [p["relation"] for p in candidate["pairs"]}),
E                                                                      ^
E           SyntaxError: closing parenthesis '}' does not match opening parenthesis '['

/tmp/eim-phase3-env/lib/python3.12/site-packages/gltest/direct/loader.py:311: SyntaxError

The above exception was the direct cause of the following exception:

    @pytest.fixture(scope="session")
    def eim():
        archive = download_artifacts("v0.2.16")
        with archive.open("rb") as stream:
            assert hashlib.file_digest(stream, "sha256").hexdigest() == ARTIFACT_SHA256
        vm = VMContext()
        vm._sender = bytes.fromhex("ab" * 20)
        vm._contract_address = bytes.fromhex("cd" * 20)
        vm._chain_id = 61999
>       cls = load_contract_class(ROOT / "contracts/evidence_independence_matrix.py", vm, sdk_version="v0.2.16")
              ^^^^^^^^^^^^^^^^^^^^^^^^^^^^^^^^^^^^^^^^^^^^^^^^^^^^^^^^^^^^^^^^^^^^^^^^^^^^^^^^^^^^^^^^^^^^^^^^^^

tests/conftest.py:21: 
_ _ _ _ _ _ _ _ _ _ _ _ _ _ _ _ _ _ _ _ _ _ _ _ _ _ _ _ _ _ _ _ _ _ _ _ _ _ _ _ 
/tmp/eim-phase3-env/lib/python3.12/site-packages/gltest/direct/loader.py:57: in load_contract_class
    module = _load_module(contract_path)
             ^^^^^^^^^^^^^^^^^^^^^^^^^^^
_ _ _ _ _ _ _ _ _ _ _ _ _ _ _ _ _ _ _ _ _ _ _ _ _ _ _ _ _ _ _ _ _ _ _ _ _ _ _ _ 

contract_path = PosixPath('/workspace/scratch/6ad74b9a2f71/evidence-independence-matrix/contracts/evidence_independence_matrix.py')

    def _load_module(contract_path: Path) -> Any:
        """Load a Python module from file path."""
        module_name = f"_contract_{contract_path.stem}"
    
        if module_name in sys.modules:
            del sys.modules[module_name]
    
        spec = importlib.util.spec_from_file_location(module_name, contract_path)
        if spec is None or spec.loader is None:
            raise ImportError(f"Cannot load module from {contract_path}")
    
        module = importlib.util.module_from_spec(spec)
        sys.modules[module_name] = module
    
        try:
            spec.loader.exec_module(module)
        except Exception as e:
            if module_name in sys.modules:
                del sys.modules[module_name]
>           raise ImportError(f"Failed to load contract: {e}") from e
E           ImportError: Failed to load contract: closing parenthesis '}' does not match opening parenthesis '[' (evidence_independence_matrix.py, line 551)

/tmp/eim-phase3-env/lib/python3.12/site-packages/gltest/direct/loader.py:315: ImportError
___ ERROR at setup of test_url_restrictions[https://alice.github.io/a b.txt] ___

contract_path = PosixPath('/workspace/scratch/6ad74b9a2f71/evidence-independence-matrix/contracts/evidence_independence_matrix.py')

    def _load_module(contract_path: Path) -> Any:
        """Load a Python module from file path."""
        module_name = f"_contract_{contract_path.stem}"
    
        if module_name in sys.modules:
            del sys.modules[module_name]
    
        spec = importlib.util.spec_from_file_location(module_name, contract_path)
        if spec is None or spec.loader is None:
            raise ImportError(f"Cannot load module from {contract_path}")
    
        module = importlib.util.module_from_spec(spec)
        sys.modules[module_name] = module
    
        try:
>           spec.loader.exec_module(module)
E             File "/workspace/scratch/6ad74b9a2f71/evidence-independence-matrix/contracts/evidence_independence_matrix.py", line 551
E               "relations": [p["relation"] for p in candidate["pairs"]}),
E                                                                      ^
E           SyntaxError: closing parenthesis '}' does not match opening parenthesis '['

/tmp/eim-phase3-env/lib/python3.12/site-packages/gltest/direct/loader.py:311: SyntaxError

The above exception was the direct cause of the following exception:

    @pytest.fixture(scope="session")
    def eim():
        archive = download_artifacts("v0.2.16")
        with archive.open("rb") as stream:
            assert hashlib.file_digest(stream, "sha256").hexdigest() == ARTIFACT_SHA256
        vm = VMContext()
        vm._sender = bytes.fromhex("ab" * 20)
        vm._contract_address = bytes.fromhex("cd" * 20)
        vm._chain_id = 61999
>       cls = load_contract_class(ROOT / "contracts/evidence_independence_matrix.py", vm, sdk_version="v0.2.16")
              ^^^^^^^^^^^^^^^^^^^^^^^^^^^^^^^^^^^^^^^^^^^^^^^^^^^^^^^^^^^^^^^^^^^^^^^^^^^^^^^^^^^^^^^^^^^^^^^^^^

tests/conftest.py:21: 
_ _ _ _ _ _ _ _ _ _ _ _ _ _ _ _ _ _ _ _ _ _ _ _ _ _ _ _ _ _ _ _ _ _ _ _ _ _ _ _ 
/tmp/eim-phase3-env/lib/python3.12/site-packages/gltest/direct/loader.py:57: in load_contract_class
    module = _load_module(contract_path)
             ^^^^^^^^^^^^^^^^^^^^^^^^^^^
_ _ _ _ _ _ _ _ _ _ _ _ _ _ _ _ _ _ _ _ _ _ _ _ _ _ _ _ _ _ _ _ _ _ _ _ _ _ _ _ 

contract_path = PosixPath('/workspace/scratch/6ad74b9a2f71/evidence-independence-matrix/contracts/evidence_independence_matrix.py')

    def _load_module(contract_path: Path) -> Any:
        """Load a Python module from file path."""
        module_name = f"_contract_{contract_path.stem}"
    
        if module_name in sys.modules:
            del sys.modules[module_name]
    
        spec = importlib.util.spec_from_file_location(module_name, contract_path)
        if spec is None or spec.loader is None:
            raise ImportError(f"Cannot load module from {contract_path}")
    
        module = importlib.util.module_from_spec(spec)
        sys.modules[module_name] = module
    
        try:
            spec.loader.exec_module(module)
        except Exception as e:
            if module_name in sys.modules:
                del sys.modules[module_name]
>           raise ImportError(f"Failed to load contract: {e}") from e
E           ImportError: Failed to load contract: closing parenthesis '}' does not match opening parenthesis '[' (evidence_independence_matrix.py, line 551)

/tmp/eim-phase3-env/lib/python3.12/site-packages/gltest/direct/loader.py:315: ImportError
_______ ERROR at setup of test_url_restrictions[https://127.0.0.1/a.txt] _______

contract_path = PosixPath('/workspace/scratch/6ad74b9a2f71/evidence-independence-matrix/contracts/evidence_independence_matrix.py')

    def _load_module(contract_path: Path) -> Any:
        """Load a Python module from file path."""
        module_name = f"_contract_{contract_path.stem}"
    
        if module_name in sys.modules:
            del sys.modules[module_name]
    
        spec = importlib.util.spec_from_file_location(module_name, contract_path)
        if spec is None or spec.loader is None:
            raise ImportError(f"Cannot load module from {contract_path}")
    
        module = importlib.util.module_from_spec(spec)
        sys.modules[module_name] = module
    
        try:
>           spec.loader.exec_module(module)
E             File "/workspace/scratch/6ad74b9a2f71/evidence-independence-matrix/contracts/evidence_independence_matrix.py", line 551
E               "relations": [p["relation"] for p in candidate["pairs"]}),
E                                                                      ^
E           SyntaxError: closing parenthesis '}' does not match opening parenthesis '['

/tmp/eim-phase3-env/lib/python3.12/site-packages/gltest/direct/loader.py:311: SyntaxError

The above exception was the direct cause of the following exception:

    @pytest.fixture(scope="session")
    def eim():
        archive = download_artifacts("v0.2.16")
        with archive.open("rb") as stream:
            assert hashlib.file_digest(stream, "sha256").hexdigest() == ARTIFACT_SHA256
        vm = VMContext()
        vm._sender = bytes.fromhex("ab" * 20)
        vm._contract_address = bytes.fromhex("cd" * 20)
        vm._chain_id = 61999
>       cls = load_contract_class(ROOT / "contracts/evidence_independence_matrix.py", vm, sdk_version="v0.2.16")
              ^^^^^^^^^^^^^^^^^^^^^^^^^^^^^^^^^^^^^^^^^^^^^^^^^^^^^^^^^^^^^^^^^^^^^^^^^^^^^^^^^^^^^^^^^^^^^^^^^^

tests/conftest.py:21: 
_ _ _ _ _ _ _ _ _ _ _ _ _ _ _ _ _ _ _ _ _ _ _ _ _ _ _ _ _ _ _ _ _ _ _ _ _ _ _ _ 
/tmp/eim-phase3-env/lib/python3.12/site-packages/gltest/direct/loader.py:57: in load_contract_class
    module = _load_module(contract_path)
             ^^^^^^^^^^^^^^^^^^^^^^^^^^^
_ _ _ _ _ _ _ _ _ _ _ _ _ _ _ _ _ _ _ _ _ _ _ _ _ _ _ _ _ _ _ _ _ _ _ _ _ _ _ _ 

contract_path = PosixPath('/workspace/scratch/6ad74b9a2f71/evidence-independence-matrix/contracts/evidence_independence_matrix.py')

    def _load_module(contract_path: Path) -> Any:
        """Load a Python module from file path."""
        module_name = f"_contract_{contract_path.stem}"
    
        if module_name in sys.modules:
            del sys.modules[module_name]
    
        spec = importlib.util.spec_from_file_location(module_name, contract_path)
        if spec is None or spec.loader is None:
            raise ImportError(f"Cannot load module from {contract_path}")
    
        module = importlib.util.module_from_spec(spec)
        sys.modules[module_name] = module
    
        try:
            spec.loader.exec_module(module)
        except Exception as e:
            if module_name in sys.modules:
                del sys.modules[module_name]
>           raise ImportError(f"Failed to load contract: {e}") from e
E           ImportError: Failed to load contract: closing parenthesis '}' does not match opening parenthesis '[' (evidence_independence_matrix.py, line 551)

/tmp/eim-phase3-env/lib/python3.12/site-packages/gltest/direct/loader.py:315: ImportError
_________ ERROR at setup of test_url_restrictions[https://[::1]/a.txt] _________

contract_path = PosixPath('/workspace/scratch/6ad74b9a2f71/evidence-independence-matrix/contracts/evidence_independence_matrix.py')

    def _load_module(contract_path: Path) -> Any:
        """Load a Python module from file path."""
        module_name = f"_contract_{contract_path.stem}"
    
        if module_name in sys.modules:
            del sys.modules[module_name]
    
        spec = importlib.util.spec_from_file_location(module_name, contract_path)
        if spec is None or spec.loader is None:
            raise ImportError(f"Cannot load module from {contract_path}")
    
        module = importlib.util.module_from_spec(spec)
        sys.modules[module_name] = module
    
        try:
>           spec.loader.exec_module(module)
E             File "/workspace/scratch/6ad74b9a2f71/evidence-independence-matrix/contracts/evidence_independence_matrix.py", line 551
E               "relations": [p["relation"] for p in candidate["pairs"]}),
E                                                                      ^
E           SyntaxError: closing parenthesis '}' does not match opening parenthesis '['

/tmp/eim-phase3-env/lib/python3.12/site-packages/gltest/direct/loader.py:311: SyntaxError

The above exception was the direct cause of the following exception:

    @pytest.fixture(scope="session")
    def eim():
        archive = download_artifacts("v0.2.16")
        with archive.open("rb") as stream:
            assert hashlib.file_digest(stream, "sha256").hexdigest() == ARTIFACT_SHA256
        vm = VMContext()
        vm._sender = bytes.fromhex("ab" * 20)
        vm._contract_address = bytes.fromhex("cd" * 20)
        vm._chain_id = 61999
>       cls = load_contract_class(ROOT / "contracts/evidence_independence_matrix.py", vm, sdk_version="v0.2.16")
              ^^^^^^^^^^^^^^^^^^^^^^^^^^^^^^^^^^^^^^^^^^^^^^^^^^^^^^^^^^^^^^^^^^^^^^^^^^^^^^^^^^^^^^^^^^^^^^^^^^

tests/conftest.py:21: 
_ _ _ _ _ _ _ _ _ _ _ _ _ _ _ _ _ _ _ _ _ _ _ _ _ _ _ _ _ _ _ _ _ _ _ _ _ _ _ _ 
/tmp/eim-phase3-env/lib/python3.12/site-packages/gltest/direct/loader.py:57: in load_contract_class
    module = _load_module(contract_path)
             ^^^^^^^^^^^^^^^^^^^^^^^^^^^
_ _ _ _ _ _ _ _ _ _ _ _ _ _ _ _ _ _ _ _ _ _ _ _ _ _ _ _ _ _ _ _ _ _ _ _ _ _ _ _ 

contract_path = PosixPath('/workspace/scratch/6ad74b9a2f71/evidence-independence-matrix/contracts/evidence_independence_matrix.py')

    def _load_module(contract_path: Path) -> Any:
        """Load a Python module from file path."""
        module_name = f"_contract_{contract_path.stem}"
    
        if module_name in sys.modules:
            del sys.modules[module_name]
    
        spec = importlib.util.spec_from_file_location(module_name, contract_path)
        if spec is None or spec.loader is None:
            raise ImportError(f"Cannot load module from {contract_path}")
    
        module = importlib.util.module_from_spec(spec)
        sys.modules[module_name] = module
    
        try:
            spec.loader.exec_module(module)
        except Exception as e:
            if module_name in sys.modules:
                del sys.modules[module_name]
>           raise ImportError(f"Failed to load contract: {e}") from e
E           ImportError: Failed to load contract: closing parenthesis '}' does not match opening parenthesis '[' (evidence_independence_matrix.py, line 551)

/tmp/eim-phase3-env/lib/python3.12/site-packages/gltest/direct/loader.py:315: ImportError
___ ERROR at setup of test_url_restrictions[https://alice.github.io/./a.txt] ___

contract_path = PosixPath('/workspace/scratch/6ad74b9a2f71/evidence-independence-matrix/contracts/evidence_independence_matrix.py')

    def _load_module(contract_path: Path) -> Any:
        """Load a Python module from file path."""
        module_name = f"_contract_{contract_path.stem}"
    
        if module_name in sys.modules:
            del sys.modules[module_name]
    
        spec = importlib.util.spec_from_file_location(module_name, contract_path)
        if spec is None or spec.loader is None:
            raise ImportError(f"Cannot load module from {contract_path}")
    
        module = importlib.util.module_from_spec(spec)
        sys.modules[module_name] = module
    
        try:
>           spec.loader.exec_module(module)
E             File "/workspace/scratch/6ad74b9a2f71/evidence-independence-matrix/contracts/evidence_independence_matrix.py", line 551
E               "relations": [p["relation"] for p in candidate["pairs"]}),
E                                                                      ^
E           SyntaxError: closing parenthesis '}' does not match opening parenthesis '['

/tmp/eim-phase3-env/lib/python3.12/site-packages/gltest/direct/loader.py:311: SyntaxError

The above exception was the direct cause of the following exception:

    @pytest.fixture(scope="session")
    def eim():
        archive = download_artifacts("v0.2.16")
        with archive.open("rb") as stream:
            assert hashlib.file_digest(stream, "sha256").hexdigest() == ARTIFACT_SHA256
        vm = VMContext()
        vm._sender = bytes.fromhex("ab" * 20)
        vm._contract_address = bytes.fromhex("cd" * 20)
        vm._chain_id = 61999
>       cls = load_contract_class(ROOT / "contracts/evidence_independence_matrix.py", vm, sdk_version="v0.2.16")
              ^^^^^^^^^^^^^^^^^^^^^^^^^^^^^^^^^^^^^^^^^^^^^^^^^^^^^^^^^^^^^^^^^^^^^^^^^^^^^^^^^^^^^^^^^^^^^^^^^^

tests/conftest.py:21: 
_ _ _ _ _ _ _ _ _ _ _ _ _ _ _ _ _ _ _ _ _ _ _ _ _ _ _ _ _ _ _ _ _ _ _ _ _ _ _ _ 
/tmp/eim-phase3-env/lib/python3.12/site-packages/gltest/direct/loader.py:57: in load_contract_class
    module = _load_module(contract_path)
             ^^^^^^^^^^^^^^^^^^^^^^^^^^^
_ _ _ _ _ _ _ _ _ _ _ _ _ _ _ _ _ _ _ _ _ _ _ _ _ _ _ _ _ _ _ _ _ _ _ _ _ _ _ _ 

contract_path = PosixPath('/workspace/scratch/6ad74b9a2f71/evidence-independence-matrix/contracts/evidence_independence_matrix.py')

    def _load_module(contract_path: Path) -> Any:
        """Load a Python module from file path."""
        module_name = f"_contract_{contract_path.stem}"
    
        if module_name in sys.modules:
            del sys.modules[module_name]
    
        spec = importlib.util.spec_from_file_location(module_name, contract_path)
        if spec is None or spec.loader is None:
            raise ImportError(f"Cannot load module from {contract_path}")
    
        module = importlib.util.module_from_spec(spec)
        sys.modules[module_name] = module
    
        try:
            spec.loader.exec_module(module)
        except Exception as e:
            if module_name in sys.modules:
                del sys.modules[module_name]
>           raise ImportError(f"Failed to load contract: {e}") from e
E           ImportError: Failed to load contract: closing parenthesis '}' does not match opening parenthesis '[' (evidence_independence_matrix.py, line 551)

/tmp/eim-phase3-env/lib/python3.12/site-packages/gltest/direct/loader.py:315: ImportError
_ ERROR at setup of test_url_restrictions[https://alice.github.io/x/../a.txt] __

contract_path = PosixPath('/workspace/scratch/6ad74b9a2f71/evidence-independence-matrix/contracts/evidence_independence_matrix.py')

    def _load_module(contract_path: Path) -> Any:
        """Load a Python module from file path."""
        module_name = f"_contract_{contract_path.stem}"
    
        if module_name in sys.modules:
            del sys.modules[module_name]
    
        spec = importlib.util.spec_from_file_location(module_name, contract_path)
        if spec is None or spec.loader is None:
            raise ImportError(f"Cannot load module from {contract_path}")
    
        module = importlib.util.module_from_spec(spec)
        sys.modules[module_name] = module
    
        try:
>           spec.loader.exec_module(module)
E             File "/workspace/scratch/6ad74b9a2f71/evidence-independence-matrix/contracts/evidence_independence_matrix.py", line 551
E               "relations": [p["relation"] for p in candidate["pairs"]}),
E                                                                      ^
E           SyntaxError: closing parenthesis '}' does not match opening parenthesis '['

/tmp/eim-phase3-env/lib/python3.12/site-packages/gltest/direct/loader.py:311: SyntaxError

The above exception was the direct cause of the following exception:

    @pytest.fixture(scope="session")
    def eim():
        archive = download_artifacts("v0.2.16")
        with archive.open("rb") as stream:
            assert hashlib.file_digest(stream, "sha256").hexdigest() == ARTIFACT_SHA256
        vm = VMContext()
        vm._sender = bytes.fromhex("ab" * 20)
        vm._contract_address = bytes.fromhex("cd" * 20)
        vm._chain_id = 61999
>       cls = load_contract_class(ROOT / "contracts/evidence_independence_matrix.py", vm, sdk_version="v0.2.16")
              ^^^^^^^^^^^^^^^^^^^^^^^^^^^^^^^^^^^^^^^^^^^^^^^^^^^^^^^^^^^^^^^^^^^^^^^^^^^^^^^^^^^^^^^^^^^^^^^^^^

tests/conftest.py:21: 
_ _ _ _ _ _ _ _ _ _ _ _ _ _ _ _ _ _ _ _ _ _ _ _ _ _ _ _ _ _ _ _ _ _ _ _ _ _ _ _ 
/tmp/eim-phase3-env/lib/python3.12/site-packages/gltest/direct/loader.py:57: in load_contract_class
    module = _load_module(contract_path)
             ^^^^^^^^^^^^^^^^^^^^^^^^^^^
_ _ _ _ _ _ _ _ _ _ _ _ _ _ _ _ _ _ _ _ _ _ _ _ _ _ _ _ _ _ _ _ _ _ _ _ _ _ _ _ 

contract_path = PosixPath('/workspace/scratch/6ad74b9a2f71/evidence-independence-matrix/contracts/evidence_independence_matrix.py')

    def _load_module(contract_path: Path) -> Any:
        """Load a Python module from file path."""
        module_name = f"_contract_{contract_path.stem}"
    
        if module_name in sys.modules:
            del sys.modules[module_name]
    
        spec = importlib.util.spec_from_file_location(module_name, contract_path)
        if spec is None or spec.loader is None:
            raise ImportError(f"Cannot load module from {contract_path}")
    
        module = importlib.util.module_from_spec(spec)
        sys.modules[module_name] = module
    
        try:
            spec.loader.exec_module(module)
        except Exception as e:
            if module_name in sys.modules:
                del sys.modules[module_name]
>           raise ImportError(f"Failed to load contract: {e}") from e
E           ImportError: Failed to load contract: closing parenthesis '}' does not match opening parenthesis '[' (evidence_independence_matrix.py, line 551)

/tmp/eim-phase3-env/lib/python3.12/site-packages/gltest/direct/loader.py:315: ImportError
__ ERROR at setup of test_url_restrictions[https://alice.github.io/%2e/a.txt] __

contract_path = PosixPath('/workspace/scratch/6ad74b9a2f71/evidence-independence-matrix/contracts/evidence_independence_matrix.py')

    def _load_module(contract_path: Path) -> Any:
        """Load a Python module from file path."""
        module_name = f"_contract_{contract_path.stem}"
    
        if module_name in sys.modules:
            del sys.modules[module_name]
    
        spec = importlib.util.spec_from_file_location(module_name, contract_path)
        if spec is None or spec.loader is None:
            raise ImportError(f"Cannot load module from {contract_path}")
    
        module = importlib.util.module_from_spec(spec)
        sys.modules[module_name] = module
    
        try:
>           spec.loader.exec_module(module)
E             File "/workspace/scratch/6ad74b9a2f71/evidence-independence-matrix/contracts/evidence_independence_matrix.py", line 551
E               "relations": [p["relation"] for p in candidate["pairs"]}),
E                                                                      ^
E           SyntaxError: closing parenthesis '}' does not match opening parenthesis '['

/tmp/eim-phase3-env/lib/python3.12/site-packages/gltest/direct/loader.py:311: SyntaxError

The above exception was the direct cause of the following exception:

    @pytest.fixture(scope="session")
    def eim():
        archive = download_artifacts("v0.2.16")
        with archive.open("rb") as stream:
            assert hashlib.file_digest(stream, "sha256").hexdigest() == ARTIFACT_SHA256
        vm = VMContext()
        vm._sender = bytes.fromhex("ab" * 20)
        vm._contract_address = bytes.fromhex("cd" * 20)
        vm._chain_id = 61999
>       cls = load_contract_class(ROOT / "contracts/evidence_independence_matrix.py", vm, sdk_version="v0.2.16")
              ^^^^^^^^^^^^^^^^^^^^^^^^^^^^^^^^^^^^^^^^^^^^^^^^^^^^^^^^^^^^^^^^^^^^^^^^^^^^^^^^^^^^^^^^^^^^^^^^^^

tests/conftest.py:21: 
_ _ _ _ _ _ _ _ _ _ _ _ _ _ _ _ _ _ _ _ _ _ _ _ _ _ _ _ _ _ _ _ _ _ _ _ _ _ _ _ 
/tmp/eim-phase3-env/lib/python3.12/site-packages/gltest/direct/loader.py:57: in load_contract_class
    module = _load_module(contract_path)
             ^^^^^^^^^^^^^^^^^^^^^^^^^^^
_ _ _ _ _ _ _ _ _ _ _ _ _ _ _ _ _ _ _ _ _ _ _ _ _ _ _ _ _ _ _ _ _ _ _ _ _ _ _ _ 

contract_path = PosixPath('/workspace/scratch/6ad74b9a2f71/evidence-independence-matrix/contracts/evidence_independence_matrix.py')

    def _load_module(contract_path: Path) -> Any:
        """Load a Python module from file path."""
        module_name = f"_contract_{contract_path.stem}"
    
        if module_name in sys.modules:
            del sys.modules[module_name]
    
        spec = importlib.util.spec_from_file_location(module_name, contract_path)
        if spec is None or spec.loader is None:
            raise ImportError(f"Cannot load module from {contract_path}")
    
        module = importlib.util.module_from_spec(spec)
        sys.modules[module_name] = module
    
        try:
            spec.loader.exec_module(module)
        except Exception as e:
            if module_name in sys.modules:
                del sys.modules[module_name]
>           raise ImportError(f"Failed to load contract: {e}") from e
E           ImportError: Failed to load contract: closing parenthesis '}' does not match opening parenthesis '[' (evidence_independence_matrix.py, line 551)

/tmp/eim-phase3-env/lib/python3.12/site-packages/gltest/direct/loader.py:315: ImportError
_ ERROR at setup of test_url_restrictions[https://alice.github.io/.%2E/a.txt] __

contract_path = PosixPath('/workspace/scratch/6ad74b9a2f71/evidence-independence-matrix/contracts/evidence_independence_matrix.py')

    def _load_module(contract_path: Path) -> Any:
        """Load a Python module from file path."""
        module_name = f"_contract_{contract_path.stem}"
    
        if module_name in sys.modules:
            del sys.modules[module_name]
    
        spec = importlib.util.spec_from_file_location(module_name, contract_path)
        if spec is None or spec.loader is None:
            raise ImportError(f"Cannot load module from {contract_path}")
    
        module = importlib.util.module_from_spec(spec)
        sys.modules[module_name] = module
    
        try:
>           spec.loader.exec_module(module)
E             File "/workspace/scratch/6ad74b9a2f71/evidence-independence-matrix/contracts/evidence_independence_matrix.py", line 551
E               "relations": [p["relation"] for p in candidate["pairs"]}),
E                                                                      ^
E           SyntaxError: closing parenthesis '}' does not match opening parenthesis '['

/tmp/eim-phase3-env/lib/python3.12/site-packages/gltest/direct/loader.py:311: SyntaxError

The above exception was the direct cause of the following exception:

    @pytest.fixture(scope="session")
    def eim():
        archive = download_artifacts("v0.2.16")
        with archive.open("rb") as stream:
            assert hashlib.file_digest(stream, "sha256").hexdigest() == ARTIFACT_SHA256
        vm = VMContext()
        vm._sender = bytes.fromhex("ab" * 20)
        vm._contract_address = bytes.fromhex("cd" * 20)
        vm._chain_id = 61999
>       cls = load_contract_class(ROOT / "contracts/evidence_independence_matrix.py", vm, sdk_version="v0.2.16")
              ^^^^^^^^^^^^^^^^^^^^^^^^^^^^^^^^^^^^^^^^^^^^^^^^^^^^^^^^^^^^^^^^^^^^^^^^^^^^^^^^^^^^^^^^^^^^^^^^^^

tests/conftest.py:21: 
_ _ _ _ _ _ _ _ _ _ _ _ _ _ _ _ _ _ _ _ _ _ _ _ _ _ _ _ _ _ _ _ _ _ _ _ _ _ _ _ 
/tmp/eim-phase3-env/lib/python3.12/site-packages/gltest/direct/loader.py:57: in load_contract_class
    module = _load_module(contract_path)
             ^^^^^^^^^^^^^^^^^^^^^^^^^^^
_ _ _ _ _ _ _ _ _ _ _ _ _ _ _ _ _ _ _ _ _ _ _ _ _ _ _ _ _ _ _ _ _ _ _ _ _ _ _ _ 

contract_path = PosixPath('/workspace/scratch/6ad74b9a2f71/evidence-independence-matrix/contracts/evidence_independence_matrix.py')

    def _load_module(contract_path: Path) -> Any:
        """Load a Python module from file path."""
        module_name = f"_contract_{contract_path.stem}"
    
        if module_name in sys.modules:
            del sys.modules[module_name]
    
        spec = importlib.util.spec_from_file_location(module_name, contract_path)
        if spec is None or spec.loader is None:
            raise ImportError(f"Cannot load module from {contract_path}")
    
        module = importlib.util.module_from_spec(spec)
        sys.modules[module_name] = module
    
        try:
            spec.loader.exec_module(module)
        except Exception as e:
            if module_name in sys.modules:
                del sys.modules[module_name]
>           raise ImportError(f"Failed to load contract: {e}") from e
E           ImportError: Failed to load contract: closing parenthesis '}' does not match opening parenthesis '[' (evidence_independence_matrix.py, line 551)

/tmp/eim-phase3-env/lib/python3.12/site-packages/gltest/direct/loader.py:315: ImportError
_ ERROR at setup of test_url_restrictions[https://alice.github.io/%2E%2e/a.txt] _

contract_path = PosixPath('/workspace/scratch/6ad74b9a2f71/evidence-independence-matrix/contracts/evidence_independence_matrix.py')

    def _load_module(contract_path: Path) -> Any:
        """Load a Python module from file path."""
        module_name = f"_contract_{contract_path.stem}"
    
        if module_name in sys.modules:
            del sys.modules[module_name]
    
        spec = importlib.util.spec_from_file_location(module_name, contract_path)
        if spec is None or spec.loader is None:
            raise ImportError(f"Cannot load module from {contract_path}")
    
        module = importlib.util.module_from_spec(spec)
        sys.modules[module_name] = module
    
        try:
>           spec.loader.exec_module(module)
E             File "/workspace/scratch/6ad74b9a2f71/evidence-independence-matrix/contracts/evidence_independence_matrix.py", line 551
E               "relations": [p["relation"] for p in candidate["pairs"]}),
E                                                                      ^
E           SyntaxError: closing parenthesis '}' does not match opening parenthesis '['

/tmp/eim-phase3-env/lib/python3.12/site-packages/gltest/direct/loader.py:311: SyntaxError

The above exception was the direct cause of the following exception:

    @pytest.fixture(scope="session")
    def eim():
        archive = download_artifacts("v0.2.16")
        with archive.open("rb") as stream:
            assert hashlib.file_digest(stream, "sha256").hexdigest() == ARTIFACT_SHA256
        vm = VMContext()
        vm._sender = bytes.fromhex("ab" * 20)
        vm._contract_address = bytes.fromhex("cd" * 20)
        vm._chain_id = 61999
>       cls = load_contract_class(ROOT / "contracts/evidence_independence_matrix.py", vm, sdk_version="v0.2.16")
              ^^^^^^^^^^^^^^^^^^^^^^^^^^^^^^^^^^^^^^^^^^^^^^^^^^^^^^^^^^^^^^^^^^^^^^^^^^^^^^^^^^^^^^^^^^^^^^^^^^

tests/conftest.py:21: 
_ _ _ _ _ _ _ _ _ _ _ _ _ _ _ _ _ _ _ _ _ _ _ _ _ _ _ _ _ _ _ _ _ _ _ _ _ _ _ _ 
/tmp/eim-phase3-env/lib/python3.12/site-packages/gltest/direct/loader.py:57: in load_contract_class
    module = _load_module(contract_path)
             ^^^^^^^^^^^^^^^^^^^^^^^^^^^
_ _ _ _ _ _ _ _ _ _ _ _ _ _ _ _ _ _ _ _ _ _ _ _ _ _ _ _ _ _ _ _ _ _ _ _ _ _ _ _ 

contract_path = PosixPath('/workspace/scratch/6ad74b9a2f71/evidence-independence-matrix/contracts/evidence_independence_matrix.py')

    def _load_module(contract_path: Path) -> Any:
        """Load a Python module from file path."""
        module_name = f"_contract_{contract_path.stem}"
    
        if module_name in sys.modules:
            del sys.modules[module_name]
    
        spec = importlib.util.spec_from_file_location(module_name, contract_path)
        if spec is None or spec.loader is None:
            raise ImportError(f"Cannot load module from {contract_path}")
    
        module = importlib.util.module_from_spec(spec)
        sys.modules[module_name] = module
    
        try:
            spec.loader.exec_module(module)
        except Exception as e:
            if module_name in sys.modules:
                del sys.modules[module_name]
>           raise ImportError(f"Failed to load contract: {e}") from e
E           ImportError: Failed to load contract: closing parenthesis '}' does not match opening parenthesis '[' (evidence_independence_matrix.py, line 551)

/tmp/eim-phase3-env/lib/python3.12/site-packages/gltest/direct/loader.py:315: ImportError
_ ERROR at setup of test_url_restrictions[https://nested.alice.github.io/a.txt] _

contract_path = PosixPath('/workspace/scratch/6ad74b9a2f71/evidence-independence-matrix/contracts/evidence_independence_matrix.py')

    def _load_module(contract_path: Path) -> Any:
        """Load a Python module from file path."""
        module_name = f"_contract_{contract_path.stem}"
    
        if module_name in sys.modules:
            del sys.modules[module_name]
    
        spec = importlib.util.spec_from_file_location(module_name, contract_path)
        if spec is None or spec.loader is None:
            raise ImportError(f"Cannot load module from {contract_path}")
    
        module = importlib.util.module_from_spec(spec)
        sys.modules[module_name] = module
    
        try:
>           spec.loader.exec_module(module)
E             File "/workspace/scratch/6ad74b9a2f71/evidence-independence-matrix/contracts/evidence_independence_matrix.py", line 551
E               "relations": [p["relation"] for p in candidate["pairs"]}),
E                                                                      ^
E           SyntaxError: closing parenthesis '}' does not match opening parenthesis '['

/tmp/eim-phase3-env/lib/python3.12/site-packages/gltest/direct/loader.py:311: SyntaxError

The above exception was the direct cause of the following exception:

    @pytest.fixture(scope="session")
    def eim():
        archive = download_artifacts("v0.2.16")
        with archive.open("rb") as stream:
            assert hashlib.file_digest(stream, "sha256").hexdigest() == ARTIFACT_SHA256
        vm = VMContext()
        vm._sender = bytes.fromhex("ab" * 20)
        vm._contract_address = bytes.fromhex("cd" * 20)
        vm._chain_id = 61999
>       cls = load_contract_class(ROOT / "contracts/evidence_independence_matrix.py", vm, sdk_version="v0.2.16")
              ^^^^^^^^^^^^^^^^^^^^^^^^^^^^^^^^^^^^^^^^^^^^^^^^^^^^^^^^^^^^^^^^^^^^^^^^^^^^^^^^^^^^^^^^^^^^^^^^^^

tests/conftest.py:21: 
_ _ _ _ _ _ _ _ _ _ _ _ _ _ _ _ _ _ _ _ _ _ _ _ _ _ _ _ _ _ _ _ _ _ _ _ _ _ _ _ 
/tmp/eim-phase3-env/lib/python3.12/site-packages/gltest/direct/loader.py:57: in load_contract_class
    module = _load_module(contract_path)
             ^^^^^^^^^^^^^^^^^^^^^^^^^^^
_ _ _ _ _ _ _ _ _ _ _ _ _ _ _ _ _ _ _ _ _ _ _ _ _ _ _ _ _ _ _ _ _ _ _ _ _ _ _ _ 

contract_path = PosixPath('/workspace/scratch/6ad74b9a2f71/evidence-independence-matrix/contracts/evidence_independence_matrix.py')

    def _load_module(contract_path: Path) -> Any:
        """Load a Python module from file path."""
        module_name = f"_contract_{contract_path.stem}"
    
        if module_name in sys.modules:
            del sys.modules[module_name]
    
        spec = importlib.util.spec_from_file_location(module_name, contract_path)
        if spec is None or spec.loader is None:
            raise ImportError(f"Cannot load module from {contract_path}")
    
        module = importlib.util.module_from_spec(spec)
        sys.modules[module_name] = module
    
        try:
            spec.loader.exec_module(module)
        except Exception as e:
            if module_name in sys.modules:
                del sys.modules[module_name]
>           raise ImportError(f"Failed to load contract: {e}") from e
E           ImportError: Failed to load contract: closing parenthesis '}' does not match opening parenthesis '[' (evidence_independence_matrix.py, line 551)

/tmp/eim-phase3-env/lib/python3.12/site-packages/gltest/direct/loader.py:315: ImportError
_ ERROR at setup of test_url_restrictions[https://alice.github.io.evil.com/a.txt] _

contract_path = PosixPath('/workspace/scratch/6ad74b9a2f71/evidence-independence-matrix/contracts/evidence_independence_matrix.py')

    def _load_module(contract_path: Path) -> Any:
        """Load a Python module from file path."""
        module_name = f"_contract_{contract_path.stem}"
    
        if module_name in sys.modules:
            del sys.modules[module_name]
    
        spec = importlib.util.spec_from_file_location(module_name, contract_path)
        if spec is None or spec.loader is None:
            raise ImportError(f"Cannot load module from {contract_path}")
    
        module = importlib.util.module_from_spec(spec)
        sys.modules[module_name] = module
    
        try:
>           spec.loader.exec_module(module)
E             File "/workspace/scratch/6ad74b9a2f71/evidence-independence-matrix/contracts/evidence_independence_matrix.py", line 551
E               "relations": [p["relation"] for p in candidate["pairs"]}),
E                                                                      ^
E           SyntaxError: closing parenthesis '}' does not match opening parenthesis '['

/tmp/eim-phase3-env/lib/python3.12/site-packages/gltest/direct/loader.py:311: SyntaxError

The above exception was the direct cause of the following exception:

    @pytest.fixture(scope="session")
    def eim():
        archive = download_artifacts("v0.2.16")
        with archive.open("rb") as stream:
            assert hashlib.file_digest(stream, "sha256").hexdigest() == ARTIFACT_SHA256
        vm = VMContext()
        vm._sender = bytes.fromhex("ab" * 20)
        vm._contract_address = bytes.fromhex("cd" * 20)
        vm._chain_id = 61999
>       cls = load_contract_class(ROOT / "contracts/evidence_independence_matrix.py", vm, sdk_version="v0.2.16")
              ^^^^^^^^^^^^^^^^^^^^^^^^^^^^^^^^^^^^^^^^^^^^^^^^^^^^^^^^^^^^^^^^^^^^^^^^^^^^^^^^^^^^^^^^^^^^^^^^^^

tests/conftest.py:21: 
_ _ _ _ _ _ _ _ _ _ _ _ _ _ _ _ _ _ _ _ _ _ _ _ _ _ _ _ _ _ _ _ _ _ _ _ _ _ _ _ 
/tmp/eim-phase3-env/lib/python3.12/site-packages/gltest/direct/loader.py:57: in load_contract_class
    module = _load_module(contract_path)
             ^^^^^^^^^^^^^^^^^^^^^^^^^^^
_ _ _ _ _ _ _ _ _ _ _ _ _ _ _ _ _ _ _ _ _ _ _ _ _ _ _ _ _ _ _ _ _ _ _ _ _ _ _ _ 

contract_path = PosixPath('/workspace/scratch/6ad74b9a2f71/evidence-independence-matrix/contracts/evidence_independence_matrix.py')

    def _load_module(contract_path: Path) -> Any:
        """Load a Python module from file path."""
        module_name = f"_contract_{contract_path.stem}"
    
        if module_name in sys.modules:
            del sys.modules[module_name]
    
        spec = importlib.util.spec_from_file_location(module_name, contract_path)
        if spec is None or spec.loader is None:
            raise ImportError(f"Cannot load module from {contract_path}")
    
        module = importlib.util.module_from_spec(spec)
        sys.modules[module_name] = module
    
        try:
            spec.loader.exec_module(module)
        except Exception as e:
            if module_name in sys.modules:
                del sys.modules[module_name]
>           raise ImportError(f"Failed to load contract: {e}") from e
E           ImportError: Failed to load contract: closing parenthesis '}' does not match opening parenthesis '[' (evidence_independence_matrix.py, line 551)

/tmp/eim-phase3-env/lib/python3.12/site-packages/gltest/direct/loader.py:315: ImportError
_____ ERROR at setup of test_url_restrictions[https://evilgithub.io/a.txt] _____

contract_path = PosixPath('/workspace/scratch/6ad74b9a2f71/evidence-independence-matrix/contracts/evidence_independence_matrix.py')

    def _load_module(contract_path: Path) -> Any:
        """Load a Python module from file path."""
        module_name = f"_contract_{contract_path.stem}"
    
        if module_name in sys.modules:
            del sys.modules[module_name]
    
        spec = importlib.util.spec_from_file_location(module_name, contract_path)
        if spec is None or spec.loader is None:
            raise ImportError(f"Cannot load module from {contract_path}")
    
        module = importlib.util.module_from_spec(spec)
        sys.modules[module_name] = module
    
        try:
>           spec.loader.exec_module(module)
E             File "/workspace/scratch/6ad74b9a2f71/evidence-independence-matrix/contracts/evidence_independence_matrix.py", line 551
E               "relations": [p["relation"] for p in candidate["pairs"]}),
E                                                                      ^
E           SyntaxError: closing parenthesis '}' does not match opening parenthesis '['

/tmp/eim-phase3-env/lib/python3.12/site-packages/gltest/direct/loader.py:311: SyntaxError

The above exception was the direct cause of the following exception:

    @pytest.fixture(scope="session")
    def eim():
        archive = download_artifacts("v0.2.16")
        with archive.open("rb") as stream:
            assert hashlib.file_digest(stream, "sha256").hexdigest() == ARTIFACT_SHA256
        vm = VMContext()
        vm._sender = bytes.fromhex("ab" * 20)
        vm._contract_address = bytes.fromhex("cd" * 20)
        vm._chain_id = 61999
>       cls = load_contract_class(ROOT / "contracts/evidence_independence_matrix.py", vm, sdk_version="v0.2.16")
              ^^^^^^^^^^^^^^^^^^^^^^^^^^^^^^^^^^^^^^^^^^^^^^^^^^^^^^^^^^^^^^^^^^^^^^^^^^^^^^^^^^^^^^^^^^^^^^^^^^

tests/conftest.py:21: 
_ _ _ _ _ _ _ _ _ _ _ _ _ _ _ _ _ _ _ _ _ _ _ _ _ _ _ _ _ _ _ _ _ _ _ _ _ _ _ _ 
/tmp/eim-phase3-env/lib/python3.12/site-packages/gltest/direct/loader.py:57: in load_contract_class
    module = _load_module(contract_path)
             ^^^^^^^^^^^^^^^^^^^^^^^^^^^
_ _ _ _ _ _ _ _ _ _ _ _ _ _ _ _ _ _ _ _ _ _ _ _ _ _ _ _ _ _ _ _ _ _ _ _ _ _ _ _ 

contract_path = PosixPath('/workspace/scratch/6ad74b9a2f71/evidence-independence-matrix/contracts/evidence_independence_matrix.py')

    def _load_module(contract_path: Path) -> Any:
        """Load a Python module from file path."""
        module_name = f"_contract_{contract_path.stem}"
    
        if module_name in sys.modules:
            del sys.modules[module_name]
    
        spec = importlib.util.spec_from_file_location(module_name, contract_path)
        if spec is None or spec.loader is None:
            raise ImportError(f"Cannot load module from {contract_path}")
    
        module = importlib.util.module_from_spec(spec)
        sys.modules[module_name] = module
    
        try:
            spec.loader.exec_module(module)
        except Exception as e:
            if module_name in sys.modules:
                del sys.modules[module_name]
>           raise ImportError(f"Failed to load contract: {e}") from e
E           ImportError: Failed to load contract: closing parenthesis '}' does not match opening parenthesis '[' (evidence_independence_matrix.py, line 551)

/tmp/eim-phase3-env/lib/python3.12/site-packages/gltest/direct/loader.py:315: ImportError
___ ERROR at setup of test_url_restrictions[https://alice.github.io./a.txt] ____

contract_path = PosixPath('/workspace/scratch/6ad74b9a2f71/evidence-independence-matrix/contracts/evidence_independence_matrix.py')

    def _load_module(contract_path: Path) -> Any:
        """Load a Python module from file path."""
        module_name = f"_contract_{contract_path.stem}"
    
        if module_name in sys.modules:
            del sys.modules[module_name]
    
        spec = importlib.util.spec_from_file_location(module_name, contract_path)
        if spec is None or spec.loader is None:
            raise ImportError(f"Cannot load module from {contract_path}")
    
        module = importlib.util.module_from_spec(spec)
        sys.modules[module_name] = module
    
        try:
>           spec.loader.exec_module(module)
E             File "/workspace/scratch/6ad74b9a2f71/evidence-independence-matrix/contracts/evidence_independence_matrix.py", line 551
E               "relations": [p["relation"] for p in candidate["pairs"]}),
E                                                                      ^
E           SyntaxError: closing parenthesis '}' does not match opening parenthesis '['

/tmp/eim-phase3-env/lib/python3.12/site-packages/gltest/direct/loader.py:311: SyntaxError

The above exception was the direct cause of the following exception:

    @pytest.fixture(scope="session")
    def eim():
        archive = download_artifacts("v0.2.16")
        with archive.open("rb") as stream:
            assert hashlib.file_digest(stream, "sha256").hexdigest() == ARTIFACT_SHA256
        vm = VMContext()
        vm._sender = bytes.fromhex("ab" * 20)
        vm._contract_address = bytes.fromhex("cd" * 20)
        vm._chain_id = 61999
>       cls = load_contract_class(ROOT / "contracts/evidence_independence_matrix.py", vm, sdk_version="v0.2.16")
              ^^^^^^^^^^^^^^^^^^^^^^^^^^^^^^^^^^^^^^^^^^^^^^^^^^^^^^^^^^^^^^^^^^^^^^^^^^^^^^^^^^^^^^^^^^^^^^^^^^

tests/conftest.py:21: 
_ _ _ _ _ _ _ _ _ _ _ _ _ _ _ _ _ _ _ _ _ _ _ _ _ _ _ _ _ _ _ _ _ _ _ _ _ _ _ _ 
/tmp/eim-phase3-env/lib/python3.12/site-packages/gltest/direct/loader.py:57: in load_contract_class
    module = _load_module(contract_path)
             ^^^^^^^^^^^^^^^^^^^^^^^^^^^
_ _ _ _ _ _ _ _ _ _ _ _ _ _ _ _ _ _ _ _ _ _ _ _ _ _ _ _ _ _ _ _ _ _ _ _ _ _ _ _ 

contract_path = PosixPath('/workspace/scratch/6ad74b9a2f71/evidence-independence-matrix/contracts/evidence_independence_matrix.py')

    def _load_module(contract_path: Path) -> Any:
        """Load a Python module from file path."""
        module_name = f"_contract_{contract_path.stem}"
    
        if module_name in sys.modules:
            del sys.modules[module_name]
    
        spec = importlib.util.spec_from_file_location(module_name, contract_path)
        if spec is None or spec.loader is None:
            raise ImportError(f"Cannot load module from {contract_path}")
    
        module = importlib.util.module_from_spec(spec)
        sys.modules[module_name] = module
    
        try:
            spec.loader.exec_module(module)
        except Exception as e:
            if module_name in sys.modules:
                del sys.modules[module_name]
>           raise ImportError(f"Failed to load contract: {e}") from e
E           ImportError: Failed to load contract: closing parenthesis '}' does not match opening parenthesis '[' (evidence_independence_matrix.py, line 551)

/tmp/eim-phase3-env/lib/python3.12/site-packages/gltest/direct/loader.py:315: ImportError
___ ERROR at setup of test_url_restrictions[https://-alice.github.io/a.txt] ____

contract_path = PosixPath('/workspace/scratch/6ad74b9a2f71/evidence-independence-matrix/contracts/evidence_independence_matrix.py')

    def _load_module(contract_path: Path) -> Any:
        """Load a Python module from file path."""
        module_name = f"_contract_{contract_path.stem}"
    
        if module_name in sys.modules:
            del sys.modules[module_name]
    
        spec = importlib.util.spec_from_file_location(module_name, contract_path)
        if spec is None or spec.loader is None:
            raise ImportError(f"Cannot load module from {contract_path}")
    
        module = importlib.util.module_from_spec(spec)
        sys.modules[module_name] = module
    
        try:
>           spec.loader.exec_module(module)
E             File "/workspace/scratch/6ad74b9a2f71/evidence-independence-matrix/contracts/evidence_independence_matrix.py", line 551
E               "relations": [p["relation"] for p in candidate["pairs"]}),
E                                                                      ^
E           SyntaxError: closing parenthesis '}' does not match opening parenthesis '['

/tmp/eim-phase3-env/lib/python3.12/site-packages/gltest/direct/loader.py:311: SyntaxError

The above exception was the direct cause of the following exception:

    @pytest.fixture(scope="session")
    def eim():
        archive = download_artifacts("v0.2.16")
        with archive.open("rb") as stream:
            assert hashlib.file_digest(stream, "sha256").hexdigest() == ARTIFACT_SHA256
        vm = VMContext()
        vm._sender = bytes.fromhex("ab" * 20)
        vm._contract_address = bytes.fromhex("cd" * 20)
        vm._chain_id = 61999
>       cls = load_contract_class(ROOT / "contracts/evidence_independence_matrix.py", vm, sdk_version="v0.2.16")
              ^^^^^^^^^^^^^^^^^^^^^^^^^^^^^^^^^^^^^^^^^^^^^^^^^^^^^^^^^^^^^^^^^^^^^^^^^^^^^^^^^^^^^^^^^^^^^^^^^^

tests/conftest.py:21: 
_ _ _ _ _ _ _ _ _ _ _ _ _ _ _ _ _ _ _ _ _ _ _ _ _ _ _ _ _ _ _ _ _ _ _ _ _ _ _ _ 
/tmp/eim-phase3-env/lib/python3.12/site-packages/gltest/direct/loader.py:57: in load_contract_class
    module = _load_module(contract_path)
             ^^^^^^^^^^^^^^^^^^^^^^^^^^^
_ _ _ _ _ _ _ _ _ _ _ _ _ _ _ _ _ _ _ _ _ _ _ _ _ _ _ _ _ _ _ _ _ _ _ _ _ _ _ _ 

contract_path = PosixPath('/workspace/scratch/6ad74b9a2f71/evidence-independence-matrix/contracts/evidence_independence_matrix.py')

    def _load_module(contract_path: Path) -> Any:
        """Load a Python module from file path."""
        module_name = f"_contract_{contract_path.stem}"
    
        if module_name in sys.modules:
            del sys.modules[module_name]
    
        spec = importlib.util.spec_from_file_location(module_name, contract_path)
        if spec is None or spec.loader is None:
            raise ImportError(f"Cannot load module from {contract_path}")
    
        module = importlib.util.module_from_spec(spec)
        sys.modules[module_name] = module
    
        try:
            spec.loader.exec_module(module)
        except Exception as e:
            if module_name in sys.modules:
                del sys.modules[module_name]
>           raise ImportError(f"Failed to load contract: {e}") from e
E           ImportError: Failed to load contract: closing parenthesis '}' does not match opening parenthesis '[' (evidence_independence_matrix.py, line 551)

/tmp/eim-phase3-env/lib/python3.12/site-packages/gltest/direct/loader.py:315: ImportError
___ ERROR at setup of test_url_restrictions[https://alice-.github.io/a.txt] ____

contract_path = PosixPath('/workspace/scratch/6ad74b9a2f71/evidence-independence-matrix/contracts/evidence_independence_matrix.py')

    def _load_module(contract_path: Path) -> Any:
        """Load a Python module from file path."""
        module_name = f"_contract_{contract_path.stem}"
    
        if module_name in sys.modules:
            del sys.modules[module_name]
    
        spec = importlib.util.spec_from_file_location(module_name, contract_path)
        if spec is None or spec.loader is None:
            raise ImportError(f"Cannot load module from {contract_path}")
    
        module = importlib.util.module_from_spec(spec)
        sys.modules[module_name] = module
    
        try:
>           spec.loader.exec_module(module)
E             File "/workspace/scratch/6ad74b9a2f71/evidence-independence-matrix/contracts/evidence_independence_matrix.py", line 551
E               "relations": [p["relation"] for p in candidate["pairs"]}),
E                                                                      ^
E           SyntaxError: closing parenthesis '}' does not match opening parenthesis '['

/tmp/eim-phase3-env/lib/python3.12/site-packages/gltest/direct/loader.py:311: SyntaxError

The above exception was the direct cause of the following exception:

    @pytest.fixture(scope="session")
    def eim():
        archive = download_artifacts("v0.2.16")
        with archive.open("rb") as stream:
            assert hashlib.file_digest(stream, "sha256").hexdigest() == ARTIFACT_SHA256
        vm = VMContext()
        vm._sender = bytes.fromhex("ab" * 20)
        vm._contract_address = bytes.fromhex("cd" * 20)
        vm._chain_id = 61999
>       cls = load_contract_class(ROOT / "contracts/evidence_independence_matrix.py", vm, sdk_version="v0.2.16")
              ^^^^^^^^^^^^^^^^^^^^^^^^^^^^^^^^^^^^^^^^^^^^^^^^^^^^^^^^^^^^^^^^^^^^^^^^^^^^^^^^^^^^^^^^^^^^^^^^^^

tests/conftest.py:21: 
_ _ _ _ _ _ _ _ _ _ _ _ _ _ _ _ _ _ _ _ _ _ _ _ _ _ _ _ _ _ _ _ _ _ _ _ _ _ _ _ 
/tmp/eim-phase3-env/lib/python3.12/site-packages/gltest/direct/loader.py:57: in load_contract_class
    module = _load_module(contract_path)
             ^^^^^^^^^^^^^^^^^^^^^^^^^^^
_ _ _ _ _ _ _ _ _ _ _ _ _ _ _ _ _ _ _ _ _ _ _ _ _ _ _ _ _ _ _ _ _ _ _ _ _ _ _ _ 

contract_path = PosixPath('/workspace/scratch/6ad74b9a2f71/evidence-independence-matrix/contracts/evidence_independence_matrix.py')

    def _load_module(contract_path: Path) -> Any:
        """Load a Python module from file path."""
        module_name = f"_contract_{contract_path.stem}"
    
        if module_name in sys.modules:
            del sys.modules[module_name]
    
        spec = importlib.util.spec_from_file_location(module_name, contract_path)
        if spec is None or spec.loader is None:
            raise ImportError(f"Cannot load module from {contract_path}")
    
        module = importlib.util.module_from_spec(spec)
        sys.modules[module_name] = module
    
        try:
            spec.loader.exec_module(module)
        except Exception as e:
            if module_name in sys.modules:
                del sys.modules[module_name]
>           raise ImportError(f"Failed to load contract: {e}") from e
E           ImportError: Failed to load contract: closing parenthesis '}' does not match opening parenthesis '[' (evidence_independence_matrix.py, line 551)

/tmp/eim-phase3-env/lib/python3.12/site-packages/gltest/direct/loader.py:315: ImportError
___ ERROR at setup of test_url_restrictions[https://al--ice.github.io/a.txt] ___

contract_path = PosixPath('/workspace/scratch/6ad74b9a2f71/evidence-independence-matrix/contracts/evidence_independence_matrix.py')

    def _load_module(contract_path: Path) -> Any:
        """Load a Python module from file path."""
        module_name = f"_contract_{contract_path.stem}"
    
        if module_name in sys.modules:
            del sys.modules[module_name]
    
        spec = importlib.util.spec_from_file_location(module_name, contract_path)
        if spec is None or spec.loader is None:
            raise ImportError(f"Cannot load module from {contract_path}")
    
        module = importlib.util.module_from_spec(spec)
        sys.modules[module_name] = module
    
        try:
>           spec.loader.exec_module(module)
E             File "/workspace/scratch/6ad74b9a2f71/evidence-independence-matrix/contracts/evidence_independence_matrix.py", line 551
E               "relations": [p["relation"] for p in candidate["pairs"]}),
E                                                                      ^
E           SyntaxError: closing parenthesis '}' does not match opening parenthesis '['

/tmp/eim-phase3-env/lib/python3.12/site-packages/gltest/direct/loader.py:311: SyntaxError

The above exception was the direct cause of the following exception:

    @pytest.fixture(scope="session")
    def eim():
        archive = download_artifacts("v0.2.16")
        with archive.open("rb") as stream:
            assert hashlib.file_digest(stream, "sha256").hexdigest() == ARTIFACT_SHA256
        vm = VMContext()
        vm._sender = bytes.fromhex("ab" * 20)
        vm._contract_address = bytes.fromhex("cd" * 20)
        vm._chain_id = 61999
>       cls = load_contract_class(ROOT / "contracts/evidence_independence_matrix.py", vm, sdk_version="v0.2.16")
              ^^^^^^^^^^^^^^^^^^^^^^^^^^^^^^^^^^^^^^^^^^^^^^^^^^^^^^^^^^^^^^^^^^^^^^^^^^^^^^^^^^^^^^^^^^^^^^^^^^

tests/conftest.py:21: 
_ _ _ _ _ _ _ _ _ _ _ _ _ _ _ _ _ _ _ _ _ _ _ _ _ _ _ _ _ _ _ _ _ _ _ _ _ _ _ _ 
/tmp/eim-phase3-env/lib/python3.12/site-packages/gltest/direct/loader.py:57: in load_contract_class
    module = _load_module(contract_path)
             ^^^^^^^^^^^^^^^^^^^^^^^^^^^
_ _ _ _ _ _ _ _ _ _ _ _ _ _ _ _ _ _ _ _ _ _ _ _ _ _ _ _ _ _ _ _ _ _ _ _ _ _ _ _ 

contract_path = PosixPath('/workspace/scratch/6ad74b9a2f71/evidence-independence-matrix/contracts/evidence_independence_matrix.py')

    def _load_module(contract_path: Path) -> Any:
        """Load a Python module from file path."""
        module_name = f"_contract_{contract_path.stem}"
    
        if module_name in sys.modules:
            del sys.modules[module_name]
    
        spec = importlib.util.spec_from_file_location(module_name, contract_path)
        if spec is None or spec.loader is None:
            raise ImportError(f"Cannot load module from {contract_path}")
    
        module = importlib.util.module_from_spec(spec)
        sys.modules[module_name] = module
    
        try:
            spec.loader.exec_module(module)
        except Exception as e:
            if module_name in sys.modules:
                del sys.modules[module_name]
>           raise ImportError(f"Failed to load contract: {e}") from e
E           ImportError: Failed to load contract: closing parenthesis '}' does not match opening parenthesis '[' (evidence_independence_matrix.py, line 551)

/tmp/eim-phase3-env/lib/python3.12/site-packages/gltest/direct/loader.py:315: ImportError
_ ERROR at setup of test_url_restrictions[https://aaaaaaaaaaaaaaaaaaaaaaaaaaaaaaaaaaaaaaaa.github.io/a.txt] _

contract_path = PosixPath('/workspace/scratch/6ad74b9a2f71/evidence-independence-matrix/contracts/evidence_independence_matrix.py')

    def _load_module(contract_path: Path) -> Any:
        """Load a Python module from file path."""
        module_name = f"_contract_{contract_path.stem}"
    
        if module_name in sys.modules:
            del sys.modules[module_name]
    
        spec = importlib.util.spec_from_file_location(module_name, contract_path)
        if spec is None or spec.loader is None:
            raise ImportError(f"Cannot load module from {contract_path}")
    
        module = importlib.util.module_from_spec(spec)
        sys.modules[module_name] = module
    
        try:
>           spec.loader.exec_module(module)
E             File "/workspace/scratch/6ad74b9a2f71/evidence-independence-matrix/contracts/evidence_independence_matrix.py", line 551
E               "relations": [p["relation"] for p in candidate["pairs"]}),
E                                                                      ^
E           SyntaxError: closing parenthesis '}' does not match opening parenthesis '['

/tmp/eim-phase3-env/lib/python3.12/site-packages/gltest/direct/loader.py:311: SyntaxError

The above exception was the direct cause of the following exception:

    @pytest.fixture(scope="session")
    def eim():
        archive = download_artifacts("v0.2.16")
        with archive.open("rb") as stream:
            assert hashlib.file_digest(stream, "sha256").hexdigest() == ARTIFACT_SHA256
        vm = VMContext()
        vm._sender = bytes.fromhex("ab" * 20)
        vm._contract_address = bytes.fromhex("cd" * 20)
        vm._chain_id = 61999
>       cls = load_contract_class(ROOT / "contracts/evidence_independence_matrix.py", vm, sdk_version="v0.2.16")
              ^^^^^^^^^^^^^^^^^^^^^^^^^^^^^^^^^^^^^^^^^^^^^^^^^^^^^^^^^^^^^^^^^^^^^^^^^^^^^^^^^^^^^^^^^^^^^^^^^^

tests/conftest.py:21: 
_ _ _ _ _ _ _ _ _ _ _ _ _ _ _ _ _ _ _ _ _ _ _ _ _ _ _ _ _ _ _ _ _ _ _ _ _ _ _ _ 
/tmp/eim-phase3-env/lib/python3.12/site-packages/gltest/direct/loader.py:57: in load_contract_class
    module = _load_module(contract_path)
             ^^^^^^^^^^^^^^^^^^^^^^^^^^^
_ _ _ _ _ _ _ _ _ _ _ _ _ _ _ _ _ _ _ _ _ _ _ _ _ _ _ _ _ _ _ _ _ _ _ _ _ _ _ _ 

contract_path = PosixPath('/workspace/scratch/6ad74b9a2f71/evidence-independence-matrix/contracts/evidence_independence_matrix.py')

    def _load_module(contract_path: Path) -> Any:
        """Load a Python module from file path."""
        module_name = f"_contract_{contract_path.stem}"
    
        if module_name in sys.modules:
            del sys.modules[module_name]
    
        spec = importlib.util.spec_from_file_location(module_name, contract_path)
        if spec is None or spec.loader is None:
            raise ImportError(f"Cannot load module from {contract_path}")
    
        module = importlib.util.module_from_spec(spec)
        sys.modules[module_name] = module
    
        try:
            spec.loader.exec_module(module)
        except Exception as e:
            if module_name in sys.modules:
                del sys.modules[module_name]
>           raise ImportError(f"Failed to load contract: {e}") from e
E           ImportError: Failed to load contract: closing parenthesis '}' does not match opening parenthesis '[' (evidence_independence_matrix.py, line 551)

/tmp/eim-phase3-env/lib/python3.12/site-packages/gltest/direct/loader.py:315: ImportError
____ ERROR at setup of test_url_restrictions[https://alice.github.io/a.TXT] ____

contract_path = PosixPath('/workspace/scratch/6ad74b9a2f71/evidence-independence-matrix/contracts/evidence_independence_matrix.py')

    def _load_module(contract_path: Path) -> Any:
        """Load a Python module from file path."""
        module_name = f"_contract_{contract_path.stem}"
    
        if module_name in sys.modules:
            del sys.modules[module_name]
    
        spec = importlib.util.spec_from_file_location(module_name, contract_path)
        if spec is None or spec.loader is None:
            raise ImportError(f"Cannot load module from {contract_path}")
    
        module = importlib.util.module_from_spec(spec)
        sys.modules[module_name] = module
    
        try:
>           spec.loader.exec_module(module)
E             File "/workspace/scratch/6ad74b9a2f71/evidence-independence-matrix/contracts/evidence_independence_matrix.py", line 551
E               "relations": [p["relation"] for p in candidate["pairs"]}),
E                                                                      ^
E           SyntaxError: closing parenthesis '}' does not match opening parenthesis '['

/tmp/eim-phase3-env/lib/python3.12/site-packages/gltest/direct/loader.py:311: SyntaxError

The above exception was the direct cause of the following exception:

    @pytest.fixture(scope="session")
    def eim():
        archive = download_artifacts("v0.2.16")
        with archive.open("rb") as stream:
            assert hashlib.file_digest(stream, "sha256").hexdigest() == ARTIFACT_SHA256
        vm = VMContext()
        vm._sender = bytes.fromhex("ab" * 20)
        vm._contract_address = bytes.fromhex("cd" * 20)
        vm._chain_id = 61999
>       cls = load_contract_class(ROOT / "contracts/evidence_independence_matrix.py", vm, sdk_version="v0.2.16")
              ^^^^^^^^^^^^^^^^^^^^^^^^^^^^^^^^^^^^^^^^^^^^^^^^^^^^^^^^^^^^^^^^^^^^^^^^^^^^^^^^^^^^^^^^^^^^^^^^^^

tests/conftest.py:21: 
_ _ _ _ _ _ _ _ _ _ _ _ _ _ _ _ _ _ _ _ _ _ _ _ _ _ _ _ _ _ _ _ _ _ _ _ _ _ _ _ 
/tmp/eim-phase3-env/lib/python3.12/site-packages/gltest/direct/loader.py:57: in load_contract_class
    module = _load_module(contract_path)
             ^^^^^^^^^^^^^^^^^^^^^^^^^^^
_ _ _ _ _ _ _ _ _ _ _ _ _ _ _ _ _ _ _ _ _ _ _ _ _ _ _ _ _ _ _ _ _ _ _ _ _ _ _ _ 

contract_path = PosixPath('/workspace/scratch/6ad74b9a2f71/evidence-independence-matrix/contracts/evidence_independence_matrix.py')

    def _load_module(contract_path: Path) -> Any:
        """Load a Python module from file path."""
        module_name = f"_contract_{contract_path.stem}"
    
        if module_name in sys.modules:
            del sys.modules[module_name]
    
        spec = importlib.util.spec_from_file_location(module_name, contract_path)
        if spec is None or spec.loader is None:
            raise ImportError(f"Cannot load module from {contract_path}")
    
        module = importlib.util.module_from_spec(spec)
        sys.modules[module_name] = module
    
        try:
            spec.loader.exec_module(module)
        except Exception as e:
            if module_name in sys.modules:
                del sys.modules[module_name]
>           raise ImportError(f"Failed to load contract: {e}") from e
E           ImportError: Failed to load contract: closing parenthesis '}' does not match opening parenthesis '[' (evidence_independence_matrix.py, line 551)

/tmp/eim-phase3-env/lib/python3.12/site-packages/gltest/direct/loader.py:315: ImportError
___ ERROR at setup of test_url_restrictions[https://alice.github.io/a.html] ____

contract_path = PosixPath('/workspace/scratch/6ad74b9a2f71/evidence-independence-matrix/contracts/evidence_independence_matrix.py')

    def _load_module(contract_path: Path) -> Any:
        """Load a Python module from file path."""
        module_name = f"_contract_{contract_path.stem}"
    
        if module_name in sys.modules:
            del sys.modules[module_name]
    
        spec = importlib.util.spec_from_file_location(module_name, contract_path)
        if spec is None or spec.loader is None:
            raise ImportError(f"Cannot load module from {contract_path}")
    
        module = importlib.util.module_from_spec(spec)
        sys.modules[module_name] = module
    
        try:
>           spec.loader.exec_module(module)
E             File "/workspace/scratch/6ad74b9a2f71/evidence-independence-matrix/contracts/evidence_independence_matrix.py", line 551
E               "relations": [p["relation"] for p in candidate["pairs"]}),
E                                                                      ^
E           SyntaxError: closing parenthesis '}' does not match opening parenthesis '['

/tmp/eim-phase3-env/lib/python3.12/site-packages/gltest/direct/loader.py:311: SyntaxError

The above exception was the direct cause of the following exception:

    @pytest.fixture(scope="session")
    def eim():
        archive = download_artifacts("v0.2.16")
        with archive.open("rb") as stream:
            assert hashlib.file_digest(stream, "sha256").hexdigest() == ARTIFACT_SHA256
        vm = VMContext()
        vm._sender = bytes.fromhex("ab" * 20)
        vm._contract_address = bytes.fromhex("cd" * 20)
        vm._chain_id = 61999
>       cls = load_contract_class(ROOT / "contracts/evidence_independence_matrix.py", vm, sdk_version="v0.2.16")
              ^^^^^^^^^^^^^^^^^^^^^^^^^^^^^^^^^^^^^^^^^^^^^^^^^^^^^^^^^^^^^^^^^^^^^^^^^^^^^^^^^^^^^^^^^^^^^^^^^^

tests/conftest.py:21: 
_ _ _ _ _ _ _ _ _ _ _ _ _ _ _ _ _ _ _ _ _ _ _ _ _ _ _ _ _ _ _ _ _ _ _ _ _ _ _ _ 
/tmp/eim-phase3-env/lib/python3.12/site-packages/gltest/direct/loader.py:57: in load_contract_class
    module = _load_module(contract_path)
             ^^^^^^^^^^^^^^^^^^^^^^^^^^^
_ _ _ _ _ _ _ _ _ _ _ _ _ _ _ _ _ _ _ _ _ _ _ _ _ _ _ _ _ _ _ _ _ _ _ _ _ _ _ _ 

contract_path = PosixPath('/workspace/scratch/6ad74b9a2f71/evidence-independence-matrix/contracts/evidence_independence_matrix.py')

    def _load_module(contract_path: Path) -> Any:
        """Load a Python module from file path."""
        module_name = f"_contract_{contract_path.stem}"
    
        if module_name in sys.modules:
            del sys.modules[module_name]
    
        spec = importlib.util.spec_from_file_location(module_name, contract_path)
        if spec is None or spec.loader is None:
            raise ImportError(f"Cannot load module from {contract_path}")
    
        module = importlib.util.module_from_spec(spec)
        sys.modules[module_name] = module
    
        try:
            spec.loader.exec_module(module)
        except Exception as e:
            if module_name in sys.modules:
                del sys.modules[module_name]
>           raise ImportError(f"Failed to load contract: {e}") from e
E           ImportError: Failed to load contract: closing parenthesis '}' does not match opening parenthesis '[' (evidence_independence_matrix.py, line 551)

/tmp/eim-phase3-env/lib/python3.12/site-packages/gltest/direct/loader.py:315: ImportError
_______ ERROR at setup of test_url_restrictions[https://alice.github.io] _______

contract_path = PosixPath('/workspace/scratch/6ad74b9a2f71/evidence-independence-matrix/contracts/evidence_independence_matrix.py')

    def _load_module(contract_path: Path) -> Any:
        """Load a Python module from file path."""
        module_name = f"_contract_{contract_path.stem}"
    
        if module_name in sys.modules:
            del sys.modules[module_name]
    
        spec = importlib.util.spec_from_file_location(module_name, contract_path)
        if spec is None or spec.loader is None:
            raise ImportError(f"Cannot load module from {contract_path}")
    
        module = importlib.util.module_from_spec(spec)
        sys.modules[module_name] = module
    
        try:
>           spec.loader.exec_module(module)
E             File "/workspace/scratch/6ad74b9a2f71/evidence-independence-matrix/contracts/evidence_independence_matrix.py", line 551
E               "relations": [p["relation"] for p in candidate["pairs"]}),
E                                                                      ^
E           SyntaxError: closing parenthesis '}' does not match opening parenthesis '['

/tmp/eim-phase3-env/lib/python3.12/site-packages/gltest/direct/loader.py:311: SyntaxError

The above exception was the direct cause of the following exception:

    @pytest.fixture(scope="session")
    def eim():
        archive = download_artifacts("v0.2.16")
        with archive.open("rb") as stream:
            assert hashlib.file_digest(stream, "sha256").hexdigest() == ARTIFACT_SHA256
        vm = VMContext()
        vm._sender = bytes.fromhex("ab" * 20)
        vm._contract_address = bytes.fromhex("cd" * 20)
        vm._chain_id = 61999
>       cls = load_contract_class(ROOT / "contracts/evidence_independence_matrix.py", vm, sdk_version="v0.2.16")
              ^^^^^^^^^^^^^^^^^^^^^^^^^^^^^^^^^^^^^^^^^^^^^^^^^^^^^^^^^^^^^^^^^^^^^^^^^^^^^^^^^^^^^^^^^^^^^^^^^^

tests/conftest.py:21: 
_ _ _ _ _ _ _ _ _ _ _ _ _ _ _ _ _ _ _ _ _ _ _ _ _ _ _ _ _ _ _ _ _ _ _ _ _ _ _ _ 
/tmp/eim-phase3-env/lib/python3.12/site-packages/gltest/direct/loader.py:57: in load_contract_class
    module = _load_module(contract_path)
             ^^^^^^^^^^^^^^^^^^^^^^^^^^^
_ _ _ _ _ _ _ _ _ _ _ _ _ _ _ _ _ _ _ _ _ _ _ _ _ _ _ _ _ _ _ _ _ _ _ _ _ _ _ _ 

contract_path = PosixPath('/workspace/scratch/6ad74b9a2f71/evidence-independence-matrix/contracts/evidence_independence_matrix.py')

    def _load_module(contract_path: Path) -> Any:
        """Load a Python module from file path."""
        module_name = f"_contract_{contract_path.stem}"
    
        if module_name in sys.modules:
            del sys.modules[module_name]
    
        spec = importlib.util.spec_from_file_location(module_name, contract_path)
        if spec is None or spec.loader is None:
            raise ImportError(f"Cannot load module from {contract_path}")
    
        module = importlib.util.module_from_spec(spec)
        sys.modules[module_name] = module
    
        try:
            spec.loader.exec_module(module)
        except Exception as e:
            if module_name in sys.modules:
                del sys.modules[module_name]
>           raise ImportError(f"Failed to load contract: {e}") from e
E           ImportError: Failed to load contract: closing parenthesis '}' does not match opening parenthesis '[' (evidence_independence_matrix.py, line 551)

/tmp/eim-phase3-env/lib/python3.12/site-packages/gltest/direct/loader.py:315: ImportError
___ ERROR at setup of test_url_restrictions[https://alice.github.io/%zz.txt] ___

contract_path = PosixPath('/workspace/scratch/6ad74b9a2f71/evidence-independence-matrix/contracts/evidence_independence_matrix.py')

    def _load_module(contract_path: Path) -> Any:
        """Load a Python module from file path."""
        module_name = f"_contract_{contract_path.stem}"
    
        if module_name in sys.modules:
            del sys.modules[module_name]
    
        spec = importlib.util.spec_from_file_location(module_name, contract_path)
        if spec is None or spec.loader is None:
            raise ImportError(f"Cannot load module from {contract_path}")
    
        module = importlib.util.module_from_spec(spec)
        sys.modules[module_name] = module
    
        try:
>           spec.loader.exec_module(module)
E             File "/workspace/scratch/6ad74b9a2f71/evidence-independence-matrix/contracts/evidence_independence_matrix.py", line 551
E               "relations": [p["relation"] for p in candidate["pairs"]}),
E                                                                      ^
E           SyntaxError: closing parenthesis '}' does not match opening parenthesis '['

/tmp/eim-phase3-env/lib/python3.12/site-packages/gltest/direct/loader.py:311: SyntaxError

The above exception was the direct cause of the following exception:

    @pytest.fixture(scope="session")
    def eim():
        archive = download_artifacts("v0.2.16")
        with archive.open("rb") as stream:
            assert hashlib.file_digest(stream, "sha256").hexdigest() == ARTIFACT_SHA256
        vm = VMContext()
        vm._sender = bytes.fromhex("ab" * 20)
        vm._contract_address = bytes.fromhex("cd" * 20)
        vm._chain_id = 61999
>       cls = load_contract_class(ROOT / "contracts/evidence_independence_matrix.py", vm, sdk_version="v0.2.16")
              ^^^^^^^^^^^^^^^^^^^^^^^^^^^^^^^^^^^^^^^^^^^^^^^^^^^^^^^^^^^^^^^^^^^^^^^^^^^^^^^^^^^^^^^^^^^^^^^^^^

tests/conftest.py:21: 
_ _ _ _ _ _ _ _ _ _ _ _ _ _ _ _ _ _ _ _ _ _ _ _ _ _ _ _ _ _ _ _ _ _ _ _ _ _ _ _ 
/tmp/eim-phase3-env/lib/python3.12/site-packages/gltest/direct/loader.py:57: in load_contract_class
    module = _load_module(contract_path)
             ^^^^^^^^^^^^^^^^^^^^^^^^^^^
_ _ _ _ _ _ _ _ _ _ _ _ _ _ _ _ _ _ _ _ _ _ _ _ _ _ _ _ _ _ _ _ _ _ _ _ _ _ _ _ 

contract_path = PosixPath('/workspace/scratch/6ad74b9a2f71/evidence-independence-matrix/contracts/evidence_independence_matrix.py')

    def _load_module(contract_path: Path) -> Any:
        """Load a Python module from file path."""
        module_name = f"_contract_{contract_path.stem}"
    
        if module_name in sys.modules:
            del sys.modules[module_name]
    
        spec = importlib.util.spec_from_file_location(module_name, contract_path)
        if spec is None or spec.loader is None:
            raise ImportError(f"Cannot load module from {contract_path}")
    
        module = importlib.util.module_from_spec(spec)
        sys.modules[module_name] = module
    
        try:
            spec.loader.exec_module(module)
        except Exception as e:
            if module_name in sys.modules:
                del sys.modules[module_name]
>           raise ImportError(f"Failed to load contract: {e}") from e
E           ImportError: Failed to load contract: closing parenthesis '}' does not match opening parenthesis '[' (evidence_independence_matrix.py, line 551)

/tmp/eim-phase3-env/lib/python3.12/site-packages/gltest/direct/loader.py:315: ImportError
_______ ERROR at setup of test_url_normalization_duplicates_and_boundary _______

contract_path = PosixPath('/workspace/scratch/6ad74b9a2f71/evidence-independence-matrix/contracts/evidence_independence_matrix.py')

    def _load_module(contract_path: Path) -> Any:
        """Load a Python module from file path."""
        module_name = f"_contract_{contract_path.stem}"
    
        if module_name in sys.modules:
            del sys.modules[module_name]
    
        spec = importlib.util.spec_from_file_location(module_name, contract_path)
        if spec is None or spec.loader is None:
            raise ImportError(f"Cannot load module from {contract_path}")
    
        module = importlib.util.module_from_spec(spec)
        sys.modules[module_name] = module
    
        try:
>           spec.loader.exec_module(module)
E             File "/workspace/scratch/6ad74b9a2f71/evidence-independence-matrix/contracts/evidence_independence_matrix.py", line 551
E               "relations": [p["relation"] for p in candidate["pairs"]}),
E                                                                      ^
E           SyntaxError: closing parenthesis '}' does not match opening parenthesis '['

/tmp/eim-phase3-env/lib/python3.12/site-packages/gltest/direct/loader.py:311: SyntaxError

The above exception was the direct cause of the following exception:

    @pytest.fixture(scope="session")
    def eim():
        archive = download_artifacts("v0.2.16")
        with archive.open("rb") as stream:
            assert hashlib.file_digest(stream, "sha256").hexdigest() == ARTIFACT_SHA256
        vm = VMContext()
        vm._sender = bytes.fromhex("ab" * 20)
        vm._contract_address = bytes.fromhex("cd" * 20)
        vm._chain_id = 61999
>       cls = load_contract_class(ROOT / "contracts/evidence_independence_matrix.py", vm, sdk_version="v0.2.16")
              ^^^^^^^^^^^^^^^^^^^^^^^^^^^^^^^^^^^^^^^^^^^^^^^^^^^^^^^^^^^^^^^^^^^^^^^^^^^^^^^^^^^^^^^^^^^^^^^^^^

tests/conftest.py:21: 
_ _ _ _ _ _ _ _ _ _ _ _ _ _ _ _ _ _ _ _ _ _ _ _ _ _ _ _ _ _ _ _ _ _ _ _ _ _ _ _ 
/tmp/eim-phase3-env/lib/python3.12/site-packages/gltest/direct/loader.py:57: in load_contract_class
    module = _load_module(contract_path)
             ^^^^^^^^^^^^^^^^^^^^^^^^^^^
_ _ _ _ _ _ _ _ _ _ _ _ _ _ _ _ _ _ _ _ _ _ _ _ _ _ _ _ _ _ _ _ _ _ _ _ _ _ _ _ 

contract_path = PosixPath('/workspace/scratch/6ad74b9a2f71/evidence-independence-matrix/contracts/evidence_independence_matrix.py')

    def _load_module(contract_path: Path) -> Any:
        """Load a Python module from file path."""
        module_name = f"_contract_{contract_path.stem}"
    
        if module_name in sys.modules:
            del sys.modules[module_name]
    
        spec = importlib.util.spec_from_file_location(module_name, contract_path)
        if spec is None or spec.loader is None:
            raise ImportError(f"Cannot load module from {contract_path}")
    
        module = importlib.util.module_from_spec(spec)
        sys.modules[module_name] = module
    
        try:
            spec.loader.exec_module(module)
        except Exception as e:
            if module_name in sys.modules:
                del sys.modules[module_name]
>           raise ImportError(f"Failed to load contract: {e}") from e
E           ImportError: Failed to load contract: closing parenthesis '}' does not match opening parenthesis '[' (evidence_independence_matrix.py, line 551)

/tmp/eim-phase3-env/lib/python3.12/site-packages/gltest/direct/loader.py:315: ImportError
_______________ ERROR at setup of test_creator_and_hash_vectors ________________

contract_path = PosixPath('/workspace/scratch/6ad74b9a2f71/evidence-independence-matrix/contracts/evidence_independence_matrix.py')

    def _load_module(contract_path: Path) -> Any:
        """Load a Python module from file path."""
        module_name = f"_contract_{contract_path.stem}"
    
        if module_name in sys.modules:
            del sys.modules[module_name]
    
        spec = importlib.util.spec_from_file_location(module_name, contract_path)
        if spec is None or spec.loader is None:
            raise ImportError(f"Cannot load module from {contract_path}")
    
        module = importlib.util.module_from_spec(spec)
        sys.modules[module_name] = module
    
        try:
>           spec.loader.exec_module(module)
E             File "/workspace/scratch/6ad74b9a2f71/evidence-independence-matrix/contracts/evidence_independence_matrix.py", line 551
E               "relations": [p["relation"] for p in candidate["pairs"]}),
E                                                                      ^
E           SyntaxError: closing parenthesis '}' does not match opening parenthesis '['

/tmp/eim-phase3-env/lib/python3.12/site-packages/gltest/direct/loader.py:311: SyntaxError

The above exception was the direct cause of the following exception:

    @pytest.fixture(scope="session")
    def eim():
        archive = download_artifacts("v0.2.16")
        with archive.open("rb") as stream:
            assert hashlib.file_digest(stream, "sha256").hexdigest() == ARTIFACT_SHA256
        vm = VMContext()
        vm._sender = bytes.fromhex("ab" * 20)
        vm._contract_address = bytes.fromhex("cd" * 20)
        vm._chain_id = 61999
>       cls = load_contract_class(ROOT / "contracts/evidence_independence_matrix.py", vm, sdk_version="v0.2.16")
              ^^^^^^^^^^^^^^^^^^^^^^^^^^^^^^^^^^^^^^^^^^^^^^^^^^^^^^^^^^^^^^^^^^^^^^^^^^^^^^^^^^^^^^^^^^^^^^^^^^

tests/conftest.py:21: 
_ _ _ _ _ _ _ _ _ _ _ _ _ _ _ _ _ _ _ _ _ _ _ _ _ _ _ _ _ _ _ _ _ _ _ _ _ _ _ _ 
/tmp/eim-phase3-env/lib/python3.12/site-packages/gltest/direct/loader.py:57: in load_contract_class
    module = _load_module(contract_path)
             ^^^^^^^^^^^^^^^^^^^^^^^^^^^
_ _ _ _ _ _ _ _ _ _ _ _ _ _ _ _ _ _ _ _ _ _ _ _ _ _ _ _ _ _ _ _ _ _ _ _ _ _ _ _ 

contract_path = PosixPath('/workspace/scratch/6ad74b9a2f71/evidence-independence-matrix/contracts/evidence_independence_matrix.py')

    def _load_module(contract_path: Path) -> Any:
        """Load a Python module from file path."""
        module_name = f"_contract_{contract_path.stem}"
    
        if module_name in sys.modules:
            del sys.modules[module_name]
    
        spec = importlib.util.spec_from_file_location(module_name, contract_path)
        if spec is None or spec.loader is None:
            raise ImportError(f"Cannot load module from {contract_path}")
    
        module = importlib.util.module_from_spec(spec)
        sys.modules[module_name] = module
    
        try:
            spec.loader.exec_module(module)
        except Exception as e:
            if module_name in sys.modules:
                del sys.modules[module_name]
>           raise ImportError(f"Failed to load contract: {e}") from e
E           ImportError: Failed to load contract: closing parenthesis '}' does not match opening parenthesis '[' (evidence_independence_matrix.py, line 551)

/tmp/eim-phase3-env/lib/python3.12/site-packages/gltest/direct/loader.py:315: ImportError
_____________ ERROR at setup of test_strict_model_parser_rejects[] _____________

contract_path = PosixPath('/workspace/scratch/6ad74b9a2f71/evidence-independence-matrix/contracts/evidence_independence_matrix.py')

    def _load_module(contract_path: Path) -> Any:
        """Load a Python module from file path."""
        module_name = f"_contract_{contract_path.stem}"
    
        if module_name in sys.modules:
            del sys.modules[module_name]
    
        spec = importlib.util.spec_from_file_location(module_name, contract_path)
        if spec is None or spec.loader is None:
            raise ImportError(f"Cannot load module from {contract_path}")
    
        module = importlib.util.module_from_spec(spec)
        sys.modules[module_name] = module
    
        try:
>           spec.loader.exec_module(module)
E             File "/workspace/scratch/6ad74b9a2f71/evidence-independence-matrix/contracts/evidence_independence_matrix.py", line 551
E               "relations": [p["relation"] for p in candidate["pairs"]}),
E                                                                      ^
E           SyntaxError: closing parenthesis '}' does not match opening parenthesis '['

/tmp/eim-phase3-env/lib/python3.12/site-packages/gltest/direct/loader.py:311: SyntaxError

The above exception was the direct cause of the following exception:

    @pytest.fixture(scope="session")
    def eim():
        archive = download_artifacts("v0.2.16")
        with archive.open("rb") as stream:
            assert hashlib.file_digest(stream, "sha256").hexdigest() == ARTIFACT_SHA256
        vm = VMContext()
        vm._sender = bytes.fromhex("ab" * 20)
        vm._contract_address = bytes.fromhex("cd" * 20)
        vm._chain_id = 61999
>       cls = load_contract_class(ROOT / "contracts/evidence_independence_matrix.py", vm, sdk_version="v0.2.16")
              ^^^^^^^^^^^^^^^^^^^^^^^^^^^^^^^^^^^^^^^^^^^^^^^^^^^^^^^^^^^^^^^^^^^^^^^^^^^^^^^^^^^^^^^^^^^^^^^^^^

tests/conftest.py:21: 
_ _ _ _ _ _ _ _ _ _ _ _ _ _ _ _ _ _ _ _ _ _ _ _ _ _ _ _ _ _ _ _ _ _ _ _ _ _ _ _ 
/tmp/eim-phase3-env/lib/python3.12/site-packages/gltest/direct/loader.py:57: in load_contract_class
    module = _load_module(contract_path)
             ^^^^^^^^^^^^^^^^^^^^^^^^^^^
_ _ _ _ _ _ _ _ _ _ _ _ _ _ _ _ _ _ _ _ _ _ _ _ _ _ _ _ _ _ _ _ _ _ _ _ _ _ _ _ 

contract_path = PosixPath('/workspace/scratch/6ad74b9a2f71/evidence-independence-matrix/contracts/evidence_independence_matrix.py')

    def _load_module(contract_path: Path) -> Any:
        """Load a Python module from file path."""
        module_name = f"_contract_{contract_path.stem}"
    
        if module_name in sys.modules:
            del sys.modules[module_name]
    
        spec = importlib.util.spec_from_file_location(module_name, contract_path)
        if spec is None or spec.loader is None:
            raise ImportError(f"Cannot load module from {contract_path}")
    
        module = importlib.util.module_from_spec(spec)
        sys.modules[module_name] = module
    
        try:
            spec.loader.exec_module(module)
        except Exception as e:
            if module_name in sys.modules:
                del sys.modules[module_name]
>           raise ImportError(f"Failed to load contract: {e}") from e
E           ImportError: Failed to load contract: closing parenthesis '}' does not match opening parenthesis '[' (evidence_independence_matrix.py, line 551)

/tmp/eim-phase3-env/lib/python3.12/site-packages/gltest/direct/loader.py:315: ImportError
_____ ERROR at setup of test_strict_model_parser_rejects[```json\n{}\n```] _____

contract_path = PosixPath('/workspace/scratch/6ad74b9a2f71/evidence-independence-matrix/contracts/evidence_independence_matrix.py')

    def _load_module(contract_path: Path) -> Any:
        """Load a Python module from file path."""
        module_name = f"_contract_{contract_path.stem}"
    
        if module_name in sys.modules:
            del sys.modules[module_name]
    
        spec = importlib.util.spec_from_file_location(module_name, contract_path)
        if spec is None or spec.loader is None:
            raise ImportError(f"Cannot load module from {contract_path}")
    
        module = importlib.util.module_from_spec(spec)
        sys.modules[module_name] = module
    
        try:
>           spec.loader.exec_module(module)
E             File "/workspace/scratch/6ad74b9a2f71/evidence-independence-matrix/contracts/evidence_independence_matrix.py", line 551
E               "relations": [p["relation"] for p in candidate["pairs"]}),
E                                                                      ^
E           SyntaxError: closing parenthesis '}' does not match opening parenthesis '['

/tmp/eim-phase3-env/lib/python3.12/site-packages/gltest/direct/loader.py:311: SyntaxError

The above exception was the direct cause of the following exception:

    @pytest.fixture(scope="session")
    def eim():
        archive = download_artifacts("v0.2.16")
        with archive.open("rb") as stream:
            assert hashlib.file_digest(stream, "sha256").hexdigest() == ARTIFACT_SHA256
        vm = VMContext()
        vm._sender = bytes.fromhex("ab" * 20)
        vm._contract_address = bytes.fromhex("cd" * 20)
        vm._chain_id = 61999
>       cls = load_contract_class(ROOT / "contracts/evidence_independence_matrix.py", vm, sdk_version="v0.2.16")
              ^^^^^^^^^^^^^^^^^^^^^^^^^^^^^^^^^^^^^^^^^^^^^^^^^^^^^^^^^^^^^^^^^^^^^^^^^^^^^^^^^^^^^^^^^^^^^^^^^^

tests/conftest.py:21: 
_ _ _ _ _ _ _ _ _ _ _ _ _ _ _ _ _ _ _ _ _ _ _ _ _ _ _ _ _ _ _ _ _ _ _ _ _ _ _ _ 
/tmp/eim-phase3-env/lib/python3.12/site-packages/gltest/direct/loader.py:57: in load_contract_class
    module = _load_module(contract_path)
             ^^^^^^^^^^^^^^^^^^^^^^^^^^^
_ _ _ _ _ _ _ _ _ _ _ _ _ _ _ _ _ _ _ _ _ _ _ _ _ _ _ _ _ _ _ _ _ _ _ _ _ _ _ _ 

contract_path = PosixPath('/workspace/scratch/6ad74b9a2f71/evidence-independence-matrix/contracts/evidence_independence_matrix.py')

    def _load_module(contract_path: Path) -> Any:
        """Load a Python module from file path."""
        module_name = f"_contract_{contract_path.stem}"
    
        if module_name in sys.modules:
            del sys.modules[module_name]
    
        spec = importlib.util.spec_from_file_location(module_name, contract_path)
        if spec is None or spec.loader is None:
            raise ImportError(f"Cannot load module from {contract_path}")
    
        module = importlib.util.module_from_spec(spec)
        sys.modules[module_name] = module
    
        try:
            spec.loader.exec_module(module)
        except Exception as e:
            if module_name in sys.modules:
                del sys.modules[module_name]
>           raise ImportError(f"Failed to load contract: {e}") from e
E           ImportError: Failed to load contract: closing parenthesis '}' does not match opening parenthesis '[' (evidence_independence_matrix.py, line 551)

/tmp/eim-phase3-env/lib/python3.12/site-packages/gltest/direct/loader.py:315: ImportError
______ ERROR at setup of test_strict_model_parser_rejects[explanation {}] ______

contract_path = PosixPath('/workspace/scratch/6ad74b9a2f71/evidence-independence-matrix/contracts/evidence_independence_matrix.py')

    def _load_module(contract_path: Path) -> Any:
        """Load a Python module from file path."""
        module_name = f"_contract_{contract_path.stem}"
    
        if module_name in sys.modules:
            del sys.modules[module_name]
    
        spec = importlib.util.spec_from_file_location(module_name, contract_path)
        if spec is None or spec.loader is None:
            raise ImportError(f"Cannot load module from {contract_path}")
    
        module = importlib.util.module_from_spec(spec)
        sys.modules[module_name] = module
    
        try:
>           spec.loader.exec_module(module)
E             File "/workspace/scratch/6ad74b9a2f71/evidence-independence-matrix/contracts/evidence_independence_matrix.py", line 551
E               "relations": [p["relation"] for p in candidate["pairs"]}),
E                                                                      ^
E           SyntaxError: closing parenthesis '}' does not match opening parenthesis '['

/tmp/eim-phase3-env/lib/python3.12/site-packages/gltest/direct/loader.py:311: SyntaxError

The above exception was the direct cause of the following exception:

    @pytest.fixture(scope="session")
    def eim():
        archive = download_artifacts("v0.2.16")
        with archive.open("rb") as stream:
            assert hashlib.file_digest(stream, "sha256").hexdigest() == ARTIFACT_SHA256
        vm = VMContext()
        vm._sender = bytes.fromhex("ab" * 20)
        vm._contract_address = bytes.fromhex("cd" * 20)
        vm._chain_id = 61999
>       cls = load_contract_class(ROOT / "contracts/evidence_independence_matrix.py", vm, sdk_version="v0.2.16")
              ^^^^^^^^^^^^^^^^^^^^^^^^^^^^^^^^^^^^^^^^^^^^^^^^^^^^^^^^^^^^^^^^^^^^^^^^^^^^^^^^^^^^^^^^^^^^^^^^^^

tests/conftest.py:21: 
_ _ _ _ _ _ _ _ _ _ _ _ _ _ _ _ _ _ _ _ _ _ _ _ _ _ _ _ _ _ _ _ _ _ _ _ _ _ _ _ 
/tmp/eim-phase3-env/lib/python3.12/site-packages/gltest/direct/loader.py:57: in load_contract_class
    module = _load_module(contract_path)
             ^^^^^^^^^^^^^^^^^^^^^^^^^^^
_ _ _ _ _ _ _ _ _ _ _ _ _ _ _ _ _ _ _ _ _ _ _ _ _ _ _ _ _ _ _ _ _ _ _ _ _ _ _ _ 

contract_path = PosixPath('/workspace/scratch/6ad74b9a2f71/evidence-independence-matrix/contracts/evidence_independence_matrix.py')

    def _load_module(contract_path: Path) -> Any:
        """Load a Python module from file path."""
        module_name = f"_contract_{contract_path.stem}"
    
        if module_name in sys.modules:
            del sys.modules[module_name]
    
        spec = importlib.util.spec_from_file_location(module_name, contract_path)
        if spec is None or spec.loader is None:
            raise ImportError(f"Cannot load module from {contract_path}")
    
        module = importlib.util.module_from_spec(spec)
        sys.modules[module_name] = module
    
        try:
            spec.loader.exec_module(module)
        except Exception as e:
            if module_name in sys.modules:
                del sys.modules[module_name]
>           raise ImportError(f"Failed to load contract: {e}") from e
E           ImportError: Failed to load contract: closing parenthesis '}' does not match opening parenthesis '[' (evidence_independence_matrix.py, line 551)

/tmp/eim-phase3-env/lib/python3.12/site-packages/gltest/direct/loader.py:315: ImportError
_______ ERROR at setup of test_strict_model_parser_rejects[{} trailing] ________

contract_path = PosixPath('/workspace/scratch/6ad74b9a2f71/evidence-independence-matrix/contracts/evidence_independence_matrix.py')

    def _load_module(contract_path: Path) -> Any:
        """Load a Python module from file path."""
        module_name = f"_contract_{contract_path.stem}"
    
        if module_name in sys.modules:
            del sys.modules[module_name]
    
        spec = importlib.util.spec_from_file_location(module_name, contract_path)
        if spec is None or spec.loader is None:
            raise ImportError(f"Cannot load module from {contract_path}")
    
        module = importlib.util.module_from_spec(spec)
        sys.modules[module_name] = module
    
        try:
>           spec.loader.exec_module(module)
E             File "/workspace/scratch/6ad74b9a2f71/evidence-independence-matrix/contracts/evidence_independence_matrix.py", line 551
E               "relations": [p["relation"] for p in candidate["pairs"]}),
E                                                                      ^
E           SyntaxError: closing parenthesis '}' does not match opening parenthesis '['

/tmp/eim-phase3-env/lib/python3.12/site-packages/gltest/direct/loader.py:311: SyntaxError

The above exception was the direct cause of the following exception:

    @pytest.fixture(scope="session")
    def eim():
        archive = download_artifacts("v0.2.16")
        with archive.open("rb") as stream:
            assert hashlib.file_digest(stream, "sha256").hexdigest() == ARTIFACT_SHA256
        vm = VMContext()
        vm._sender = bytes.fromhex("ab" * 20)
        vm._contract_address = bytes.fromhex("cd" * 20)
        vm._chain_id = 61999
>       cls = load_contract_class(ROOT / "contracts/evidence_independence_matrix.py", vm, sdk_version="v0.2.16")
              ^^^^^^^^^^^^^^^^^^^^^^^^^^^^^^^^^^^^^^^^^^^^^^^^^^^^^^^^^^^^^^^^^^^^^^^^^^^^^^^^^^^^^^^^^^^^^^^^^^

tests/conftest.py:21: 
_ _ _ _ _ _ _ _ _ _ _ _ _ _ _ _ _ _ _ _ _ _ _ _ _ _ _ _ _ _ _ _ _ _ _ _ _ _ _ _ 
/tmp/eim-phase3-env/lib/python3.12/site-packages/gltest/direct/loader.py:57: in load_contract_class
    module = _load_module(contract_path)
             ^^^^^^^^^^^^^^^^^^^^^^^^^^^
_ _ _ _ _ _ _ _ _ _ _ _ _ _ _ _ _ _ _ _ _ _ _ _ _ _ _ _ _ _ _ _ _ _ _ _ _ _ _ _ 

contract_path = PosixPath('/workspace/scratch/6ad74b9a2f71/evidence-independence-matrix/contracts/evidence_independence_matrix.py')

    def _load_module(contract_path: Path) -> Any:
        """Load a Python module from file path."""
        module_name = f"_contract_{contract_path.stem}"
    
        if module_name in sys.modules:
            del sys.modules[module_name]
    
        spec = importlib.util.spec_from_file_location(module_name, contract_path)
        if spec is None or spec.loader is None:
            raise ImportError(f"Cannot load module from {contract_path}")
    
        module = importlib.util.module_from_spec(spec)
        sys.modules[module_name] = module
    
        try:
            spec.loader.exec_module(module)
        except Exception as e:
            if module_name in sys.modules:
                del sys.modules[module_name]
>           raise ImportError(f"Failed to load contract: {e}") from e
E           ImportError: Failed to load contract: closing parenthesis '}' does not match opening parenthesis '[' (evidence_independence_matrix.py, line 551)

/tmp/eim-phase3-env/lib/python3.12/site-packages/gltest/direct/loader.py:315: ImportError
____________ ERROR at setup of test_strict_model_parser_rejects[[]] ____________

contract_path = PosixPath('/workspace/scratch/6ad74b9a2f71/evidence-independence-matrix/contracts/evidence_independence_matrix.py')

    def _load_module(contract_path: Path) -> Any:
        """Load a Python module from file path."""
        module_name = f"_contract_{contract_path.stem}"
    
        if module_name in sys.modules:
            del sys.modules[module_name]
    
        spec = importlib.util.spec_from_file_location(module_name, contract_path)
        if spec is None or spec.loader is None:
            raise ImportError(f"Cannot load module from {contract_path}")
    
        module = importlib.util.module_from_spec(spec)
        sys.modules[module_name] = module
    
        try:
>           spec.loader.exec_module(module)
E             File "/workspace/scratch/6ad74b9a2f71/evidence-independence-matrix/contracts/evidence_independence_matrix.py", line 551
E               "relations": [p["relation"] for p in candidate["pairs"]}),
E                                                                      ^
E           SyntaxError: closing parenthesis '}' does not match opening parenthesis '['

/tmp/eim-phase3-env/lib/python3.12/site-packages/gltest/direct/loader.py:311: SyntaxError

The above exception was the direct cause of the following exception:

    @pytest.fixture(scope="session")
    def eim():
        archive = download_artifacts("v0.2.16")
        with archive.open("rb") as stream:
            assert hashlib.file_digest(stream, "sha256").hexdigest() == ARTIFACT_SHA256
        vm = VMContext()
        vm._sender = bytes.fromhex("ab" * 20)
        vm._contract_address = bytes.fromhex("cd" * 20)
        vm._chain_id = 61999
>       cls = load_contract_class(ROOT / "contracts/evidence_independence_matrix.py", vm, sdk_version="v0.2.16")
              ^^^^^^^^^^^^^^^^^^^^^^^^^^^^^^^^^^^^^^^^^^^^^^^^^^^^^^^^^^^^^^^^^^^^^^^^^^^^^^^^^^^^^^^^^^^^^^^^^^

tests/conftest.py:21: 
_ _ _ _ _ _ _ _ _ _ _ _ _ _ _ _ _ _ _ _ _ _ _ _ _ _ _ _ _ _ _ _ _ _ _ _ _ _ _ _ 
/tmp/eim-phase3-env/lib/python3.12/site-packages/gltest/direct/loader.py:57: in load_contract_class
    module = _load_module(contract_path)
             ^^^^^^^^^^^^^^^^^^^^^^^^^^^
_ _ _ _ _ _ _ _ _ _ _ _ _ _ _ _ _ _ _ _ _ _ _ _ _ _ _ _ _ _ _ _ _ _ _ _ _ _ _ _ 

contract_path = PosixPath('/workspace/scratch/6ad74b9a2f71/evidence-independence-matrix/contracts/evidence_independence_matrix.py')

    def _load_module(contract_path: Path) -> Any:
        """Load a Python module from file path."""
        module_name = f"_contract_{contract_path.stem}"
    
        if module_name in sys.modules:
            del sys.modules[module_name]
    
        spec = importlib.util.spec_from_file_location(module_name, contract_path)
        if spec is None or spec.loader is None:
            raise ImportError(f"Cannot load module from {contract_path}")
    
        module = importlib.util.module_from_spec(spec)
        sys.modules[module_name] = module
    
        try:
            spec.loader.exec_module(module)
        except Exception as e:
            if module_name in sys.modules:
                del sys.modules[module_name]
>           raise ImportError(f"Failed to load contract: {e}") from e
E           ImportError: Failed to load contract: closing parenthesis '}' does not match opening parenthesis '[' (evidence_independence_matrix.py, line 551)

/tmp/eim-phase3-env/lib/python3.12/site-packages/gltest/direct/loader.py:315: ImportError
___________ ERROR at setup of test_strict_model_parser_rejects[null] ___________

contract_path = PosixPath('/workspace/scratch/6ad74b9a2f71/evidence-independence-matrix/contracts/evidence_independence_matrix.py')

    def _load_module(contract_path: Path) -> Any:
        """Load a Python module from file path."""
        module_name = f"_contract_{contract_path.stem}"
    
        if module_name in sys.modules:
            del sys.modules[module_name]
    
        spec = importlib.util.spec_from_file_location(module_name, contract_path)
        if spec is None or spec.loader is None:
            raise ImportError(f"Cannot load module from {contract_path}")
    
        module = importlib.util.module_from_spec(spec)
        sys.modules[module_name] = module
    
        try:
>           spec.loader.exec_module(module)
E             File "/workspace/scratch/6ad74b9a2f71/evidence-independence-matrix/contracts/evidence_independence_matrix.py", line 551
E               "relations": [p["relation"] for p in candidate["pairs"]}),
E                                                                      ^
E           SyntaxError: closing parenthesis '}' does not match opening parenthesis '['

/tmp/eim-phase3-env/lib/python3.12/site-packages/gltest/direct/loader.py:311: SyntaxError

The above exception was the direct cause of the following exception:

    @pytest.fixture(scope="session")
    def eim():
        archive = download_artifacts("v0.2.16")
        with archive.open("rb") as stream:
            assert hashlib.file_digest(stream, "sha256").hexdigest() == ARTIFACT_SHA256
        vm = VMContext()
        vm._sender = bytes.fromhex("ab" * 20)
        vm._contract_address = bytes.fromhex("cd" * 20)
        vm._chain_id = 61999
>       cls = load_contract_class(ROOT / "contracts/evidence_independence_matrix.py", vm, sdk_version="v0.2.16")
              ^^^^^^^^^^^^^^^^^^^^^^^^^^^^^^^^^^^^^^^^^^^^^^^^^^^^^^^^^^^^^^^^^^^^^^^^^^^^^^^^^^^^^^^^^^^^^^^^^^

tests/conftest.py:21: 
_ _ _ _ _ _ _ _ _ _ _ _ _ _ _ _ _ _ _ _ _ _ _ _ _ _ _ _ _ _ _ _ _ _ _ _ _ _ _ _ 
/tmp/eim-phase3-env/lib/python3.12/site-packages/gltest/direct/loader.py:57: in load_contract_class
    module = _load_module(contract_path)
             ^^^^^^^^^^^^^^^^^^^^^^^^^^^
_ _ _ _ _ _ _ _ _ _ _ _ _ _ _ _ _ _ _ _ _ _ _ _ _ _ _ _ _ _ _ _ _ _ _ _ _ _ _ _ 

contract_path = PosixPath('/workspace/scratch/6ad74b9a2f71/evidence-independence-matrix/contracts/evidence_independence_matrix.py')

    def _load_module(contract_path: Path) -> Any:
        """Load a Python module from file path."""
        module_name = f"_contract_{contract_path.stem}"
    
        if module_name in sys.modules:
            del sys.modules[module_name]
    
        spec = importlib.util.spec_from_file_location(module_name, contract_path)
        if spec is None or spec.loader is None:
            raise ImportError(f"Cannot load module from {contract_path}")
    
        module = importlib.util.module_from_spec(spec)
        sys.modules[module_name] = module
    
        try:
            spec.loader.exec_module(module)
        except Exception as e:
            if module_name in sys.modules:
                del sys.modules[module_name]
>           raise ImportError(f"Failed to load contract: {e}") from e
E           ImportError: Failed to load contract: closing parenthesis '}' does not match opening parenthesis '[' (evidence_independence_matrix.py, line 551)

/tmp/eim-phase3-env/lib/python3.12/site-packages/gltest/direct/loader.py:315: ImportError
_ ERROR at setup of test_strict_model_parser_rejects[{"relevance":[],"relevance":[],"relations":[]}] _

contract_path = PosixPath('/workspace/scratch/6ad74b9a2f71/evidence-independence-matrix/contracts/evidence_independence_matrix.py')

    def _load_module(contract_path: Path) -> Any:
        """Load a Python module from file path."""
        module_name = f"_contract_{contract_path.stem}"
    
        if module_name in sys.modules:
            del sys.modules[module_name]
    
        spec = importlib.util.spec_from_file_location(module_name, contract_path)
        if spec is None or spec.loader is None:
            raise ImportError(f"Cannot load module from {contract_path}")
    
        module = importlib.util.module_from_spec(spec)
        sys.modules[module_name] = module
    
        try:
>           spec.loader.exec_module(module)
E             File "/workspace/scratch/6ad74b9a2f71/evidence-independence-matrix/contracts/evidence_independence_matrix.py", line 551
E               "relations": [p["relation"] for p in candidate["pairs"]}),
E                                                                      ^
E           SyntaxError: closing parenthesis '}' does not match opening parenthesis '['

/tmp/eim-phase3-env/lib/python3.12/site-packages/gltest/direct/loader.py:311: SyntaxError

The above exception was the direct cause of the following exception:

    @pytest.fixture(scope="session")
    def eim():
        archive = download_artifacts("v0.2.16")
        with archive.open("rb") as stream:
            assert hashlib.file_digest(stream, "sha256").hexdigest() == ARTIFACT_SHA256
        vm = VMContext()
        vm._sender = bytes.fromhex("ab" * 20)
        vm._contract_address = bytes.fromhex("cd" * 20)
        vm._chain_id = 61999
>       cls = load_contract_class(ROOT / "contracts/evidence_independence_matrix.py", vm, sdk_version="v0.2.16")
              ^^^^^^^^^^^^^^^^^^^^^^^^^^^^^^^^^^^^^^^^^^^^^^^^^^^^^^^^^^^^^^^^^^^^^^^^^^^^^^^^^^^^^^^^^^^^^^^^^^

tests/conftest.py:21: 
_ _ _ _ _ _ _ _ _ _ _ _ _ _ _ _ _ _ _ _ _ _ _ _ _ _ _ _ _ _ _ _ _ _ _ _ _ _ _ _ 
/tmp/eim-phase3-env/lib/python3.12/site-packages/gltest/direct/loader.py:57: in load_contract_class
    module = _load_module(contract_path)
             ^^^^^^^^^^^^^^^^^^^^^^^^^^^
_ _ _ _ _ _ _ _ _ _ _ _ _ _ _ _ _ _ _ _ _ _ _ _ _ _ _ _ _ _ _ _ _ _ _ _ _ _ _ _ 

contract_path = PosixPath('/workspace/scratch/6ad74b9a2f71/evidence-independence-matrix/contracts/evidence_independence_matrix.py')

    def _load_module(contract_path: Path) -> Any:
        """Load a Python module from file path."""
        module_name = f"_contract_{contract_path.stem}"
    
        if module_name in sys.modules:
            del sys.modules[module_name]
    
        spec = importlib.util.spec_from_file_location(module_name, contract_path)
        if spec is None or spec.loader is None:
            raise ImportError(f"Cannot load module from {contract_path}")
    
        module = importlib.util.module_from_spec(spec)
        sys.modules[module_name] = module
    
        try:
            spec.loader.exec_module(module)
        except Exception as e:
            if module_name in sys.modules:
                del sys.modules[module_name]
>           raise ImportError(f"Failed to load contract: {e}") from e
E           ImportError: Failed to load contract: closing parenthesis '}' does not match opening parenthesis '[' (evidence_independence_matrix.py, line 551)

/tmp/eim-phase3-env/lib/python3.12/site-packages/gltest/direct/loader.py:315: ImportError
_ ERROR at setup of test_strict_model_parser_rejects[{"relevance":[],"relations":[],"x":1}] _

contract_path = PosixPath('/workspace/scratch/6ad74b9a2f71/evidence-independence-matrix/contracts/evidence_independence_matrix.py')

    def _load_module(contract_path: Path) -> Any:
        """Load a Python module from file path."""
        module_name = f"_contract_{contract_path.stem}"
    
        if module_name in sys.modules:
            del sys.modules[module_name]
    
        spec = importlib.util.spec_from_file_location(module_name, contract_path)
        if spec is None or spec.loader is None:
            raise ImportError(f"Cannot load module from {contract_path}")
    
        module = importlib.util.module_from_spec(spec)
        sys.modules[module_name] = module
    
        try:
>           spec.loader.exec_module(module)
E             File "/workspace/scratch/6ad74b9a2f71/evidence-independence-matrix/contracts/evidence_independence_matrix.py", line 551
E               "relations": [p["relation"] for p in candidate["pairs"]}),
E                                                                      ^
E           SyntaxError: closing parenthesis '}' does not match opening parenthesis '['

/tmp/eim-phase3-env/lib/python3.12/site-packages/gltest/direct/loader.py:311: SyntaxError

The above exception was the direct cause of the following exception:

    @pytest.fixture(scope="session")
    def eim():
        archive = download_artifacts("v0.2.16")
        with archive.open("rb") as stream:
            assert hashlib.file_digest(stream, "sha256").hexdigest() == ARTIFACT_SHA256
        vm = VMContext()
        vm._sender = bytes.fromhex("ab" * 20)
        vm._contract_address = bytes.fromhex("cd" * 20)
        vm._chain_id = 61999
>       cls = load_contract_class(ROOT / "contracts/evidence_independence_matrix.py", vm, sdk_version="v0.2.16")
              ^^^^^^^^^^^^^^^^^^^^^^^^^^^^^^^^^^^^^^^^^^^^^^^^^^^^^^^^^^^^^^^^^^^^^^^^^^^^^^^^^^^^^^^^^^^^^^^^^^

tests/conftest.py:21: 
_ _ _ _ _ _ _ _ _ _ _ _ _ _ _ _ _ _ _ _ _ _ _ _ _ _ _ _ _ _ _ _ _ _ _ _ _ _ _ _ 
/tmp/eim-phase3-env/lib/python3.12/site-packages/gltest/direct/loader.py:57: in load_contract_class
    module = _load_module(contract_path)
             ^^^^^^^^^^^^^^^^^^^^^^^^^^^
_ _ _ _ _ _ _ _ _ _ _ _ _ _ _ _ _ _ _ _ _ _ _ _ _ _ _ _ _ _ _ _ _ _ _ _ _ _ _ _ 

contract_path = PosixPath('/workspace/scratch/6ad74b9a2f71/evidence-independence-matrix/contracts/evidence_independence_matrix.py')

    def _load_module(contract_path: Path) -> Any:
        """Load a Python module from file path."""
        module_name = f"_contract_{contract_path.stem}"
    
        if module_name in sys.modules:
            del sys.modules[module_name]
    
        spec = importlib.util.spec_from_file_location(module_name, contract_path)
        if spec is None or spec.loader is None:
            raise ImportError(f"Cannot load module from {contract_path}")
    
        module = importlib.util.module_from_spec(spec)
        sys.modules[module_name] = module
    
        try:
            spec.loader.exec_module(module)
        except Exception as e:
            if module_name in sys.modules:
                del sys.modules[module_name]
>           raise ImportError(f"Failed to load contract: {e}") from e
E           ImportError: Failed to load contract: closing parenthesis '}' does not match opening parenthesis '[' (evidence_independence_matrix.py, line 551)

/tmp/eim-phase3-env/lib/python3.12/site-packages/gltest/direct/loader.py:315: ImportError
_____ ERROR at setup of test_strict_model_parser_rejects[{"relevance":[]}] _____

contract_path = PosixPath('/workspace/scratch/6ad74b9a2f71/evidence-independence-matrix/contracts/evidence_independence_matrix.py')

    def _load_module(contract_path: Path) -> Any:
        """Load a Python module from file path."""
        module_name = f"_contract_{contract_path.stem}"
    
        if module_name in sys.modules:
            del sys.modules[module_name]
    
        spec = importlib.util.spec_from_file_location(module_name, contract_path)
        if spec is None or spec.loader is None:
            raise ImportError(f"Cannot load module from {contract_path}")
    
        module = importlib.util.module_from_spec(spec)
        sys.modules[module_name] = module
    
        try:
>           spec.loader.exec_module(module)
E             File "/workspace/scratch/6ad74b9a2f71/evidence-independence-matrix/contracts/evidence_independence_matrix.py", line 551
E               "relations": [p["relation"] for p in candidate["pairs"]}),
E                                                                      ^
E           SyntaxError: closing parenthesis '}' does not match opening parenthesis '['

/tmp/eim-phase3-env/lib/python3.12/site-packages/gltest/direct/loader.py:311: SyntaxError

The above exception was the direct cause of the following exception:

    @pytest.fixture(scope="session")
    def eim():
        archive = download_artifacts("v0.2.16")
        with archive.open("rb") as stream:
            assert hashlib.file_digest(stream, "sha256").hexdigest() == ARTIFACT_SHA256
        vm = VMContext()
        vm._sender = bytes.fromhex("ab" * 20)
        vm._contract_address = bytes.fromhex("cd" * 20)
        vm._chain_id = 61999
>       cls = load_contract_class(ROOT / "contracts/evidence_independence_matrix.py", vm, sdk_version="v0.2.16")
              ^^^^^^^^^^^^^^^^^^^^^^^^^^^^^^^^^^^^^^^^^^^^^^^^^^^^^^^^^^^^^^^^^^^^^^^^^^^^^^^^^^^^^^^^^^^^^^^^^^

tests/conftest.py:21: 
_ _ _ _ _ _ _ _ _ _ _ _ _ _ _ _ _ _ _ _ _ _ _ _ _ _ _ _ _ _ _ _ _ _ _ _ _ _ _ _ 
/tmp/eim-phase3-env/lib/python3.12/site-packages/gltest/direct/loader.py:57: in load_contract_class
    module = _load_module(contract_path)
             ^^^^^^^^^^^^^^^^^^^^^^^^^^^
_ _ _ _ _ _ _ _ _ _ _ _ _ _ _ _ _ _ _ _ _ _ _ _ _ _ _ _ _ _ _ _ _ _ _ _ _ _ _ _ 

contract_path = PosixPath('/workspace/scratch/6ad74b9a2f71/evidence-independence-matrix/contracts/evidence_independence_matrix.py')

    def _load_module(contract_path: Path) -> Any:
        """Load a Python module from file path."""
        module_name = f"_contract_{contract_path.stem}"
    
        if module_name in sys.modules:
            del sys.modules[module_name]
    
        spec = importlib.util.spec_from_file_location(module_name, contract_path)
        if spec is None or spec.loader is None:
            raise ImportError(f"Cannot load module from {contract_path}")
    
        module = importlib.util.module_from_spec(spec)
        sys.modules[module_name] = module
    
        try:
            spec.loader.exec_module(module)
        except Exception as e:
            if module_name in sys.modules:
                del sys.modules[module_name]
>           raise ImportError(f"Failed to load contract: {e}") from e
E           ImportError: Failed to load contract: closing parenthesis '}' does not match opening parenthesis '[' (evidence_independence_matrix.py, line 551)

/tmp/eim-phase3-env/lib/python3.12/site-packages/gltest/direct/loader.py:315: ImportError
_ ERROR at setup of test_strict_model_parser_rejects[{"relevance":[NaN],"relations":[]}] _

contract_path = PosixPath('/workspace/scratch/6ad74b9a2f71/evidence-independence-matrix/contracts/evidence_independence_matrix.py')

    def _load_module(contract_path: Path) -> Any:
        """Load a Python module from file path."""
        module_name = f"_contract_{contract_path.stem}"
    
        if module_name in sys.modules:
            del sys.modules[module_name]
    
        spec = importlib.util.spec_from_file_location(module_name, contract_path)
        if spec is None or spec.loader is None:
            raise ImportError(f"Cannot load module from {contract_path}")
    
        module = importlib.util.module_from_spec(spec)
        sys.modules[module_name] = module
    
        try:
>           spec.loader.exec_module(module)
E             File "/workspace/scratch/6ad74b9a2f71/evidence-independence-matrix/contracts/evidence_independence_matrix.py", line 551
E               "relations": [p["relation"] for p in candidate["pairs"]}),
E                                                                      ^
E           SyntaxError: closing parenthesis '}' does not match opening parenthesis '['

/tmp/eim-phase3-env/lib/python3.12/site-packages/gltest/direct/loader.py:311: SyntaxError

The above exception was the direct cause of the following exception:

    @pytest.fixture(scope="session")
    def eim():
        archive = download_artifacts("v0.2.16")
        with archive.open("rb") as stream:
            assert hashlib.file_digest(stream, "sha256").hexdigest() == ARTIFACT_SHA256
        vm = VMContext()
        vm._sender = bytes.fromhex("ab" * 20)
        vm._contract_address = bytes.fromhex("cd" * 20)
        vm._chain_id = 61999
>       cls = load_contract_class(ROOT / "contracts/evidence_independence_matrix.py", vm, sdk_version="v0.2.16")
              ^^^^^^^^^^^^^^^^^^^^^^^^^^^^^^^^^^^^^^^^^^^^^^^^^^^^^^^^^^^^^^^^^^^^^^^^^^^^^^^^^^^^^^^^^^^^^^^^^^

tests/conftest.py:21: 
_ _ _ _ _ _ _ _ _ _ _ _ _ _ _ _ _ _ _ _ _ _ _ _ _ _ _ _ _ _ _ _ _ _ _ _ _ _ _ _ 
/tmp/eim-phase3-env/lib/python3.12/site-packages/gltest/direct/loader.py:57: in load_contract_class
    module = _load_module(contract_path)
             ^^^^^^^^^^^^^^^^^^^^^^^^^^^
_ _ _ _ _ _ _ _ _ _ _ _ _ _ _ _ _ _ _ _ _ _ _ _ _ _ _ _ _ _ _ _ _ _ _ _ _ _ _ _ 

contract_path = PosixPath('/workspace/scratch/6ad74b9a2f71/evidence-independence-matrix/contracts/evidence_independence_matrix.py')

    def _load_module(contract_path: Path) -> Any:
        """Load a Python module from file path."""
        module_name = f"_contract_{contract_path.stem}"
    
        if module_name in sys.modules:
            del sys.modules[module_name]
    
        spec = importlib.util.spec_from_file_location(module_name, contract_path)
        if spec is None or spec.loader is None:
            raise ImportError(f"Cannot load module from {contract_path}")
    
        module = importlib.util.module_from_spec(spec)
        sys.modules[module_name] = module
    
        try:
            spec.loader.exec_module(module)
        except Exception as e:
            if module_name in sys.modules:
                del sys.modules[module_name]
>           raise ImportError(f"Failed to load contract: {e}") from e
E           ImportError: Failed to load contract: closing parenthesis '}' does not match opening parenthesis '[' (evidence_independence_matrix.py, line 551)

/tmp/eim-phase3-env/lib/python3.12/site-packages/gltest/direct/loader.py:315: ImportError
_ ERROR at setup of test_strict_model_parser_rejects[{"relevance":[Infinity],"relations":[]}] _

contract_path = PosixPath('/workspace/scratch/6ad74b9a2f71/evidence-independence-matrix/contracts/evidence_independence_matrix.py')

    def _load_module(contract_path: Path) -> Any:
        """Load a Python module from file path."""
        module_name = f"_contract_{contract_path.stem}"
    
        if module_name in sys.modules:
            del sys.modules[module_name]
    
        spec = importlib.util.spec_from_file_location(module_name, contract_path)
        if spec is None or spec.loader is None:
            raise ImportError(f"Cannot load module from {contract_path}")
    
        module = importlib.util.module_from_spec(spec)
        sys.modules[module_name] = module
    
        try:
>           spec.loader.exec_module(module)
E             File "/workspace/scratch/6ad74b9a2f71/evidence-independence-matrix/contracts/evidence_independence_matrix.py", line 551
E               "relations": [p["relation"] for p in candidate["pairs"]}),
E                                                                      ^
E           SyntaxError: closing parenthesis '}' does not match opening parenthesis '['

/tmp/eim-phase3-env/lib/python3.12/site-packages/gltest/direct/loader.py:311: SyntaxError

The above exception was the direct cause of the following exception:

    @pytest.fixture(scope="session")
    def eim():
        archive = download_artifacts("v0.2.16")
        with archive.open("rb") as stream:
            assert hashlib.file_digest(stream, "sha256").hexdigest() == ARTIFACT_SHA256
        vm = VMContext()
        vm._sender = bytes.fromhex("ab" * 20)
        vm._contract_address = bytes.fromhex("cd" * 20)
        vm._chain_id = 61999
>       cls = load_contract_class(ROOT / "contracts/evidence_independence_matrix.py", vm, sdk_version="v0.2.16")
              ^^^^^^^^^^^^^^^^^^^^^^^^^^^^^^^^^^^^^^^^^^^^^^^^^^^^^^^^^^^^^^^^^^^^^^^^^^^^^^^^^^^^^^^^^^^^^^^^^^

tests/conftest.py:21: 
_ _ _ _ _ _ _ _ _ _ _ _ _ _ _ _ _ _ _ _ _ _ _ _ _ _ _ _ _ _ _ _ _ _ _ _ _ _ _ _ 
/tmp/eim-phase3-env/lib/python3.12/site-packages/gltest/direct/loader.py:57: in load_contract_class
    module = _load_module(contract_path)
             ^^^^^^^^^^^^^^^^^^^^^^^^^^^
_ _ _ _ _ _ _ _ _ _ _ _ _ _ _ _ _ _ _ _ _ _ _ _ _ _ _ _ _ _ _ _ _ _ _ _ _ _ _ _ 

contract_path = PosixPath('/workspace/scratch/6ad74b9a2f71/evidence-independence-matrix/contracts/evidence_independence_matrix.py')

    def _load_module(contract_path: Path) -> Any:
        """Load a Python module from file path."""
        module_name = f"_contract_{contract_path.stem}"
    
        if module_name in sys.modules:
            del sys.modules[module_name]
    
        spec = importlib.util.spec_from_file_location(module_name, contract_path)
        if spec is None or spec.loader is None:
            raise ImportError(f"Cannot load module from {contract_path}")
    
        module = importlib.util.module_from_spec(spec)
        sys.modules[module_name] = module
    
        try:
            spec.loader.exec_module(module)
        except Exception as e:
            if module_name in sys.modules:
                del sys.modules[module_name]
>           raise ImportError(f"Failed to load contract: {e}") from e
E           ImportError: Failed to load contract: closing parenthesis '}' does not match opening parenthesis '[' (evidence_independence_matrix.py, line 551)

/tmp/eim-phase3-env/lib/python3.12/site-packages/gltest/direct/loader.py:315: ImportError
_ ERROR at setup of test_strict_model_parser_rejects[{"relevance":[{"x":1,"x":2}],"relations":[]}] _

contract_path = PosixPath('/workspace/scratch/6ad74b9a2f71/evidence-independence-matrix/contracts/evidence_independence_matrix.py')

    def _load_module(contract_path: Path) -> Any:
        """Load a Python module from file path."""
        module_name = f"_contract_{contract_path.stem}"
    
        if module_name in sys.modules:
            del sys.modules[module_name]
    
        spec = importlib.util.spec_from_file_location(module_name, contract_path)
        if spec is None or spec.loader is None:
            raise ImportError(f"Cannot load module from {contract_path}")
    
        module = importlib.util.module_from_spec(spec)
        sys.modules[module_name] = module
    
        try:
>           spec.loader.exec_module(module)
E             File "/workspace/scratch/6ad74b9a2f71/evidence-independence-matrix/contracts/evidence_independence_matrix.py", line 551
E               "relations": [p["relation"] for p in candidate["pairs"]}),
E                                                                      ^
E           SyntaxError: closing parenthesis '}' does not match opening parenthesis '['

/tmp/eim-phase3-env/lib/python3.12/site-packages/gltest/direct/loader.py:311: SyntaxError

The above exception was the direct cause of the following exception:

    @pytest.fixture(scope="session")
    def eim():
        archive = download_artifacts("v0.2.16")
        with archive.open("rb") as stream:
            assert hashlib.file_digest(stream, "sha256").hexdigest() == ARTIFACT_SHA256
        vm = VMContext()
        vm._sender = bytes.fromhex("ab" * 20)
        vm._contract_address = bytes.fromhex("cd" * 20)
        vm._chain_id = 61999
>       cls = load_contract_class(ROOT / "contracts/evidence_independence_matrix.py", vm, sdk_version="v0.2.16")
              ^^^^^^^^^^^^^^^^^^^^^^^^^^^^^^^^^^^^^^^^^^^^^^^^^^^^^^^^^^^^^^^^^^^^^^^^^^^^^^^^^^^^^^^^^^^^^^^^^^

tests/conftest.py:21: 
_ _ _ _ _ _ _ _ _ _ _ _ _ _ _ _ _ _ _ _ _ _ _ _ _ _ _ _ _ _ _ _ _ _ _ _ _ _ _ _ 
/tmp/eim-phase3-env/lib/python3.12/site-packages/gltest/direct/loader.py:57: in load_contract_class
    module = _load_module(contract_path)
             ^^^^^^^^^^^^^^^^^^^^^^^^^^^
_ _ _ _ _ _ _ _ _ _ _ _ _ _ _ _ _ _ _ _ _ _ _ _ _ _ _ _ _ _ _ _ _ _ _ _ _ _ _ _ 

contract_path = PosixPath('/workspace/scratch/6ad74b9a2f71/evidence-independence-matrix/contracts/evidence_independence_matrix.py')

    def _load_module(contract_path: Path) -> Any:
        """Load a Python module from file path."""
        module_name = f"_contract_{contract_path.stem}"
    
        if module_name in sys.modules:
            del sys.modules[module_name]
    
        spec = importlib.util.spec_from_file_location(module_name, contract_path)
        if spec is None or spec.loader is None:
            raise ImportError(f"Cannot load module from {contract_path}")
    
        module = importlib.util.module_from_spec(spec)
        sys.modules[module_name] = module
    
        try:
            spec.loader.exec_module(module)
        except Exception as e:
            if module_name in sys.modules:
                del sys.modules[module_name]
>           raise ImportError(f"Failed to load contract: {e}") from e
E           ImportError: Failed to load contract: closing parenthesis '}' does not match opening parenthesis '[' (evidence_independence_matrix.py, line 551)

/tmp/eim-phase3-env/lib/python3.12/site-packages/gltest/direct/loader.py:315: ImportError
_ ERROR at setup of test_strict_model_parser_rejects[{"relevance":["RELEVANT","RELEVANT"],"relations":["SELF"]}] _

contract_path = PosixPath('/workspace/scratch/6ad74b9a2f71/evidence-independence-matrix/contracts/evidence_independence_matrix.py')

    def _load_module(contract_path: Path) -> Any:
        """Load a Python module from file path."""
        module_name = f"_contract_{contract_path.stem}"
    
        if module_name in sys.modules:
            del sys.modules[module_name]
    
        spec = importlib.util.spec_from_file_location(module_name, contract_path)
        if spec is None or spec.loader is None:
            raise ImportError(f"Cannot load module from {contract_path}")
    
        module = importlib.util.module_from_spec(spec)
        sys.modules[module_name] = module
    
        try:
>           spec.loader.exec_module(module)
E             File "/workspace/scratch/6ad74b9a2f71/evidence-independence-matrix/contracts/evidence_independence_matrix.py", line 551
E               "relations": [p["relation"] for p in candidate["pairs"]}),
E                                                                      ^
E           SyntaxError: closing parenthesis '}' does not match opening parenthesis '['

/tmp/eim-phase3-env/lib/python3.12/site-packages/gltest/direct/loader.py:311: SyntaxError

The above exception was the direct cause of the following exception:

    @pytest.fixture(scope="session")
    def eim():
        archive = download_artifacts("v0.2.16")
        with archive.open("rb") as stream:
            assert hashlib.file_digest(stream, "sha256").hexdigest() == ARTIFACT_SHA256
        vm = VMContext()
        vm._sender = bytes.fromhex("ab" * 20)
        vm._contract_address = bytes.fromhex("cd" * 20)
        vm._chain_id = 61999
>       cls = load_contract_class(ROOT / "contracts/evidence_independence_matrix.py", vm, sdk_version="v0.2.16")
              ^^^^^^^^^^^^^^^^^^^^^^^^^^^^^^^^^^^^^^^^^^^^^^^^^^^^^^^^^^^^^^^^^^^^^^^^^^^^^^^^^^^^^^^^^^^^^^^^^^

tests/conftest.py:21: 
_ _ _ _ _ _ _ _ _ _ _ _ _ _ _ _ _ _ _ _ _ _ _ _ _ _ _ _ _ _ _ _ _ _ _ _ _ _ _ _ 
/tmp/eim-phase3-env/lib/python3.12/site-packages/gltest/direct/loader.py:57: in load_contract_class
    module = _load_module(contract_path)
             ^^^^^^^^^^^^^^^^^^^^^^^^^^^
_ _ _ _ _ _ _ _ _ _ _ _ _ _ _ _ _ _ _ _ _ _ _ _ _ _ _ _ _ _ _ _ _ _ _ _ _ _ _ _ 

contract_path = PosixPath('/workspace/scratch/6ad74b9a2f71/evidence-independence-matrix/contracts/evidence_independence_matrix.py')

    def _load_module(contract_path: Path) -> Any:
        """Load a Python module from file path."""
        module_name = f"_contract_{contract_path.stem}"
    
        if module_name in sys.modules:
            del sys.modules[module_name]
    
        spec = importlib.util.spec_from_file_location(module_name, contract_path)
        if spec is None or spec.loader is None:
            raise ImportError(f"Cannot load module from {contract_path}")
    
        module = importlib.util.module_from_spec(spec)
        sys.modules[module_name] = module
    
        try:
            spec.loader.exec_module(module)
        except Exception as e:
            if module_name in sys.modules:
                del sys.modules[module_name]
>           raise ImportError(f"Failed to load contract: {e}") from e
E           ImportError: Failed to load contract: closing parenthesis '}' does not match opening parenthesis '[' (evidence_independence_matrix.py, line 551)

/tmp/eim-phase3-env/lib/python3.12/site-packages/gltest/direct/loader.py:315: ImportError
_ ERROR at setup of test_strict_model_parser_rejects[{"relevance":["RELEVANT"],"relations":["UNKNOWN"]}] _

contract_path = PosixPath('/workspace/scratch/6ad74b9a2f71/evidence-independence-matrix/contracts/evidence_independence_matrix.py')

    def _load_module(contract_path: Path) -> Any:
        """Load a Python module from file path."""
        module_name = f"_contract_{contract_path.stem}"
    
        if module_name in sys.modules:
            del sys.modules[module_name]
    
        spec = importlib.util.spec_from_file_location(module_name, contract_path)
        if spec is None or spec.loader is None:
            raise ImportError(f"Cannot load module from {contract_path}")
    
        module = importlib.util.module_from_spec(spec)
        sys.modules[module_name] = module
    
        try:
>           spec.loader.exec_module(module)
E             File "/workspace/scratch/6ad74b9a2f71/evidence-independence-matrix/contracts/evidence_independence_matrix.py", line 551
E               "relations": [p["relation"] for p in candidate["pairs"]}),
E                                                                      ^
E           SyntaxError: closing parenthesis '}' does not match opening parenthesis '['

/tmp/eim-phase3-env/lib/python3.12/site-packages/gltest/direct/loader.py:311: SyntaxError

The above exception was the direct cause of the following exception:

    @pytest.fixture(scope="session")
    def eim():
        archive = download_artifacts("v0.2.16")
        with archive.open("rb") as stream:
            assert hashlib.file_digest(stream, "sha256").hexdigest() == ARTIFACT_SHA256
        vm = VMContext()
        vm._sender = bytes.fromhex("ab" * 20)
        vm._contract_address = bytes.fromhex("cd" * 20)
        vm._chain_id = 61999
>       cls = load_contract_class(ROOT / "contracts/evidence_independence_matrix.py", vm, sdk_version="v0.2.16")
              ^^^^^^^^^^^^^^^^^^^^^^^^^^^^^^^^^^^^^^^^^^^^^^^^^^^^^^^^^^^^^^^^^^^^^^^^^^^^^^^^^^^^^^^^^^^^^^^^^^

tests/conftest.py:21: 
_ _ _ _ _ _ _ _ _ _ _ _ _ _ _ _ _ _ _ _ _ _ _ _ _ _ _ _ _ _ _ _ _ _ _ _ _ _ _ _ 
/tmp/eim-phase3-env/lib/python3.12/site-packages/gltest/direct/loader.py:57: in load_contract_class
    module = _load_module(contract_path)
             ^^^^^^^^^^^^^^^^^^^^^^^^^^^
_ _ _ _ _ _ _ _ _ _ _ _ _ _ _ _ _ _ _ _ _ _ _ _ _ _ _ _ _ _ _ _ _ _ _ _ _ _ _ _ 

contract_path = PosixPath('/workspace/scratch/6ad74b9a2f71/evidence-independence-matrix/contracts/evidence_independence_matrix.py')

    def _load_module(contract_path: Path) -> Any:
        """Load a Python module from file path."""
        module_name = f"_contract_{contract_path.stem}"
    
        if module_name in sys.modules:
            del sys.modules[module_name]
    
        spec = importlib.util.spec_from_file_location(module_name, contract_path)
        if spec is None or spec.loader is None:
            raise ImportError(f"Cannot load module from {contract_path}")
    
        module = importlib.util.module_from_spec(spec)
        sys.modules[module_name] = module
    
        try:
            spec.loader.exec_module(module)
        except Exception as e:
            if module_name in sys.modules:
                del sys.modules[module_name]
>           raise ImportError(f"Failed to load contract: {e}") from e
E           ImportError: Failed to load contract: closing parenthesis '}' does not match opening parenthesis '[' (evidence_independence_matrix.py, line 551)

/tmp/eim-phase3-env/lib/python3.12/site-packages/gltest/direct/loader.py:315: ImportError
_ ERROR at setup of test_strict_model_parser_rejects[{"relevance":[true,"RELEVANT"],"relations":["UNKNOWN"]}] _

contract_path = PosixPath('/workspace/scratch/6ad74b9a2f71/evidence-independence-matrix/contracts/evidence_independence_matrix.py')

    def _load_module(contract_path: Path) -> Any:
        """Load a Python module from file path."""
        module_name = f"_contract_{contract_path.stem}"
    
        if module_name in sys.modules:
            del sys.modules[module_name]
    
        spec = importlib.util.spec_from_file_location(module_name, contract_path)
        if spec is None or spec.loader is None:
            raise ImportError(f"Cannot load module from {contract_path}")
    
        module = importlib.util.module_from_spec(spec)
        sys.modules[module_name] = module
    
        try:
>           spec.loader.exec_module(module)
E             File "/workspace/scratch/6ad74b9a2f71/evidence-independence-matrix/contracts/evidence_independence_matrix.py", line 551
E               "relations": [p["relation"] for p in candidate["pairs"]}),
E                                                                      ^
E           SyntaxError: closing parenthesis '}' does not match opening parenthesis '['

/tmp/eim-phase3-env/lib/python3.12/site-packages/gltest/direct/loader.py:311: SyntaxError

The above exception was the direct cause of the following exception:

    @pytest.fixture(scope="session")
    def eim():
        archive = download_artifacts("v0.2.16")
        with archive.open("rb") as stream:
            assert hashlib.file_digest(stream, "sha256").hexdigest() == ARTIFACT_SHA256
        vm = VMContext()
        vm._sender = bytes.fromhex("ab" * 20)
        vm._contract_address = bytes.fromhex("cd" * 20)
        vm._chain_id = 61999
>       cls = load_contract_class(ROOT / "contracts/evidence_independence_matrix.py", vm, sdk_version="v0.2.16")
              ^^^^^^^^^^^^^^^^^^^^^^^^^^^^^^^^^^^^^^^^^^^^^^^^^^^^^^^^^^^^^^^^^^^^^^^^^^^^^^^^^^^^^^^^^^^^^^^^^^

tests/conftest.py:21: 
_ _ _ _ _ _ _ _ _ _ _ _ _ _ _ _ _ _ _ _ _ _ _ _ _ _ _ _ _ _ _ _ _ _ _ _ _ _ _ _ 
/tmp/eim-phase3-env/lib/python3.12/site-packages/gltest/direct/loader.py:57: in load_contract_class
    module = _load_module(contract_path)
             ^^^^^^^^^^^^^^^^^^^^^^^^^^^
_ _ _ _ _ _ _ _ _ _ _ _ _ _ _ _ _ _ _ _ _ _ _ _ _ _ _ _ _ _ _ _ _ _ _ _ _ _ _ _ 

contract_path = PosixPath('/workspace/scratch/6ad74b9a2f71/evidence-independence-matrix/contracts/evidence_independence_matrix.py')

    def _load_module(contract_path: Path) -> Any:
        """Load a Python module from file path."""
        module_name = f"_contract_{contract_path.stem}"
    
        if module_name in sys.modules:
            del sys.modules[module_name]
    
        spec = importlib.util.spec_from_file_location(module_name, contract_path)
        if spec is None or spec.loader is None:
            raise ImportError(f"Cannot load module from {contract_path}")
    
        module = importlib.util.module_from_spec(spec)
        sys.modules[module_name] = module
    
        try:
            spec.loader.exec_module(module)
        except Exception as e:
            if module_name in sys.modules:
                del sys.modules[module_name]
>           raise ImportError(f"Failed to load contract: {e}") from e
E           ImportError: Failed to load contract: closing parenthesis '}' does not match opening parenthesis '[' (evidence_independence_matrix.py, line 551)

/tmp/eim-phase3-env/lib/python3.12/site-packages/gltest/direct/loader.py:315: ImportError
_________________ ERROR at setup of test_parser_binds_metadata _________________

contract_path = PosixPath('/workspace/scratch/6ad74b9a2f71/evidence-independence-matrix/contracts/evidence_independence_matrix.py')

    def _load_module(contract_path: Path) -> Any:
        """Load a Python module from file path."""
        module_name = f"_contract_{contract_path.stem}"
    
        if module_name in sys.modules:
            del sys.modules[module_name]
    
        spec = importlib.util.spec_from_file_location(module_name, contract_path)
        if spec is None or spec.loader is None:
            raise ImportError(f"Cannot load module from {contract_path}")
    
        module = importlib.util.module_from_spec(spec)
        sys.modules[module_name] = module
    
        try:
>           spec.loader.exec_module(module)
E             File "/workspace/scratch/6ad74b9a2f71/evidence-independence-matrix/contracts/evidence_independence_matrix.py", line 551
E               "relations": [p["relation"] for p in candidate["pairs"]}),
E                                                                      ^
E           SyntaxError: closing parenthesis '}' does not match opening parenthesis '['

/tmp/eim-phase3-env/lib/python3.12/site-packages/gltest/direct/loader.py:311: SyntaxError

The above exception was the direct cause of the following exception:

    @pytest.fixture(scope="session")
    def eim():
        archive = download_artifacts("v0.2.16")
        with archive.open("rb") as stream:
            assert hashlib.file_digest(stream, "sha256").hexdigest() == ARTIFACT_SHA256
        vm = VMContext()
        vm._sender = bytes.fromhex("ab" * 20)
        vm._contract_address = bytes.fromhex("cd" * 20)
        vm._chain_id = 61999
>       cls = load_contract_class(ROOT / "contracts/evidence_independence_matrix.py", vm, sdk_version="v0.2.16")
              ^^^^^^^^^^^^^^^^^^^^^^^^^^^^^^^^^^^^^^^^^^^^^^^^^^^^^^^^^^^^^^^^^^^^^^^^^^^^^^^^^^^^^^^^^^^^^^^^^^

tests/conftest.py:21: 
_ _ _ _ _ _ _ _ _ _ _ _ _ _ _ _ _ _ _ _ _ _ _ _ _ _ _ _ _ _ _ _ _ _ _ _ _ _ _ _ 
/tmp/eim-phase3-env/lib/python3.12/site-packages/gltest/direct/loader.py:57: in load_contract_class
    module = _load_module(contract_path)
             ^^^^^^^^^^^^^^^^^^^^^^^^^^^
_ _ _ _ _ _ _ _ _ _ _ _ _ _ _ _ _ _ _ _ _ _ _ _ _ _ _ _ _ _ _ _ _ _ _ _ _ _ _ _ 

contract_path = PosixPath('/workspace/scratch/6ad74b9a2f71/evidence-independence-matrix/contracts/evidence_independence_matrix.py')

    def _load_module(contract_path: Path) -> Any:
        """Load a Python module from file path."""
        module_name = f"_contract_{contract_path.stem}"
    
        if module_name in sys.modules:
            del sys.modules[module_name]
    
        spec = importlib.util.spec_from_file_location(module_name, contract_path)
        if spec is None or spec.loader is None:
            raise ImportError(f"Cannot load module from {contract_path}")
    
        module = importlib.util.module_from_spec(spec)
        sys.modules[module_name] = module
    
        try:
            spec.loader.exec_module(module)
        except Exception as e:
            if module_name in sys.modules:
                del sys.modules[module_name]
>           raise ImportError(f"Failed to load contract: {e}") from e
E           ImportError: Failed to load contract: closing parenthesis '}' does not match opening parenthesis '[' (evidence_independence_matrix.py, line 551)

/tmp/eim-phase3-env/lib/python3.12/site-packages/gltest/direct/loader.py:315: ImportError
____________ ERROR at setup of test_candidate_rejection[<lambda>0] _____________

contract_path = PosixPath('/workspace/scratch/6ad74b9a2f71/evidence-independence-matrix/contracts/evidence_independence_matrix.py')

    def _load_module(contract_path: Path) -> Any:
        """Load a Python module from file path."""
        module_name = f"_contract_{contract_path.stem}"
    
        if module_name in sys.modules:
            del sys.modules[module_name]
    
        spec = importlib.util.spec_from_file_location(module_name, contract_path)
        if spec is None or spec.loader is None:
            raise ImportError(f"Cannot load module from {contract_path}")
    
        module = importlib.util.module_from_spec(spec)
        sys.modules[module_name] = module
    
        try:
>           spec.loader.exec_module(module)
E             File "/workspace/scratch/6ad74b9a2f71/evidence-independence-matrix/contracts/evidence_independence_matrix.py", line 551
E               "relations": [p["relation"] for p in candidate["pairs"]}),
E                                                                      ^
E           SyntaxError: closing parenthesis '}' does not match opening parenthesis '['

/tmp/eim-phase3-env/lib/python3.12/site-packages/gltest/direct/loader.py:311: SyntaxError

The above exception was the direct cause of the following exception:

    @pytest.fixture(scope="session")
    def eim():
        archive = download_artifacts("v0.2.16")
        with archive.open("rb") as stream:
            assert hashlib.file_digest(stream, "sha256").hexdigest() == ARTIFACT_SHA256
        vm = VMContext()
        vm._sender = bytes.fromhex("ab" * 20)
        vm._contract_address = bytes.fromhex("cd" * 20)
        vm._chain_id = 61999
>       cls = load_contract_class(ROOT / "contracts/evidence_independence_matrix.py", vm, sdk_version="v0.2.16")
              ^^^^^^^^^^^^^^^^^^^^^^^^^^^^^^^^^^^^^^^^^^^^^^^^^^^^^^^^^^^^^^^^^^^^^^^^^^^^^^^^^^^^^^^^^^^^^^^^^^

tests/conftest.py:21: 
_ _ _ _ _ _ _ _ _ _ _ _ _ _ _ _ _ _ _ _ _ _ _ _ _ _ _ _ _ _ _ _ _ _ _ _ _ _ _ _ 
/tmp/eim-phase3-env/lib/python3.12/site-packages/gltest/direct/loader.py:57: in load_contract_class
    module = _load_module(contract_path)
             ^^^^^^^^^^^^^^^^^^^^^^^^^^^
_ _ _ _ _ _ _ _ _ _ _ _ _ _ _ _ _ _ _ _ _ _ _ _ _ _ _ _ _ _ _ _ _ _ _ _ _ _ _ _ 

contract_path = PosixPath('/workspace/scratch/6ad74b9a2f71/evidence-independence-matrix/contracts/evidence_independence_matrix.py')

    def _load_module(contract_path: Path) -> Any:
        """Load a Python module from file path."""
        module_name = f"_contract_{contract_path.stem}"
    
        if module_name in sys.modules:
            del sys.modules[module_name]
    
        spec = importlib.util.spec_from_file_location(module_name, contract_path)
        if spec is None or spec.loader is None:
            raise ImportError(f"Cannot load module from {contract_path}")
    
        module = importlib.util.module_from_spec(spec)
        sys.modules[module_name] = module
    
        try:
            spec.loader.exec_module(module)
        except Exception as e:
            if module_name in sys.modules:
                del sys.modules[module_name]
>           raise ImportError(f"Failed to load contract: {e}") from e
E           ImportError: Failed to load contract: closing parenthesis '}' does not match opening parenthesis '[' (evidence_independence_matrix.py, line 551)

/tmp/eim-phase3-env/lib/python3.12/site-packages/gltest/direct/loader.py:315: ImportError
____________ ERROR at setup of test_candidate_rejection[<lambda>1] _____________

contract_path = PosixPath('/workspace/scratch/6ad74b9a2f71/evidence-independence-matrix/contracts/evidence_independence_matrix.py')

    def _load_module(contract_path: Path) -> Any:
        """Load a Python module from file path."""
        module_name = f"_contract_{contract_path.stem}"
    
        if module_name in sys.modules:
            del sys.modules[module_name]
    
        spec = importlib.util.spec_from_file_location(module_name, contract_path)
        if spec is None or spec.loader is None:
            raise ImportError(f"Cannot load module from {contract_path}")
    
        module = importlib.util.module_from_spec(spec)
        sys.modules[module_name] = module
    
        try:
>           spec.loader.exec_module(module)
E             File "/workspace/scratch/6ad74b9a2f71/evidence-independence-matrix/contracts/evidence_independence_matrix.py", line 551
E               "relations": [p["relation"] for p in candidate["pairs"]}),
E                                                                      ^
E           SyntaxError: closing parenthesis '}' does not match opening parenthesis '['

/tmp/eim-phase3-env/lib/python3.12/site-packages/gltest/direct/loader.py:311: SyntaxError

The above exception was the direct cause of the following exception:

    @pytest.fixture(scope="session")
    def eim():
        archive = download_artifacts("v0.2.16")
        with archive.open("rb") as stream:
            assert hashlib.file_digest(stream, "sha256").hexdigest() == ARTIFACT_SHA256
        vm = VMContext()
        vm._sender = bytes.fromhex("ab" * 20)
        vm._contract_address = bytes.fromhex("cd" * 20)
        vm._chain_id = 61999
>       cls = load_contract_class(ROOT / "contracts/evidence_independence_matrix.py", vm, sdk_version="v0.2.16")
              ^^^^^^^^^^^^^^^^^^^^^^^^^^^^^^^^^^^^^^^^^^^^^^^^^^^^^^^^^^^^^^^^^^^^^^^^^^^^^^^^^^^^^^^^^^^^^^^^^^

tests/conftest.py:21: 
_ _ _ _ _ _ _ _ _ _ _ _ _ _ _ _ _ _ _ _ _ _ _ _ _ _ _ _ _ _ _ _ _ _ _ _ _ _ _ _ 
/tmp/eim-phase3-env/lib/python3.12/site-packages/gltest/direct/loader.py:57: in load_contract_class
    module = _load_module(contract_path)
             ^^^^^^^^^^^^^^^^^^^^^^^^^^^
_ _ _ _ _ _ _ _ _ _ _ _ _ _ _ _ _ _ _ _ _ _ _ _ _ _ _ _ _ _ _ _ _ _ _ _ _ _ _ _ 

contract_path = PosixPath('/workspace/scratch/6ad74b9a2f71/evidence-independence-matrix/contracts/evidence_independence_matrix.py')

    def _load_module(contract_path: Path) -> Any:
        """Load a Python module from file path."""
        module_name = f"_contract_{contract_path.stem}"
    
        if module_name in sys.modules:
            del sys.modules[module_name]
    
        spec = importlib.util.spec_from_file_location(module_name, contract_path)
        if spec is None or spec.loader is None:
            raise ImportError(f"Cannot load module from {contract_path}")
    
        module = importlib.util.module_from_spec(spec)
        sys.modules[module_name] = module
    
        try:
            spec.loader.exec_module(module)
        except Exception as e:
            if module_name in sys.modules:
                del sys.modules[module_name]
>           raise ImportError(f"Failed to load contract: {e}") from e
E           ImportError: Failed to load contract: closing parenthesis '}' does not match opening parenthesis '[' (evidence_independence_matrix.py, line 551)

/tmp/eim-phase3-env/lib/python3.12/site-packages/gltest/direct/loader.py:315: ImportError
____________ ERROR at setup of test_candidate_rejection[<lambda>2] _____________

contract_path = PosixPath('/workspace/scratch/6ad74b9a2f71/evidence-independence-matrix/contracts/evidence_independence_matrix.py')

    def _load_module(contract_path: Path) -> Any:
        """Load a Python module from file path."""
        module_name = f"_contract_{contract_path.stem}"
    
        if module_name in sys.modules:
            del sys.modules[module_name]
    
        spec = importlib.util.spec_from_file_location(module_name, contract_path)
        if spec is None or spec.loader is None:
            raise ImportError(f"Cannot load module from {contract_path}")
    
        module = importlib.util.module_from_spec(spec)
        sys.modules[module_name] = module
    
        try:
>           spec.loader.exec_module(module)
E             File "/workspace/scratch/6ad74b9a2f71/evidence-independence-matrix/contracts/evidence_independence_matrix.py", line 551
E               "relations": [p["relation"] for p in candidate["pairs"]}),
E                                                                      ^
E           SyntaxError: closing parenthesis '}' does not match opening parenthesis '['

/tmp/eim-phase3-env/lib/python3.12/site-packages/gltest/direct/loader.py:311: SyntaxError

The above exception was the direct cause of the following exception:

    @pytest.fixture(scope="session")
    def eim():
        archive = download_artifacts("v0.2.16")
        with archive.open("rb") as stream:
            assert hashlib.file_digest(stream, "sha256").hexdigest() == ARTIFACT_SHA256
        vm = VMContext()
        vm._sender = bytes.fromhex("ab" * 20)
        vm._contract_address = bytes.fromhex("cd" * 20)
        vm._chain_id = 61999
>       cls = load_contract_class(ROOT / "contracts/evidence_independence_matrix.py", vm, sdk_version="v0.2.16")
              ^^^^^^^^^^^^^^^^^^^^^^^^^^^^^^^^^^^^^^^^^^^^^^^^^^^^^^^^^^^^^^^^^^^^^^^^^^^^^^^^^^^^^^^^^^^^^^^^^^

tests/conftest.py:21: 
_ _ _ _ _ _ _ _ _ _ _ _ _ _ _ _ _ _ _ _ _ _ _ _ _ _ _ _ _ _ _ _ _ _ _ _ _ _ _ _ 
/tmp/eim-phase3-env/lib/python3.12/site-packages/gltest/direct/loader.py:57: in load_contract_class
    module = _load_module(contract_path)
             ^^^^^^^^^^^^^^^^^^^^^^^^^^^
_ _ _ _ _ _ _ _ _ _ _ _ _ _ _ _ _ _ _ _ _ _ _ _ _ _ _ _ _ _ _ _ _ _ _ _ _ _ _ _ 

contract_path = PosixPath('/workspace/scratch/6ad74b9a2f71/evidence-independence-matrix/contracts/evidence_independence_matrix.py')

    def _load_module(contract_path: Path) -> Any:
        """Load a Python module from file path."""
        module_name = f"_contract_{contract_path.stem}"
    
        if module_name in sys.modules:
            del sys.modules[module_name]
    
        spec = importlib.util.spec_from_file_location(module_name, contract_path)
        if spec is None or spec.loader is None:
            raise ImportError(f"Cannot load module from {contract_path}")
    
        module = importlib.util.module_from_spec(spec)
        sys.modules[module_name] = module
    
        try:
            spec.loader.exec_module(module)
        except Exception as e:
            if module_name in sys.modules:
                del sys.modules[module_name]
>           raise ImportError(f"Failed to load contract: {e}") from e
E           ImportError: Failed to load contract: closing parenthesis '}' does not match opening parenthesis '[' (evidence_independence_matrix.py, line 551)

/tmp/eim-phase3-env/lib/python3.12/site-packages/gltest/direct/loader.py:315: ImportError
____________ ERROR at setup of test_candidate_rejection[<lambda>3] _____________

contract_path = PosixPath('/workspace/scratch/6ad74b9a2f71/evidence-independence-matrix/contracts/evidence_independence_matrix.py')

    def _load_module(contract_path: Path) -> Any:
        """Load a Python module from file path."""
        module_name = f"_contract_{contract_path.stem}"
    
        if module_name in sys.modules:
            del sys.modules[module_name]
    
        spec = importlib.util.spec_from_file_location(module_name, contract_path)
        if spec is None or spec.loader is None:
            raise ImportError(f"Cannot load module from {contract_path}")
    
        module = importlib.util.module_from_spec(spec)
        sys.modules[module_name] = module
    
        try:
>           spec.loader.exec_module(module)
E             File "/workspace/scratch/6ad74b9a2f71/evidence-independence-matrix/contracts/evidence_independence_matrix.py", line 551
E               "relations": [p["relation"] for p in candidate["pairs"]}),
E                                                                      ^
E           SyntaxError: closing parenthesis '}' does not match opening parenthesis '['

/tmp/eim-phase3-env/lib/python3.12/site-packages/gltest/direct/loader.py:311: SyntaxError

The above exception was the direct cause of the following exception:

    @pytest.fixture(scope="session")
    def eim():
        archive = download_artifacts("v0.2.16")
        with archive.open("rb") as stream:
            assert hashlib.file_digest(stream, "sha256").hexdigest() == ARTIFACT_SHA256
        vm = VMContext()
        vm._sender = bytes.fromhex("ab" * 20)
        vm._contract_address = bytes.fromhex("cd" * 20)
        vm._chain_id = 61999
>       cls = load_contract_class(ROOT / "contracts/evidence_independence_matrix.py", vm, sdk_version="v0.2.16")
              ^^^^^^^^^^^^^^^^^^^^^^^^^^^^^^^^^^^^^^^^^^^^^^^^^^^^^^^^^^^^^^^^^^^^^^^^^^^^^^^^^^^^^^^^^^^^^^^^^^

tests/conftest.py:21: 
_ _ _ _ _ _ _ _ _ _ _ _ _ _ _ _ _ _ _ _ _ _ _ _ _ _ _ _ _ _ _ _ _ _ _ _ _ _ _ _ 
/tmp/eim-phase3-env/lib/python3.12/site-packages/gltest/direct/loader.py:57: in load_contract_class
    module = _load_module(contract_path)
             ^^^^^^^^^^^^^^^^^^^^^^^^^^^
_ _ _ _ _ _ _ _ _ _ _ _ _ _ _ _ _ _ _ _ _ _ _ _ _ _ _ _ _ _ _ _ _ _ _ _ _ _ _ _ 

contract_path = PosixPath('/workspace/scratch/6ad74b9a2f71/evidence-independence-matrix/contracts/evidence_independence_matrix.py')

    def _load_module(contract_path: Path) -> Any:
        """Load a Python module from file path."""
        module_name = f"_contract_{contract_path.stem}"
    
        if module_name in sys.modules:
            del sys.modules[module_name]
    
        spec = importlib.util.spec_from_file_location(module_name, contract_path)
        if spec is None or spec.loader is None:
            raise ImportError(f"Cannot load module from {contract_path}")
    
        module = importlib.util.module_from_spec(spec)
        sys.modules[module_name] = module
    
        try:
            spec.loader.exec_module(module)
        except Exception as e:
            if module_name in sys.modules:
                del sys.modules[module_name]
>           raise ImportError(f"Failed to load contract: {e}") from e
E           ImportError: Failed to load contract: closing parenthesis '}' does not match opening parenthesis '[' (evidence_independence_matrix.py, line 551)

/tmp/eim-phase3-env/lib/python3.12/site-packages/gltest/direct/loader.py:315: ImportError
____________ ERROR at setup of test_candidate_rejection[<lambda>4] _____________

contract_path = PosixPath('/workspace/scratch/6ad74b9a2f71/evidence-independence-matrix/contracts/evidence_independence_matrix.py')

    def _load_module(contract_path: Path) -> Any:
        """Load a Python module from file path."""
        module_name = f"_contract_{contract_path.stem}"
    
        if module_name in sys.modules:
            del sys.modules[module_name]
    
        spec = importlib.util.spec_from_file_location(module_name, contract_path)
        if spec is None or spec.loader is None:
            raise ImportError(f"Cannot load module from {contract_path}")
    
        module = importlib.util.module_from_spec(spec)
        sys.modules[module_name] = module
    
        try:
>           spec.loader.exec_module(module)
E             File "/workspace/scratch/6ad74b9a2f71/evidence-independence-matrix/contracts/evidence_independence_matrix.py", line 551
E               "relations": [p["relation"] for p in candidate["pairs"]}),
E                                                                      ^
E           SyntaxError: closing parenthesis '}' does not match opening parenthesis '['

/tmp/eim-phase3-env/lib/python3.12/site-packages/gltest/direct/loader.py:311: SyntaxError

The above exception was the direct cause of the following exception:

    @pytest.fixture(scope="session")
    def eim():
        archive = download_artifacts("v0.2.16")
        with archive.open("rb") as stream:
            assert hashlib.file_digest(stream, "sha256").hexdigest() == ARTIFACT_SHA256
        vm = VMContext()
        vm._sender = bytes.fromhex("ab" * 20)
        vm._contract_address = bytes.fromhex("cd" * 20)
        vm._chain_id = 61999
>       cls = load_contract_class(ROOT / "contracts/evidence_independence_matrix.py", vm, sdk_version="v0.2.16")
              ^^^^^^^^^^^^^^^^^^^^^^^^^^^^^^^^^^^^^^^^^^^^^^^^^^^^^^^^^^^^^^^^^^^^^^^^^^^^^^^^^^^^^^^^^^^^^^^^^^

tests/conftest.py:21: 
_ _ _ _ _ _ _ _ _ _ _ _ _ _ _ _ _ _ _ _ _ _ _ _ _ _ _ _ _ _ _ _ _ _ _ _ _ _ _ _ 
/tmp/eim-phase3-env/lib/python3.12/site-packages/gltest/direct/loader.py:57: in load_contract_class
    module = _load_module(contract_path)
             ^^^^^^^^^^^^^^^^^^^^^^^^^^^
_ _ _ _ _ _ _ _ _ _ _ _ _ _ _ _ _ _ _ _ _ _ _ _ _ _ _ _ _ _ _ _ _ _ _ _ _ _ _ _ 

contract_path = PosixPath('/workspace/scratch/6ad74b9a2f71/evidence-independence-matrix/contracts/evidence_independence_matrix.py')

    def _load_module(contract_path: Path) -> Any:
        """Load a Python module from file path."""
        module_name = f"_contract_{contract_path.stem}"
    
        if module_name in sys.modules:
            del sys.modules[module_name]
    
        spec = importlib.util.spec_from_file_location(module_name, contract_path)
        if spec is None or spec.loader is None:
            raise ImportError(f"Cannot load module from {contract_path}")
    
        module = importlib.util.module_from_spec(spec)
        sys.modules[module_name] = module
    
        try:
            spec.loader.exec_module(module)
        except Exception as e:
            if module_name in sys.modules:
                del sys.modules[module_name]
>           raise ImportError(f"Failed to load contract: {e}") from e
E           ImportError: Failed to load contract: closing parenthesis '}' does not match opening parenthesis '[' (evidence_independence_matrix.py, line 551)

/tmp/eim-phase3-env/lib/python3.12/site-packages/gltest/direct/loader.py:315: ImportError
____________ ERROR at setup of test_candidate_rejection[<lambda>5] _____________

contract_path = PosixPath('/workspace/scratch/6ad74b9a2f71/evidence-independence-matrix/contracts/evidence_independence_matrix.py')

    def _load_module(contract_path: Path) -> Any:
        """Load a Python module from file path."""
        module_name = f"_contract_{contract_path.stem}"
    
        if module_name in sys.modules:
            del sys.modules[module_name]
    
        spec = importlib.util.spec_from_file_location(module_name, contract_path)
        if spec is None or spec.loader is None:
            raise ImportError(f"Cannot load module from {contract_path}")
    
        module = importlib.util.module_from_spec(spec)
        sys.modules[module_name] = module
    
        try:
>           spec.loader.exec_module(module)
E             File "/workspace/scratch/6ad74b9a2f71/evidence-independence-matrix/contracts/evidence_independence_matrix.py", line 551
E               "relations": [p["relation"] for p in candidate["pairs"]}),
E                                                                      ^
E           SyntaxError: closing parenthesis '}' does not match opening parenthesis '['

/tmp/eim-phase3-env/lib/python3.12/site-packages/gltest/direct/loader.py:311: SyntaxError

The above exception was the direct cause of the following exception:

    @pytest.fixture(scope="session")
    def eim():
        archive = download_artifacts("v0.2.16")
        with archive.open("rb") as stream:
            assert hashlib.file_digest(stream, "sha256").hexdigest() == ARTIFACT_SHA256
        vm = VMContext()
        vm._sender = bytes.fromhex("ab" * 20)
        vm._contract_address = bytes.fromhex("cd" * 20)
        vm._chain_id = 61999
>       cls = load_contract_class(ROOT / "contracts/evidence_independence_matrix.py", vm, sdk_version="v0.2.16")
              ^^^^^^^^^^^^^^^^^^^^^^^^^^^^^^^^^^^^^^^^^^^^^^^^^^^^^^^^^^^^^^^^^^^^^^^^^^^^^^^^^^^^^^^^^^^^^^^^^^

tests/conftest.py:21: 
_ _ _ _ _ _ _ _ _ _ _ _ _ _ _ _ _ _ _ _ _ _ _ _ _ _ _ _ _ _ _ _ _ _ _ _ _ _ _ _ 
/tmp/eim-phase3-env/lib/python3.12/site-packages/gltest/direct/loader.py:57: in load_contract_class
    module = _load_module(contract_path)
             ^^^^^^^^^^^^^^^^^^^^^^^^^^^
_ _ _ _ _ _ _ _ _ _ _ _ _ _ _ _ _ _ _ _ _ _ _ _ _ _ _ _ _ _ _ _ _ _ _ _ _ _ _ _ 

contract_path = PosixPath('/workspace/scratch/6ad74b9a2f71/evidence-independence-matrix/contracts/evidence_independence_matrix.py')

    def _load_module(contract_path: Path) -> Any:
        """Load a Python module from file path."""
        module_name = f"_contract_{contract_path.stem}"
    
        if module_name in sys.modules:
            del sys.modules[module_name]
    
        spec = importlib.util.spec_from_file_location(module_name, contract_path)
        if spec is None or spec.loader is None:
            raise ImportError(f"Cannot load module from {contract_path}")
    
        module = importlib.util.module_from_spec(spec)
        sys.modules[module_name] = module
    
        try:
            spec.loader.exec_module(module)
        except Exception as e:
            if module_name in sys.modules:
                del sys.modules[module_name]
>           raise ImportError(f"Failed to load contract: {e}") from e
E           ImportError: Failed to load contract: closing parenthesis '}' does not match opening parenthesis '[' (evidence_independence_matrix.py, line 551)

/tmp/eim-phase3-env/lib/python3.12/site-packages/gltest/direct/loader.py:315: ImportError
____________ ERROR at setup of test_candidate_rejection[<lambda>6] _____________

contract_path = PosixPath('/workspace/scratch/6ad74b9a2f71/evidence-independence-matrix/contracts/evidence_independence_matrix.py')

    def _load_module(contract_path: Path) -> Any:
        """Load a Python module from file path."""
        module_name = f"_contract_{contract_path.stem}"
    
        if module_name in sys.modules:
            del sys.modules[module_name]
    
        spec = importlib.util.spec_from_file_location(module_name, contract_path)
        if spec is None or spec.loader is None:
            raise ImportError(f"Cannot load module from {contract_path}")
    
        module = importlib.util.module_from_spec(spec)
        sys.modules[module_name] = module
    
        try:
>           spec.loader.exec_module(module)
E             File "/workspace/scratch/6ad74b9a2f71/evidence-independence-matrix/contracts/evidence_independence_matrix.py", line 551
E               "relations": [p["relation"] for p in candidate["pairs"]}),
E                                                                      ^
E           SyntaxError: closing parenthesis '}' does not match opening parenthesis '['

/tmp/eim-phase3-env/lib/python3.12/site-packages/gltest/direct/loader.py:311: SyntaxError

The above exception was the direct cause of the following exception:

    @pytest.fixture(scope="session")
    def eim():
        archive = download_artifacts("v0.2.16")
        with archive.open("rb") as stream:
            assert hashlib.file_digest(stream, "sha256").hexdigest() == ARTIFACT_SHA256
        vm = VMContext()
        vm._sender = bytes.fromhex("ab" * 20)
        vm._contract_address = bytes.fromhex("cd" * 20)
        vm._chain_id = 61999
>       cls = load_contract_class(ROOT / "contracts/evidence_independence_matrix.py", vm, sdk_version="v0.2.16")
              ^^^^^^^^^^^^^^^^^^^^^^^^^^^^^^^^^^^^^^^^^^^^^^^^^^^^^^^^^^^^^^^^^^^^^^^^^^^^^^^^^^^^^^^^^^^^^^^^^^

tests/conftest.py:21: 
_ _ _ _ _ _ _ _ _ _ _ _ _ _ _ _ _ _ _ _ _ _ _ _ _ _ _ _ _ _ _ _ _ _ _ _ _ _ _ _ 
/tmp/eim-phase3-env/lib/python3.12/site-packages/gltest/direct/loader.py:57: in load_contract_class
    module = _load_module(contract_path)
             ^^^^^^^^^^^^^^^^^^^^^^^^^^^
_ _ _ _ _ _ _ _ _ _ _ _ _ _ _ _ _ _ _ _ _ _ _ _ _ _ _ _ _ _ _ _ _ _ _ _ _ _ _ _ 

contract_path = PosixPath('/workspace/scratch/6ad74b9a2f71/evidence-independence-matrix/contracts/evidence_independence_matrix.py')

    def _load_module(contract_path: Path) -> Any:
        """Load a Python module from file path."""
        module_name = f"_contract_{contract_path.stem}"
    
        if module_name in sys.modules:
            del sys.modules[module_name]
    
        spec = importlib.util.spec_from_file_location(module_name, contract_path)
        if spec is None or spec.loader is None:
            raise ImportError(f"Cannot load module from {contract_path}")
    
        module = importlib.util.module_from_spec(spec)
        sys.modules[module_name] = module
    
        try:
            spec.loader.exec_module(module)
        except Exception as e:
            if module_name in sys.modules:
                del sys.modules[module_name]
>           raise ImportError(f"Failed to load contract: {e}") from e
E           ImportError: Failed to load contract: closing parenthesis '}' does not match opening parenthesis '[' (evidence_independence_matrix.py, line 551)

/tmp/eim-phase3-env/lib/python3.12/site-packages/gltest/direct/loader.py:315: ImportError
____________ ERROR at setup of test_candidate_rejection[<lambda>7] _____________

contract_path = PosixPath('/workspace/scratch/6ad74b9a2f71/evidence-independence-matrix/contracts/evidence_independence_matrix.py')

    def _load_module(contract_path: Path) -> Any:
        """Load a Python module from file path."""
        module_name = f"_contract_{contract_path.stem}"
    
        if module_name in sys.modules:
            del sys.modules[module_name]
    
        spec = importlib.util.spec_from_file_location(module_name, contract_path)
        if spec is None or spec.loader is None:
            raise ImportError(f"Cannot load module from {contract_path}")
    
        module = importlib.util.module_from_spec(spec)
        sys.modules[module_name] = module
    
        try:
>           spec.loader.exec_module(module)
E             File "/workspace/scratch/6ad74b9a2f71/evidence-independence-matrix/contracts/evidence_independence_matrix.py", line 551
E               "relations": [p["relation"] for p in candidate["pairs"]}),
E                                                                      ^
E           SyntaxError: closing parenthesis '}' does not match opening parenthesis '['

/tmp/eim-phase3-env/lib/python3.12/site-packages/gltest/direct/loader.py:311: SyntaxError

The above exception was the direct cause of the following exception:

    @pytest.fixture(scope="session")
    def eim():
        archive = download_artifacts("v0.2.16")
        with archive.open("rb") as stream:
            assert hashlib.file_digest(stream, "sha256").hexdigest() == ARTIFACT_SHA256
        vm = VMContext()
        vm._sender = bytes.fromhex("ab" * 20)
        vm._contract_address = bytes.fromhex("cd" * 20)
        vm._chain_id = 61999
>       cls = load_contract_class(ROOT / "contracts/evidence_independence_matrix.py", vm, sdk_version="v0.2.16")
              ^^^^^^^^^^^^^^^^^^^^^^^^^^^^^^^^^^^^^^^^^^^^^^^^^^^^^^^^^^^^^^^^^^^^^^^^^^^^^^^^^^^^^^^^^^^^^^^^^^

tests/conftest.py:21: 
_ _ _ _ _ _ _ _ _ _ _ _ _ _ _ _ _ _ _ _ _ _ _ _ _ _ _ _ _ _ _ _ _ _ _ _ _ _ _ _ 
/tmp/eim-phase3-env/lib/python3.12/site-packages/gltest/direct/loader.py:57: in load_contract_class
    module = _load_module(contract_path)
             ^^^^^^^^^^^^^^^^^^^^^^^^^^^
_ _ _ _ _ _ _ _ _ _ _ _ _ _ _ _ _ _ _ _ _ _ _ _ _ _ _ _ _ _ _ _ _ _ _ _ _ _ _ _ 

contract_path = PosixPath('/workspace/scratch/6ad74b9a2f71/evidence-independence-matrix/contracts/evidence_independence_matrix.py')

    def _load_module(contract_path: Path) -> Any:
        """Load a Python module from file path."""
        module_name = f"_contract_{contract_path.stem}"
    
        if module_name in sys.modules:
            del sys.modules[module_name]
    
        spec = importlib.util.spec_from_file_location(module_name, contract_path)
        if spec is None or spec.loader is None:
            raise ImportError(f"Cannot load module from {contract_path}")
    
        module = importlib.util.module_from_spec(spec)
        sys.modules[module_name] = module
    
        try:
            spec.loader.exec_module(module)
        except Exception as e:
            if module_name in sys.modules:
                del sys.modules[module_name]
>           raise ImportError(f"Failed to load contract: {e}") from e
E           ImportError: Failed to load contract: closing parenthesis '}' does not match opening parenthesis '[' (evidence_independence_matrix.py, line 551)

/tmp/eim-phase3-env/lib/python3.12/site-packages/gltest/direct/loader.py:315: ImportError
____________ ERROR at setup of test_candidate_rejection[<lambda>8] _____________

contract_path = PosixPath('/workspace/scratch/6ad74b9a2f71/evidence-independence-matrix/contracts/evidence_independence_matrix.py')

    def _load_module(contract_path: Path) -> Any:
        """Load a Python module from file path."""
        module_name = f"_contract_{contract_path.stem}"
    
        if module_name in sys.modules:
            del sys.modules[module_name]
    
        spec = importlib.util.spec_from_file_location(module_name, contract_path)
        if spec is None or spec.loader is None:
            raise ImportError(f"Cannot load module from {contract_path}")
    
        module = importlib.util.module_from_spec(spec)
        sys.modules[module_name] = module
    
        try:
>           spec.loader.exec_module(module)
E             File "/workspace/scratch/6ad74b9a2f71/evidence-independence-matrix/contracts/evidence_independence_matrix.py", line 551
E               "relations": [p["relation"] for p in candidate["pairs"]}),
E                                                                      ^
E           SyntaxError: closing parenthesis '}' does not match opening parenthesis '['

/tmp/eim-phase3-env/lib/python3.12/site-packages/gltest/direct/loader.py:311: SyntaxError

The above exception was the direct cause of the following exception:

    @pytest.fixture(scope="session")
    def eim():
        archive = download_artifacts("v0.2.16")
        with archive.open("rb") as stream:
            assert hashlib.file_digest(stream, "sha256").hexdigest() == ARTIFACT_SHA256
        vm = VMContext()
        vm._sender = bytes.fromhex("ab" * 20)
        vm._contract_address = bytes.fromhex("cd" * 20)
        vm._chain_id = 61999
>       cls = load_contract_class(ROOT / "contracts/evidence_independence_matrix.py", vm, sdk_version="v0.2.16")
              ^^^^^^^^^^^^^^^^^^^^^^^^^^^^^^^^^^^^^^^^^^^^^^^^^^^^^^^^^^^^^^^^^^^^^^^^^^^^^^^^^^^^^^^^^^^^^^^^^^

tests/conftest.py:21: 
_ _ _ _ _ _ _ _ _ _ _ _ _ _ _ _ _ _ _ _ _ _ _ _ _ _ _ _ _ _ _ _ _ _ _ _ _ _ _ _ 
/tmp/eim-phase3-env/lib/python3.12/site-packages/gltest/direct/loader.py:57: in load_contract_class
    module = _load_module(contract_path)
             ^^^^^^^^^^^^^^^^^^^^^^^^^^^
_ _ _ _ _ _ _ _ _ _ _ _ _ _ _ _ _ _ _ _ _ _ _ _ _ _ _ _ _ _ _ _ _ _ _ _ _ _ _ _ 

contract_path = PosixPath('/workspace/scratch/6ad74b9a2f71/evidence-independence-matrix/contracts/evidence_independence_matrix.py')

    def _load_module(contract_path: Path) -> Any:
        """Load a Python module from file path."""
        module_name = f"_contract_{contract_path.stem}"
    
        if module_name in sys.modules:
            del sys.modules[module_name]
    
        spec = importlib.util.spec_from_file_location(module_name, contract_path)
        if spec is None or spec.loader is None:
            raise ImportError(f"Cannot load module from {contract_path}")
    
        module = importlib.util.module_from_spec(spec)
        sys.modules[module_name] = module
    
        try:
            spec.loader.exec_module(module)
        except Exception as e:
            if module_name in sys.modules:
                del sys.modules[module_name]
>           raise ImportError(f"Failed to load contract: {e}") from e
E           ImportError: Failed to load contract: closing parenthesis '}' does not match opening parenthesis '[' (evidence_independence_matrix.py, line 551)

/tmp/eim-phase3-env/lib/python3.12/site-packages/gltest/direct/loader.py:315: ImportError
____________ ERROR at setup of test_candidate_rejection[<lambda>9] _____________

contract_path = PosixPath('/workspace/scratch/6ad74b9a2f71/evidence-independence-matrix/contracts/evidence_independence_matrix.py')

    def _load_module(contract_path: Path) -> Any:
        """Load a Python module from file path."""
        module_name = f"_contract_{contract_path.stem}"
    
        if module_name in sys.modules:
            del sys.modules[module_name]
    
        spec = importlib.util.spec_from_file_location(module_name, contract_path)
        if spec is None or spec.loader is None:
            raise ImportError(f"Cannot load module from {contract_path}")
    
        module = importlib.util.module_from_spec(spec)
        sys.modules[module_name] = module
    
        try:
>           spec.loader.exec_module(module)
E             File "/workspace/scratch/6ad74b9a2f71/evidence-independence-matrix/contracts/evidence_independence_matrix.py", line 551
E               "relations": [p["relation"] for p in candidate["pairs"]}),
E                                                                      ^
E           SyntaxError: closing parenthesis '}' does not match opening parenthesis '['

/tmp/eim-phase3-env/lib/python3.12/site-packages/gltest/direct/loader.py:311: SyntaxError

The above exception was the direct cause of the following exception:

    @pytest.fixture(scope="session")
    def eim():
        archive = download_artifacts("v0.2.16")
        with archive.open("rb") as stream:
            assert hashlib.file_digest(stream, "sha256").hexdigest() == ARTIFACT_SHA256
        vm = VMContext()
        vm._sender = bytes.fromhex("ab" * 20)
        vm._contract_address = bytes.fromhex("cd" * 20)
        vm._chain_id = 61999
>       cls = load_contract_class(ROOT / "contracts/evidence_independence_matrix.py", vm, sdk_version="v0.2.16")
              ^^^^^^^^^^^^^^^^^^^^^^^^^^^^^^^^^^^^^^^^^^^^^^^^^^^^^^^^^^^^^^^^^^^^^^^^^^^^^^^^^^^^^^^^^^^^^^^^^^

tests/conftest.py:21: 
_ _ _ _ _ _ _ _ _ _ _ _ _ _ _ _ _ _ _ _ _ _ _ _ _ _ _ _ _ _ _ _ _ _ _ _ _ _ _ _ 
/tmp/eim-phase3-env/lib/python3.12/site-packages/gltest/direct/loader.py:57: in load_contract_class
    module = _load_module(contract_path)
             ^^^^^^^^^^^^^^^^^^^^^^^^^^^
_ _ _ _ _ _ _ _ _ _ _ _ _ _ _ _ _ _ _ _ _ _ _ _ _ _ _ _ _ _ _ _ _ _ _ _ _ _ _ _ 

contract_path = PosixPath('/workspace/scratch/6ad74b9a2f71/evidence-independence-matrix/contracts/evidence_independence_matrix.py')

    def _load_module(contract_path: Path) -> Any:
        """Load a Python module from file path."""
        module_name = f"_contract_{contract_path.stem}"
    
        if module_name in sys.modules:
            del sys.modules[module_name]
    
        spec = importlib.util.spec_from_file_location(module_name, contract_path)
        if spec is None or spec.loader is None:
            raise ImportError(f"Cannot load module from {contract_path}")
    
        module = importlib.util.module_from_spec(spec)
        sys.modules[module_name] = module
    
        try:
            spec.loader.exec_module(module)
        except Exception as e:
            if module_name in sys.modules:
                del sys.modules[module_name]
>           raise ImportError(f"Failed to load contract: {e}") from e
E           ImportError: Failed to load contract: closing parenthesis '}' does not match opening parenthesis '[' (evidence_independence_matrix.py, line 551)

/tmp/eim-phase3-env/lib/python3.12/site-packages/gltest/direct/loader.py:315: ImportError
____________ ERROR at setup of test_candidate_rejection[<lambda>10] ____________

contract_path = PosixPath('/workspace/scratch/6ad74b9a2f71/evidence-independence-matrix/contracts/evidence_independence_matrix.py')

    def _load_module(contract_path: Path) -> Any:
        """Load a Python module from file path."""
        module_name = f"_contract_{contract_path.stem}"
    
        if module_name in sys.modules:
            del sys.modules[module_name]
    
        spec = importlib.util.spec_from_file_location(module_name, contract_path)
        if spec is None or spec.loader is None:
            raise ImportError(f"Cannot load module from {contract_path}")
    
        module = importlib.util.module_from_spec(spec)
        sys.modules[module_name] = module
    
        try:
>           spec.loader.exec_module(module)
E             File "/workspace/scratch/6ad74b9a2f71/evidence-independence-matrix/contracts/evidence_independence_matrix.py", line 551
E               "relations": [p["relation"] for p in candidate["pairs"]}),
E                                                                      ^
E           SyntaxError: closing parenthesis '}' does not match opening parenthesis '['

/tmp/eim-phase3-env/lib/python3.12/site-packages/gltest/direct/loader.py:311: SyntaxError

The above exception was the direct cause of the following exception:

    @pytest.fixture(scope="session")
    def eim():
        archive = download_artifacts("v0.2.16")
        with archive.open("rb") as stream:
            assert hashlib.file_digest(stream, "sha256").hexdigest() == ARTIFACT_SHA256
        vm = VMContext()
        vm._sender = bytes.fromhex("ab" * 20)
        vm._contract_address = bytes.fromhex("cd" * 20)
        vm._chain_id = 61999
>       cls = load_contract_class(ROOT / "contracts/evidence_independence_matrix.py", vm, sdk_version="v0.2.16")
              ^^^^^^^^^^^^^^^^^^^^^^^^^^^^^^^^^^^^^^^^^^^^^^^^^^^^^^^^^^^^^^^^^^^^^^^^^^^^^^^^^^^^^^^^^^^^^^^^^^

tests/conftest.py:21: 
_ _ _ _ _ _ _ _ _ _ _ _ _ _ _ _ _ _ _ _ _ _ _ _ _ _ _ _ _ _ _ _ _ _ _ _ _ _ _ _ 
/tmp/eim-phase3-env/lib/python3.12/site-packages/gltest/direct/loader.py:57: in load_contract_class
    module = _load_module(contract_path)
             ^^^^^^^^^^^^^^^^^^^^^^^^^^^
_ _ _ _ _ _ _ _ _ _ _ _ _ _ _ _ _ _ _ _ _ _ _ _ _ _ _ _ _ _ _ _ _ _ _ _ _ _ _ _ 

contract_path = PosixPath('/workspace/scratch/6ad74b9a2f71/evidence-independence-matrix/contracts/evidence_independence_matrix.py')

    def _load_module(contract_path: Path) -> Any:
        """Load a Python module from file path."""
        module_name = f"_contract_{contract_path.stem}"
    
        if module_name in sys.modules:
            del sys.modules[module_name]
    
        spec = importlib.util.spec_from_file_location(module_name, contract_path)
        if spec is None or spec.loader is None:
            raise ImportError(f"Cannot load module from {contract_path}")
    
        module = importlib.util.module_from_spec(spec)
        sys.modules[module_name] = module
    
        try:
            spec.loader.exec_module(module)
        except Exception as e:
            if module_name in sys.modules:
                del sys.modules[module_name]
>           raise ImportError(f"Failed to load contract: {e}") from e
E           ImportError: Failed to load contract: closing parenthesis '}' does not match opening parenthesis '[' (evidence_independence_matrix.py, line 551)

/tmp/eim-phase3-env/lib/python3.12/site-packages/gltest/direct/loader.py:315: ImportError
____________ ERROR at setup of test_candidate_rejection[<lambda>11] ____________

contract_path = PosixPath('/workspace/scratch/6ad74b9a2f71/evidence-independence-matrix/contracts/evidence_independence_matrix.py')

    def _load_module(contract_path: Path) -> Any:
        """Load a Python module from file path."""
        module_name = f"_contract_{contract_path.stem}"
    
        if module_name in sys.modules:
            del sys.modules[module_name]
    
        spec = importlib.util.spec_from_file_location(module_name, contract_path)
        if spec is None or spec.loader is None:
            raise ImportError(f"Cannot load module from {contract_path}")
    
        module = importlib.util.module_from_spec(spec)
        sys.modules[module_name] = module
    
        try:
>           spec.loader.exec_module(module)
E             File "/workspace/scratch/6ad74b9a2f71/evidence-independence-matrix/contracts/evidence_independence_matrix.py", line 551
E               "relations": [p["relation"] for p in candidate["pairs"]}),
E                                                                      ^
E           SyntaxError: closing parenthesis '}' does not match opening parenthesis '['

/tmp/eim-phase3-env/lib/python3.12/site-packages/gltest/direct/loader.py:311: SyntaxError

The above exception was the direct cause of the following exception:

    @pytest.fixture(scope="session")
    def eim():
        archive = download_artifacts("v0.2.16")
        with archive.open("rb") as stream:
            assert hashlib.file_digest(stream, "sha256").hexdigest() == ARTIFACT_SHA256
        vm = VMContext()
        vm._sender = bytes.fromhex("ab" * 20)
        vm._contract_address = bytes.fromhex("cd" * 20)
        vm._chain_id = 61999
>       cls = load_contract_class(ROOT / "contracts/evidence_independence_matrix.py", vm, sdk_version="v0.2.16")
              ^^^^^^^^^^^^^^^^^^^^^^^^^^^^^^^^^^^^^^^^^^^^^^^^^^^^^^^^^^^^^^^^^^^^^^^^^^^^^^^^^^^^^^^^^^^^^^^^^^

tests/conftest.py:21: 
_ _ _ _ _ _ _ _ _ _ _ _ _ _ _ _ _ _ _ _ _ _ _ _ _ _ _ _ _ _ _ _ _ _ _ _ _ _ _ _ 
/tmp/eim-phase3-env/lib/python3.12/site-packages/gltest/direct/loader.py:57: in load_contract_class
    module = _load_module(contract_path)
             ^^^^^^^^^^^^^^^^^^^^^^^^^^^
_ _ _ _ _ _ _ _ _ _ _ _ _ _ _ _ _ _ _ _ _ _ _ _ _ _ _ _ _ _ _ _ _ _ _ _ _ _ _ _ 

contract_path = PosixPath('/workspace/scratch/6ad74b9a2f71/evidence-independence-matrix/contracts/evidence_independence_matrix.py')

    def _load_module(contract_path: Path) -> Any:
        """Load a Python module from file path."""
        module_name = f"_contract_{contract_path.stem}"
    
        if module_name in sys.modules:
            del sys.modules[module_name]
    
        spec = importlib.util.spec_from_file_location(module_name, contract_path)
        if spec is None or spec.loader is None:
            raise ImportError(f"Cannot load module from {contract_path}")
    
        module = importlib.util.module_from_spec(spec)
        sys.modules[module_name] = module
    
        try:
            spec.loader.exec_module(module)
        except Exception as e:
            if module_name in sys.modules:
                del sys.modules[module_name]
>           raise ImportError(f"Failed to load contract: {e}") from e
E           ImportError: Failed to load contract: closing parenthesis '}' does not match opening parenthesis '[' (evidence_independence_matrix.py, line 551)

/tmp/eim-phase3-env/lib/python3.12/site-packages/gltest/direct/loader.py:315: ImportError
____________ ERROR at setup of test_candidate_rejection[<lambda>12] ____________

contract_path = PosixPath('/workspace/scratch/6ad74b9a2f71/evidence-independence-matrix/contracts/evidence_independence_matrix.py')

    def _load_module(contract_path: Path) -> Any:
        """Load a Python module from file path."""
        module_name = f"_contract_{contract_path.stem}"
    
        if module_name in sys.modules:
            del sys.modules[module_name]
    
        spec = importlib.util.spec_from_file_location(module_name, contract_path)
        if spec is None or spec.loader is None:
            raise ImportError(f"Cannot load module from {contract_path}")
    
        module = importlib.util.module_from_spec(spec)
        sys.modules[module_name] = module
    
        try:
>           spec.loader.exec_module(module)
E             File "/workspace/scratch/6ad74b9a2f71/evidence-independence-matrix/contracts/evidence_independence_matrix.py", line 551
E               "relations": [p["relation"] for p in candidate["pairs"]}),
E                                                                      ^
E           SyntaxError: closing parenthesis '}' does not match opening parenthesis '['

/tmp/eim-phase3-env/lib/python3.12/site-packages/gltest/direct/loader.py:311: SyntaxError

The above exception was the direct cause of the following exception:

    @pytest.fixture(scope="session")
    def eim():
        archive = download_artifacts("v0.2.16")
        with archive.open("rb") as stream:
            assert hashlib.file_digest(stream, "sha256").hexdigest() == ARTIFACT_SHA256
        vm = VMContext()
        vm._sender = bytes.fromhex("ab" * 20)
        vm._contract_address = bytes.fromhex("cd" * 20)
        vm._chain_id = 61999
>       cls = load_contract_class(ROOT / "contracts/evidence_independence_matrix.py", vm, sdk_version="v0.2.16")
              ^^^^^^^^^^^^^^^^^^^^^^^^^^^^^^^^^^^^^^^^^^^^^^^^^^^^^^^^^^^^^^^^^^^^^^^^^^^^^^^^^^^^^^^^^^^^^^^^^^

tests/conftest.py:21: 
_ _ _ _ _ _ _ _ _ _ _ _ _ _ _ _ _ _ _ _ _ _ _ _ _ _ _ _ _ _ _ _ _ _ _ _ _ _ _ _ 
/tmp/eim-phase3-env/lib/python3.12/site-packages/gltest/direct/loader.py:57: in load_contract_class
    module = _load_module(contract_path)
             ^^^^^^^^^^^^^^^^^^^^^^^^^^^
_ _ _ _ _ _ _ _ _ _ _ _ _ _ _ _ _ _ _ _ _ _ _ _ _ _ _ _ _ _ _ _ _ _ _ _ _ _ _ _ 

contract_path = PosixPath('/workspace/scratch/6ad74b9a2f71/evidence-independence-matrix/contracts/evidence_independence_matrix.py')

    def _load_module(contract_path: Path) -> Any:
        """Load a Python module from file path."""
        module_name = f"_contract_{contract_path.stem}"
    
        if module_name in sys.modules:
            del sys.modules[module_name]
    
        spec = importlib.util.spec_from_file_location(module_name, contract_path)
        if spec is None or spec.loader is None:
            raise ImportError(f"Cannot load module from {contract_path}")
    
        module = importlib.util.module_from_spec(spec)
        sys.modules[module_name] = module
    
        try:
            spec.loader.exec_module(module)
        except Exception as e:
            if module_name in sys.modules:
                del sys.modules[module_name]
>           raise ImportError(f"Failed to load contract: {e}") from e
E           ImportError: Failed to load contract: closing parenthesis '}' does not match opening parenthesis '[' (evidence_independence_matrix.py, line 551)

/tmp/eim-phase3-env/lib/python3.12/site-packages/gltest/direct/loader.py:315: ImportError
____________ ERROR at setup of test_candidate_rejection[<lambda>13] ____________

contract_path = PosixPath('/workspace/scratch/6ad74b9a2f71/evidence-independence-matrix/contracts/evidence_independence_matrix.py')

    def _load_module(contract_path: Path) -> Any:
        """Load a Python module from file path."""
        module_name = f"_contract_{contract_path.stem}"
    
        if module_name in sys.modules:
            del sys.modules[module_name]
    
        spec = importlib.util.spec_from_file_location(module_name, contract_path)
        if spec is None or spec.loader is None:
            raise ImportError(f"Cannot load module from {contract_path}")
    
        module = importlib.util.module_from_spec(spec)
        sys.modules[module_name] = module
    
        try:
>           spec.loader.exec_module(module)
E             File "/workspace/scratch/6ad74b9a2f71/evidence-independence-matrix/contracts/evidence_independence_matrix.py", line 551
E               "relations": [p["relation"] for p in candidate["pairs"]}),
E                                                                      ^
E           SyntaxError: closing parenthesis '}' does not match opening parenthesis '['

/tmp/eim-phase3-env/lib/python3.12/site-packages/gltest/direct/loader.py:311: SyntaxError

The above exception was the direct cause of the following exception:

    @pytest.fixture(scope="session")
    def eim():
        archive = download_artifacts("v0.2.16")
        with archive.open("rb") as stream:
            assert hashlib.file_digest(stream, "sha256").hexdigest() == ARTIFACT_SHA256
        vm = VMContext()
        vm._sender = bytes.fromhex("ab" * 20)
        vm._contract_address = bytes.fromhex("cd" * 20)
        vm._chain_id = 61999
>       cls = load_contract_class(ROOT / "contracts/evidence_independence_matrix.py", vm, sdk_version="v0.2.16")
              ^^^^^^^^^^^^^^^^^^^^^^^^^^^^^^^^^^^^^^^^^^^^^^^^^^^^^^^^^^^^^^^^^^^^^^^^^^^^^^^^^^^^^^^^^^^^^^^^^^

tests/conftest.py:21: 
_ _ _ _ _ _ _ _ _ _ _ _ _ _ _ _ _ _ _ _ _ _ _ _ _ _ _ _ _ _ _ _ _ _ _ _ _ _ _ _ 
/tmp/eim-phase3-env/lib/python3.12/site-packages/gltest/direct/loader.py:57: in load_contract_class
    module = _load_module(contract_path)
             ^^^^^^^^^^^^^^^^^^^^^^^^^^^
_ _ _ _ _ _ _ _ _ _ _ _ _ _ _ _ _ _ _ _ _ _ _ _ _ _ _ _ _ _ _ _ _ _ _ _ _ _ _ _ 

contract_path = PosixPath('/workspace/scratch/6ad74b9a2f71/evidence-independence-matrix/contracts/evidence_independence_matrix.py')

    def _load_module(contract_path: Path) -> Any:
        """Load a Python module from file path."""
        module_name = f"_contract_{contract_path.stem}"
    
        if module_name in sys.modules:
            del sys.modules[module_name]
    
        spec = importlib.util.spec_from_file_location(module_name, contract_path)
        if spec is None or spec.loader is None:
            raise ImportError(f"Cannot load module from {contract_path}")
    
        module = importlib.util.module_from_spec(spec)
        sys.modules[module_name] = module
    
        try:
            spec.loader.exec_module(module)
        except Exception as e:
            if module_name in sys.modules:
                del sys.modules[module_name]
>           raise ImportError(f"Failed to load contract: {e}") from e
E           ImportError: Failed to load contract: closing parenthesis '}' does not match opening parenthesis '[' (evidence_independence_matrix.py, line 551)

/tmp/eim-phase3-env/lib/python3.12/site-packages/gltest/direct/loader.py:315: ImportError
____________ ERROR at setup of test_candidate_rejection[<lambda>14] ____________

contract_path = PosixPath('/workspace/scratch/6ad74b9a2f71/evidence-independence-matrix/contracts/evidence_independence_matrix.py')

    def _load_module(contract_path: Path) -> Any:
        """Load a Python module from file path."""
        module_name = f"_contract_{contract_path.stem}"
    
        if module_name in sys.modules:
            del sys.modules[module_name]
    
        spec = importlib.util.spec_from_file_location(module_name, contract_path)
        if spec is None or spec.loader is None:
            raise ImportError(f"Cannot load module from {contract_path}")
    
        module = importlib.util.module_from_spec(spec)
        sys.modules[module_name] = module
    
        try:
>           spec.loader.exec_module(module)
E             File "/workspace/scratch/6ad74b9a2f71/evidence-independence-matrix/contracts/evidence_independence_matrix.py", line 551
E               "relations": [p["relation"] for p in candidate["pairs"]}),
E                                                                      ^
E           SyntaxError: closing parenthesis '}' does not match opening parenthesis '['

/tmp/eim-phase3-env/lib/python3.12/site-packages/gltest/direct/loader.py:311: SyntaxError

The above exception was the direct cause of the following exception:

    @pytest.fixture(scope="session")
    def eim():
        archive = download_artifacts("v0.2.16")
        with archive.open("rb") as stream:
            assert hashlib.file_digest(stream, "sha256").hexdigest() == ARTIFACT_SHA256
        vm = VMContext()
        vm._sender = bytes.fromhex("ab" * 20)
        vm._contract_address = bytes.fromhex("cd" * 20)
        vm._chain_id = 61999
>       cls = load_contract_class(ROOT / "contracts/evidence_independence_matrix.py", vm, sdk_version="v0.2.16")
              ^^^^^^^^^^^^^^^^^^^^^^^^^^^^^^^^^^^^^^^^^^^^^^^^^^^^^^^^^^^^^^^^^^^^^^^^^^^^^^^^^^^^^^^^^^^^^^^^^^

tests/conftest.py:21: 
_ _ _ _ _ _ _ _ _ _ _ _ _ _ _ _ _ _ _ _ _ _ _ _ _ _ _ _ _ _ _ _ _ _ _ _ _ _ _ _ 
/tmp/eim-phase3-env/lib/python3.12/site-packages/gltest/direct/loader.py:57: in load_contract_class
    module = _load_module(contract_path)
             ^^^^^^^^^^^^^^^^^^^^^^^^^^^
_ _ _ _ _ _ _ _ _ _ _ _ _ _ _ _ _ _ _ _ _ _ _ _ _ _ _ _ _ _ _ _ _ _ _ _ _ _ _ _ 

contract_path = PosixPath('/workspace/scratch/6ad74b9a2f71/evidence-independence-matrix/contracts/evidence_independence_matrix.py')

    def _load_module(contract_path: Path) -> Any:
        """Load a Python module from file path."""
        module_name = f"_contract_{contract_path.stem}"
    
        if module_name in sys.modules:
            del sys.modules[module_name]
    
        spec = importlib.util.spec_from_file_location(module_name, contract_path)
        if spec is None or spec.loader is None:
            raise ImportError(f"Cannot load module from {contract_path}")
    
        module = importlib.util.module_from_spec(spec)
        sys.modules[module_name] = module
    
        try:
            spec.loader.exec_module(module)
        except Exception as e:
            if module_name in sys.modules:
                del sys.modules[module_name]
>           raise ImportError(f"Failed to load contract: {e}") from e
E           ImportError: Failed to load contract: closing parenthesis '}' does not match opening parenthesis '[' (evidence_independence_matrix.py, line 551)

/tmp/eim-phase3-env/lib/python3.12/site-packages/gltest/direct/loader.py:315: ImportError
____________ ERROR at setup of test_candidate_rejection[<lambda>15] ____________

contract_path = PosixPath('/workspace/scratch/6ad74b9a2f71/evidence-independence-matrix/contracts/evidence_independence_matrix.py')

    def _load_module(contract_path: Path) -> Any:
        """Load a Python module from file path."""
        module_name = f"_contract_{contract_path.stem}"
    
        if module_name in sys.modules:
            del sys.modules[module_name]
    
        spec = importlib.util.spec_from_file_location(module_name, contract_path)
        if spec is None or spec.loader is None:
            raise ImportError(f"Cannot load module from {contract_path}")
    
        module = importlib.util.module_from_spec(spec)
        sys.modules[module_name] = module
    
        try:
>           spec.loader.exec_module(module)
E             File "/workspace/scratch/6ad74b9a2f71/evidence-independence-matrix/contracts/evidence_independence_matrix.py", line 551
E               "relations": [p["relation"] for p in candidate["pairs"]}),
E                                                                      ^
E           SyntaxError: closing parenthesis '}' does not match opening parenthesis '['

/tmp/eim-phase3-env/lib/python3.12/site-packages/gltest/direct/loader.py:311: SyntaxError

The above exception was the direct cause of the following exception:

    @pytest.fixture(scope="session")
    def eim():
        archive = download_artifacts("v0.2.16")
        with archive.open("rb") as stream:
            assert hashlib.file_digest(stream, "sha256").hexdigest() == ARTIFACT_SHA256
        vm = VMContext()
        vm._sender = bytes.fromhex("ab" * 20)
        vm._contract_address = bytes.fromhex("cd" * 20)
        vm._chain_id = 61999
>       cls = load_contract_class(ROOT / "contracts/evidence_independence_matrix.py", vm, sdk_version="v0.2.16")
              ^^^^^^^^^^^^^^^^^^^^^^^^^^^^^^^^^^^^^^^^^^^^^^^^^^^^^^^^^^^^^^^^^^^^^^^^^^^^^^^^^^^^^^^^^^^^^^^^^^

tests/conftest.py:21: 
_ _ _ _ _ _ _ _ _ _ _ _ _ _ _ _ _ _ _ _ _ _ _ _ _ _ _ _ _ _ _ _ _ _ _ _ _ _ _ _ 
/tmp/eim-phase3-env/lib/python3.12/site-packages/gltest/direct/loader.py:57: in load_contract_class
    module = _load_module(contract_path)
             ^^^^^^^^^^^^^^^^^^^^^^^^^^^
_ _ _ _ _ _ _ _ _ _ _ _ _ _ _ _ _ _ _ _ _ _ _ _ _ _ _ _ _ _ _ _ _ _ _ _ _ _ _ _ 

contract_path = PosixPath('/workspace/scratch/6ad74b9a2f71/evidence-independence-matrix/contracts/evidence_independence_matrix.py')

    def _load_module(contract_path: Path) -> Any:
        """Load a Python module from file path."""
        module_name = f"_contract_{contract_path.stem}"
    
        if module_name in sys.modules:
            del sys.modules[module_name]
    
        spec = importlib.util.spec_from_file_location(module_name, contract_path)
        if spec is None or spec.loader is None:
            raise ImportError(f"Cannot load module from {contract_path}")
    
        module = importlib.util.module_from_spec(spec)
        sys.modules[module_name] = module
    
        try:
            spec.loader.exec_module(module)
        except Exception as e:
            if module_name in sys.modules:
                del sys.modules[module_name]
>           raise ImportError(f"Failed to load contract: {e}") from e
E           ImportError: Failed to load contract: closing parenthesis '}' does not match opening parenthesis '[' (evidence_independence_matrix.py, line 551)

/tmp/eim-phase3-env/lib/python3.12/site-packages/gltest/direct/loader.py:315: ImportError
____________ ERROR at setup of test_candidate_rejection[<lambda>16] ____________

contract_path = PosixPath('/workspace/scratch/6ad74b9a2f71/evidence-independence-matrix/contracts/evidence_independence_matrix.py')

    def _load_module(contract_path: Path) -> Any:
        """Load a Python module from file path."""
        module_name = f"_contract_{contract_path.stem}"
    
        if module_name in sys.modules:
            del sys.modules[module_name]
    
        spec = importlib.util.spec_from_file_location(module_name, contract_path)
        if spec is None or spec.loader is None:
            raise ImportError(f"Cannot load module from {contract_path}")
    
        module = importlib.util.module_from_spec(spec)
        sys.modules[module_name] = module
    
        try:
>           spec.loader.exec_module(module)
E             File "/workspace/scratch/6ad74b9a2f71/evidence-independence-matrix/contracts/evidence_independence_matrix.py", line 551
E               "relations": [p["relation"] for p in candidate["pairs"]}),
E                                                                      ^
E           SyntaxError: closing parenthesis '}' does not match opening parenthesis '['

/tmp/eim-phase3-env/lib/python3.12/site-packages/gltest/direct/loader.py:311: SyntaxError

The above exception was the direct cause of the following exception:

    @pytest.fixture(scope="session")
    def eim():
        archive = download_artifacts("v0.2.16")
        with archive.open("rb") as stream:
            assert hashlib.file_digest(stream, "sha256").hexdigest() == ARTIFACT_SHA256
        vm = VMContext()
        vm._sender = bytes.fromhex("ab" * 20)
        vm._contract_address = bytes.fromhex("cd" * 20)
        vm._chain_id = 61999
>       cls = load_contract_class(ROOT / "contracts/evidence_independence_matrix.py", vm, sdk_version="v0.2.16")
              ^^^^^^^^^^^^^^^^^^^^^^^^^^^^^^^^^^^^^^^^^^^^^^^^^^^^^^^^^^^^^^^^^^^^^^^^^^^^^^^^^^^^^^^^^^^^^^^^^^

tests/conftest.py:21: 
_ _ _ _ _ _ _ _ _ _ _ _ _ _ _ _ _ _ _ _ _ _ _ _ _ _ _ _ _ _ _ _ _ _ _ _ _ _ _ _ 
/tmp/eim-phase3-env/lib/python3.12/site-packages/gltest/direct/loader.py:57: in load_contract_class
    module = _load_module(contract_path)
             ^^^^^^^^^^^^^^^^^^^^^^^^^^^
_ _ _ _ _ _ _ _ _ _ _ _ _ _ _ _ _ _ _ _ _ _ _ _ _ _ _ _ _ _ _ _ _ _ _ _ _ _ _ _ 

contract_path = PosixPath('/workspace/scratch/6ad74b9a2f71/evidence-independence-matrix/contracts/evidence_independence_matrix.py')

    def _load_module(contract_path: Path) -> Any:
        """Load a Python module from file path."""
        module_name = f"_contract_{contract_path.stem}"
    
        if module_name in sys.modules:
            del sys.modules[module_name]
    
        spec = importlib.util.spec_from_file_location(module_name, contract_path)
        if spec is None or spec.loader is None:
            raise ImportError(f"Cannot load module from {contract_path}")
    
        module = importlib.util.module_from_spec(spec)
        sys.modules[module_name] = module
    
        try:
            spec.loader.exec_module(module)
        except Exception as e:
            if module_name in sys.modules:
                del sys.modules[module_name]
>           raise ImportError(f"Failed to load contract: {e}") from e
E           ImportError: Failed to load contract: closing parenthesis '}' does not match opening parenthesis '[' (evidence_independence_matrix.py, line 551)

/tmp/eim-phase3-env/lib/python3.12/site-packages/gltest/direct/loader.py:315: ImportError
____________ ERROR at setup of test_candidate_rejection[<lambda>17] ____________

contract_path = PosixPath('/workspace/scratch/6ad74b9a2f71/evidence-independence-matrix/contracts/evidence_independence_matrix.py')

    def _load_module(contract_path: Path) -> Any:
        """Load a Python module from file path."""
        module_name = f"_contract_{contract_path.stem}"
    
        if module_name in sys.modules:
            del sys.modules[module_name]
    
        spec = importlib.util.spec_from_file_location(module_name, contract_path)
        if spec is None or spec.loader is None:
            raise ImportError(f"Cannot load module from {contract_path}")
    
        module = importlib.util.module_from_spec(spec)
        sys.modules[module_name] = module
    
        try:
>           spec.loader.exec_module(module)
E             File "/workspace/scratch/6ad74b9a2f71/evidence-independence-matrix/contracts/evidence_independence_matrix.py", line 551
E               "relations": [p["relation"] for p in candidate["pairs"]}),
E                                                                      ^
E           SyntaxError: closing parenthesis '}' does not match opening parenthesis '['

/tmp/eim-phase3-env/lib/python3.12/site-packages/gltest/direct/loader.py:311: SyntaxError

The above exception was the direct cause of the following exception:

    @pytest.fixture(scope="session")
    def eim():
        archive = download_artifacts("v0.2.16")
        with archive.open("rb") as stream:
            assert hashlib.file_digest(stream, "sha256").hexdigest() == ARTIFACT_SHA256
        vm = VMContext()
        vm._sender = bytes.fromhex("ab" * 20)
        vm._contract_address = bytes.fromhex("cd" * 20)
        vm._chain_id = 61999
>       cls = load_contract_class(ROOT / "contracts/evidence_independence_matrix.py", vm, sdk_version="v0.2.16")
              ^^^^^^^^^^^^^^^^^^^^^^^^^^^^^^^^^^^^^^^^^^^^^^^^^^^^^^^^^^^^^^^^^^^^^^^^^^^^^^^^^^^^^^^^^^^^^^^^^^

tests/conftest.py:21: 
_ _ _ _ _ _ _ _ _ _ _ _ _ _ _ _ _ _ _ _ _ _ _ _ _ _ _ _ _ _ _ _ _ _ _ _ _ _ _ _ 
/tmp/eim-phase3-env/lib/python3.12/site-packages/gltest/direct/loader.py:57: in load_contract_class
    module = _load_module(contract_path)
             ^^^^^^^^^^^^^^^^^^^^^^^^^^^
_ _ _ _ _ _ _ _ _ _ _ _ _ _ _ _ _ _ _ _ _ _ _ _ _ _ _ _ _ _ _ _ _ _ _ _ _ _ _ _ 

contract_path = PosixPath('/workspace/scratch/6ad74b9a2f71/evidence-independence-matrix/contracts/evidence_independence_matrix.py')

    def _load_module(contract_path: Path) -> Any:
        """Load a Python module from file path."""
        module_name = f"_contract_{contract_path.stem}"
    
        if module_name in sys.modules:
            del sys.modules[module_name]
    
        spec = importlib.util.spec_from_file_location(module_name, contract_path)
        if spec is None or spec.loader is None:
            raise ImportError(f"Cannot load module from {contract_path}")
    
        module = importlib.util.module_from_spec(spec)
        sys.modules[module_name] = module
    
        try:
            spec.loader.exec_module(module)
        except Exception as e:
            if module_name in sys.modules:
                del sys.modules[module_name]
>           raise ImportError(f"Failed to load contract: {e}") from e
E           ImportError: Failed to load contract: closing parenthesis '}' does not match opening parenthesis '[' (evidence_independence_matrix.py, line 551)

/tmp/eim-phase3-env/lib/python3.12/site-packages/gltest/direct/loader.py:315: ImportError
____________ ERROR at setup of test_candidate_rejection[<lambda>18] ____________

contract_path = PosixPath('/workspace/scratch/6ad74b9a2f71/evidence-independence-matrix/contracts/evidence_independence_matrix.py')

    def _load_module(contract_path: Path) -> Any:
        """Load a Python module from file path."""
        module_name = f"_contract_{contract_path.stem}"
    
        if module_name in sys.modules:
            del sys.modules[module_name]
    
        spec = importlib.util.spec_from_file_location(module_name, contract_path)
        if spec is None or spec.loader is None:
            raise ImportError(f"Cannot load module from {contract_path}")
    
        module = importlib.util.module_from_spec(spec)
        sys.modules[module_name] = module
    
        try:
>           spec.loader.exec_module(module)
E             File "/workspace/scratch/6ad74b9a2f71/evidence-independence-matrix/contracts/evidence_independence_matrix.py", line 551
E               "relations": [p["relation"] for p in candidate["pairs"]}),
E                                                                      ^
E           SyntaxError: closing parenthesis '}' does not match opening parenthesis '['

/tmp/eim-phase3-env/lib/python3.12/site-packages/gltest/direct/loader.py:311: SyntaxError

The above exception was the direct cause of the following exception:

    @pytest.fixture(scope="session")
    def eim():
        archive = download_artifacts("v0.2.16")
        with archive.open("rb") as stream:
            assert hashlib.file_digest(stream, "sha256").hexdigest() == ARTIFACT_SHA256
        vm = VMContext()
        vm._sender = bytes.fromhex("ab" * 20)
        vm._contract_address = bytes.fromhex("cd" * 20)
        vm._chain_id = 61999
>       cls = load_contract_class(ROOT / "contracts/evidence_independence_matrix.py", vm, sdk_version="v0.2.16")
              ^^^^^^^^^^^^^^^^^^^^^^^^^^^^^^^^^^^^^^^^^^^^^^^^^^^^^^^^^^^^^^^^^^^^^^^^^^^^^^^^^^^^^^^^^^^^^^^^^^

tests/conftest.py:21: 
_ _ _ _ _ _ _ _ _ _ _ _ _ _ _ _ _ _ _ _ _ _ _ _ _ _ _ _ _ _ _ _ _ _ _ _ _ _ _ _ 
/tmp/eim-phase3-env/lib/python3.12/site-packages/gltest/direct/loader.py:57: in load_contract_class
    module = _load_module(contract_path)
             ^^^^^^^^^^^^^^^^^^^^^^^^^^^
_ _ _ _ _ _ _ _ _ _ _ _ _ _ _ _ _ _ _ _ _ _ _ _ _ _ _ _ _ _ _ _ _ _ _ _ _ _ _ _ 

contract_path = PosixPath('/workspace/scratch/6ad74b9a2f71/evidence-independence-matrix/contracts/evidence_independence_matrix.py')

    def _load_module(contract_path: Path) -> Any:
        """Load a Python module from file path."""
        module_name = f"_contract_{contract_path.stem}"
    
        if module_name in sys.modules:
            del sys.modules[module_name]
    
        spec = importlib.util.spec_from_file_location(module_name, contract_path)
        if spec is None or spec.loader is None:
            raise ImportError(f"Cannot load module from {contract_path}")
    
        module = importlib.util.module_from_spec(spec)
        sys.modules[module_name] = module
    
        try:
            spec.loader.exec_module(module)
        except Exception as e:
            if module_name in sys.modules:
                del sys.modules[module_name]
>           raise ImportError(f"Failed to load contract: {e}") from e
E           ImportError: Failed to load contract: closing parenthesis '}' does not match opening parenthesis '[' (evidence_independence_matrix.py, line 551)

/tmp/eim-phase3-env/lib/python3.12/site-packages/gltest/direct/loader.py:315: ImportError
____________ ERROR at setup of test_candidate_rejection[<lambda>19] ____________

contract_path = PosixPath('/workspace/scratch/6ad74b9a2f71/evidence-independence-matrix/contracts/evidence_independence_matrix.py')

    def _load_module(contract_path: Path) -> Any:
        """Load a Python module from file path."""
        module_name = f"_contract_{contract_path.stem}"
    
        if module_name in sys.modules:
            del sys.modules[module_name]
    
        spec = importlib.util.spec_from_file_location(module_name, contract_path)
        if spec is None or spec.loader is None:
            raise ImportError(f"Cannot load module from {contract_path}")
    
        module = importlib.util.module_from_spec(spec)
        sys.modules[module_name] = module
    
        try:
>           spec.loader.exec_module(module)
E             File "/workspace/scratch/6ad74b9a2f71/evidence-independence-matrix/contracts/evidence_independence_matrix.py", line 551
E               "relations": [p["relation"] for p in candidate["pairs"]}),
E                                                                      ^
E           SyntaxError: closing parenthesis '}' does not match opening parenthesis '['

/tmp/eim-phase3-env/lib/python3.12/site-packages/gltest/direct/loader.py:311: SyntaxError

The above exception was the direct cause of the following exception:

    @pytest.fixture(scope="session")
    def eim():
        archive = download_artifacts("v0.2.16")
        with archive.open("rb") as stream:
            assert hashlib.file_digest(stream, "sha256").hexdigest() == ARTIFACT_SHA256
        vm = VMContext()
        vm._sender = bytes.fromhex("ab" * 20)
        vm._contract_address = bytes.fromhex("cd" * 20)
        vm._chain_id = 61999
>       cls = load_contract_class(ROOT / "contracts/evidence_independence_matrix.py", vm, sdk_version="v0.2.16")
              ^^^^^^^^^^^^^^^^^^^^^^^^^^^^^^^^^^^^^^^^^^^^^^^^^^^^^^^^^^^^^^^^^^^^^^^^^^^^^^^^^^^^^^^^^^^^^^^^^^

tests/conftest.py:21: 
_ _ _ _ _ _ _ _ _ _ _ _ _ _ _ _ _ _ _ _ _ _ _ _ _ _ _ _ _ _ _ _ _ _ _ _ _ _ _ _ 
/tmp/eim-phase3-env/lib/python3.12/site-packages/gltest/direct/loader.py:57: in load_contract_class
    module = _load_module(contract_path)
             ^^^^^^^^^^^^^^^^^^^^^^^^^^^
_ _ _ _ _ _ _ _ _ _ _ _ _ _ _ _ _ _ _ _ _ _ _ _ _ _ _ _ _ _ _ _ _ _ _ _ _ _ _ _ 

contract_path = PosixPath('/workspace/scratch/6ad74b9a2f71/evidence-independence-matrix/contracts/evidence_independence_matrix.py')

    def _load_module(contract_path: Path) -> Any:
        """Load a Python module from file path."""
        module_name = f"_contract_{contract_path.stem}"
    
        if module_name in sys.modules:
            del sys.modules[module_name]
    
        spec = importlib.util.spec_from_file_location(module_name, contract_path)
        if spec is None or spec.loader is None:
            raise ImportError(f"Cannot load module from {contract_path}")
    
        module = importlib.util.module_from_spec(spec)
        sys.modules[module_name] = module
    
        try:
            spec.loader.exec_module(module)
        except Exception as e:
            if module_name in sys.modules:
                del sys.modules[module_name]
>           raise ImportError(f"Failed to load contract: {e}") from e
E           ImportError: Failed to load contract: closing parenthesis '}' does not match opening parenthesis '[' (evidence_independence_matrix.py, line 551)

/tmp/eim-phase3-env/lib/python3.12/site-packages/gltest/direct/loader.py:315: ImportError
_____ ERROR at setup of test_source_invariants[UNAVAILABLE-RELEVANT-None] ______

contract_path = PosixPath('/workspace/scratch/6ad74b9a2f71/evidence-independence-matrix/contracts/evidence_independence_matrix.py')

    def _load_module(contract_path: Path) -> Any:
        """Load a Python module from file path."""
        module_name = f"_contract_{contract_path.stem}"
    
        if module_name in sys.modules:
            del sys.modules[module_name]
    
        spec = importlib.util.spec_from_file_location(module_name, contract_path)
        if spec is None or spec.loader is None:
            raise ImportError(f"Cannot load module from {contract_path}")
    
        module = importlib.util.module_from_spec(spec)
        sys.modules[module_name] = module
    
        try:
>           spec.loader.exec_module(module)
E             File "/workspace/scratch/6ad74b9a2f71/evidence-independence-matrix/contracts/evidence_independence_matrix.py", line 551
E               "relations": [p["relation"] for p in candidate["pairs"]}),
E                                                                      ^
E           SyntaxError: closing parenthesis '}' does not match opening parenthesis '['

/tmp/eim-phase3-env/lib/python3.12/site-packages/gltest/direct/loader.py:311: SyntaxError

The above exception was the direct cause of the following exception:

    @pytest.fixture(scope="session")
    def eim():
        archive = download_artifacts("v0.2.16")
        with archive.open("rb") as stream:
            assert hashlib.file_digest(stream, "sha256").hexdigest() == ARTIFACT_SHA256
        vm = VMContext()
        vm._sender = bytes.fromhex("ab" * 20)
        vm._contract_address = bytes.fromhex("cd" * 20)
        vm._chain_id = 61999
>       cls = load_contract_class(ROOT / "contracts/evidence_independence_matrix.py", vm, sdk_version="v0.2.16")
              ^^^^^^^^^^^^^^^^^^^^^^^^^^^^^^^^^^^^^^^^^^^^^^^^^^^^^^^^^^^^^^^^^^^^^^^^^^^^^^^^^^^^^^^^^^^^^^^^^^

tests/conftest.py:21: 
_ _ _ _ _ _ _ _ _ _ _ _ _ _ _ _ _ _ _ _ _ _ _ _ _ _ _ _ _ _ _ _ _ _ _ _ _ _ _ _ 
/tmp/eim-phase3-env/lib/python3.12/site-packages/gltest/direct/loader.py:57: in load_contract_class
    module = _load_module(contract_path)
             ^^^^^^^^^^^^^^^^^^^^^^^^^^^
_ _ _ _ _ _ _ _ _ _ _ _ _ _ _ _ _ _ _ _ _ _ _ _ _ _ _ _ _ _ _ _ _ _ _ _ _ _ _ _ 

contract_path = PosixPath('/workspace/scratch/6ad74b9a2f71/evidence-independence-matrix/contracts/evidence_independence_matrix.py')

    def _load_module(contract_path: Path) -> Any:
        """Load a Python module from file path."""
        module_name = f"_contract_{contract_path.stem}"
    
        if module_name in sys.modules:
            del sys.modules[module_name]
    
        spec = importlib.util.spec_from_file_location(module_name, contract_path)
        if spec is None or spec.loader is None:
            raise ImportError(f"Cannot load module from {contract_path}")
    
        module = importlib.util.module_from_spec(spec)
        sys.modules[module_name] = module
    
        try:
            spec.loader.exec_module(module)
        except Exception as e:
            if module_name in sys.modules:
                del sys.modules[module_name]
>           raise ImportError(f"Failed to load contract: {e}") from e
E           ImportError: Failed to load contract: closing parenthesis '}' does not match opening parenthesis '[' (evidence_independence_matrix.py, line 551)

/tmp/eim-phase3-env/lib/python3.12/site-packages/gltest/direct/loader.py:315: ImportError
_ ERROR at setup of test_source_invariants[UNSUPPORTED-NOT_APPLICABLE-aaaaaaaaaaaaaaaaaaaaaaaaaaaaaaaaaaaaaaaaaaaaaaaaaaaaaaaaaaaaaaaa] _

contract_path = PosixPath('/workspace/scratch/6ad74b9a2f71/evidence-independence-matrix/contracts/evidence_independence_matrix.py')

    def _load_module(contract_path: Path) -> Any:
        """Load a Python module from file path."""
        module_name = f"_contract_{contract_path.stem}"
    
        if module_name in sys.modules:
            del sys.modules[module_name]
    
        spec = importlib.util.spec_from_file_location(module_name, contract_path)
        if spec is None or spec.loader is None:
            raise ImportError(f"Cannot load module from {contract_path}")
    
        module = importlib.util.module_from_spec(spec)
        sys.modules[module_name] = module
    
        try:
>           spec.loader.exec_module(module)
E             File "/workspace/scratch/6ad74b9a2f71/evidence-independence-matrix/contracts/evidence_independence_matrix.py", line 551
E               "relations": [p["relation"] for p in candidate["pairs"]}),
E                                                                      ^
E           SyntaxError: closing parenthesis '}' does not match opening parenthesis '['

/tmp/eim-phase3-env/lib/python3.12/site-packages/gltest/direct/loader.py:311: SyntaxError

The above exception was the direct cause of the following exception:

    @pytest.fixture(scope="session")
    def eim():
        archive = download_artifacts("v0.2.16")
        with archive.open("rb") as stream:
            assert hashlib.file_digest(stream, "sha256").hexdigest() == ARTIFACT_SHA256
        vm = VMContext()
        vm._sender = bytes.fromhex("ab" * 20)
        vm._contract_address = bytes.fromhex("cd" * 20)
        vm._chain_id = 61999
>       cls = load_contract_class(ROOT / "contracts/evidence_independence_matrix.py", vm, sdk_version="v0.2.16")
              ^^^^^^^^^^^^^^^^^^^^^^^^^^^^^^^^^^^^^^^^^^^^^^^^^^^^^^^^^^^^^^^^^^^^^^^^^^^^^^^^^^^^^^^^^^^^^^^^^^

tests/conftest.py:21: 
_ _ _ _ _ _ _ _ _ _ _ _ _ _ _ _ _ _ _ _ _ _ _ _ _ _ _ _ _ _ _ _ _ _ _ _ _ _ _ _ 
/tmp/eim-phase3-env/lib/python3.12/site-packages/gltest/direct/loader.py:57: in load_contract_class
    module = _load_module(contract_path)
             ^^^^^^^^^^^^^^^^^^^^^^^^^^^
_ _ _ _ _ _ _ _ _ _ _ _ _ _ _ _ _ _ _ _ _ _ _ _ _ _ _ _ _ _ _ _ _ _ _ _ _ _ _ _ 

contract_path = PosixPath('/workspace/scratch/6ad74b9a2f71/evidence-independence-matrix/contracts/evidence_independence_matrix.py')

    def _load_module(contract_path: Path) -> Any:
        """Load a Python module from file path."""
        module_name = f"_contract_{contract_path.stem}"
    
        if module_name in sys.modules:
            del sys.modules[module_name]
    
        spec = importlib.util.spec_from_file_location(module_name, contract_path)
        if spec is None or spec.loader is None:
            raise ImportError(f"Cannot load module from {contract_path}")
    
        module = importlib.util.module_from_spec(spec)
        sys.modules[module_name] = module
    
        try:
            spec.loader.exec_module(module)
        except Exception as e:
            if module_name in sys.modules:
                del sys.modules[module_name]
>           raise ImportError(f"Failed to load contract: {e}") from e
E           ImportError: Failed to load contract: closing parenthesis '}' does not match opening parenthesis '[' (evidence_independence_matrix.py, line 551)

/tmp/eim-phase3-env/lib/python3.12/site-packages/gltest/direct/loader.py:315: ImportError
_ ERROR at setup of test_source_invariants[READABLE-NOT_APPLICABLE-aaaaaaaaaaaaaaaaaaaaaaaaaaaaaaaaaaaaaaaaaaaaaaaaaaaaaaaaaaaaaaaa] _

contract_path = PosixPath('/workspace/scratch/6ad74b9a2f71/evidence-independence-matrix/contracts/evidence_independence_matrix.py')

    def _load_module(contract_path: Path) -> Any:
        """Load a Python module from file path."""
        module_name = f"_contract_{contract_path.stem}"
    
        if module_name in sys.modules:
            del sys.modules[module_name]
    
        spec = importlib.util.spec_from_file_location(module_name, contract_path)
        if spec is None or spec.loader is None:
            raise ImportError(f"Cannot load module from {contract_path}")
    
        module = importlib.util.module_from_spec(spec)
        sys.modules[module_name] = module
    
        try:
>           spec.loader.exec_module(module)
E             File "/workspace/scratch/6ad74b9a2f71/evidence-independence-matrix/contracts/evidence_independence_matrix.py", line 551
E               "relations": [p["relation"] for p in candidate["pairs"]}),
E                                                                      ^
E           SyntaxError: closing parenthesis '}' does not match opening parenthesis '['

/tmp/eim-phase3-env/lib/python3.12/site-packages/gltest/direct/loader.py:311: SyntaxError

The above exception was the direct cause of the following exception:

    @pytest.fixture(scope="session")
    def eim():
        archive = download_artifacts("v0.2.16")
        with archive.open("rb") as stream:
            assert hashlib.file_digest(stream, "sha256").hexdigest() == ARTIFACT_SHA256
        vm = VMContext()
        vm._sender = bytes.fromhex("ab" * 20)
        vm._contract_address = bytes.fromhex("cd" * 20)
        vm._chain_id = 61999
>       cls = load_contract_class(ROOT / "contracts/evidence_independence_matrix.py", vm, sdk_version="v0.2.16")
              ^^^^^^^^^^^^^^^^^^^^^^^^^^^^^^^^^^^^^^^^^^^^^^^^^^^^^^^^^^^^^^^^^^^^^^^^^^^^^^^^^^^^^^^^^^^^^^^^^^

tests/conftest.py:21: 
_ _ _ _ _ _ _ _ _ _ _ _ _ _ _ _ _ _ _ _ _ _ _ _ _ _ _ _ _ _ _ _ _ _ _ _ _ _ _ _ 
/tmp/eim-phase3-env/lib/python3.12/site-packages/gltest/direct/loader.py:57: in load_contract_class
    module = _load_module(contract_path)
             ^^^^^^^^^^^^^^^^^^^^^^^^^^^
_ _ _ _ _ _ _ _ _ _ _ _ _ _ _ _ _ _ _ _ _ _ _ _ _ _ _ _ _ _ _ _ _ _ _ _ _ _ _ _ 

contract_path = PosixPath('/workspace/scratch/6ad74b9a2f71/evidence-independence-matrix/contracts/evidence_independence_matrix.py')

    def _load_module(contract_path: Path) -> Any:
        """Load a Python module from file path."""
        module_name = f"_contract_{contract_path.stem}"
    
        if module_name in sys.modules:
            del sys.modules[module_name]
    
        spec = importlib.util.spec_from_file_location(module_name, contract_path)
        if spec is None or spec.loader is None:
            raise ImportError(f"Cannot load module from {contract_path}")
    
        module = importlib.util.module_from_spec(spec)
        sys.modules[module_name] = module
    
        try:
            spec.loader.exec_module(module)
        except Exception as e:
            if module_name in sys.modules:
                del sys.modules[module_name]
>           raise ImportError(f"Failed to load contract: {e}") from e
E           ImportError: Failed to load contract: closing parenthesis '}' does not match opening parenthesis '[' (evidence_independence_matrix.py, line 551)

/tmp/eim-phase3-env/lib/python3.12/site-packages/gltest/direct/loader.py:315: ImportError
_ ERROR at setup of test_source_invariants[READABLE-RELEVANT-aaaaaaaaaaaaaaaaaaaaaaaaaaaaaaaaaaaaaaaaaaaaaaaaaaaaaaaaaaaaaaa] _

contract_path = PosixPath('/workspace/scratch/6ad74b9a2f71/evidence-independence-matrix/contracts/evidence_independence_matrix.py')

    def _load_module(contract_path: Path) -> Any:
        """Load a Python module from file path."""
        module_name = f"_contract_{contract_path.stem}"
    
        if module_name in sys.modules:
            del sys.modules[module_name]
    
        spec = importlib.util.spec_from_file_location(module_name, contract_path)
        if spec is None or spec.loader is None:
            raise ImportError(f"Cannot load module from {contract_path}")
    
        module = importlib.util.module_from_spec(spec)
        sys.modules[module_name] = module
    
        try:
>           spec.loader.exec_module(module)
E             File "/workspace/scratch/6ad74b9a2f71/evidence-independence-matrix/contracts/evidence_independence_matrix.py", line 551
E               "relations": [p["relation"] for p in candidate["pairs"]}),
E                                                                      ^
E           SyntaxError: closing parenthesis '}' does not match opening parenthesis '['

/tmp/eim-phase3-env/lib/python3.12/site-packages/gltest/direct/loader.py:311: SyntaxError

The above exception was the direct cause of the following exception:

    @pytest.fixture(scope="session")
    def eim():
        archive = download_artifacts("v0.2.16")
        with archive.open("rb") as stream:
            assert hashlib.file_digest(stream, "sha256").hexdigest() == ARTIFACT_SHA256
        vm = VMContext()
        vm._sender = bytes.fromhex("ab" * 20)
        vm._contract_address = bytes.fromhex("cd" * 20)
        vm._chain_id = 61999
>       cls = load_contract_class(ROOT / "contracts/evidence_independence_matrix.py", vm, sdk_version="v0.2.16")
              ^^^^^^^^^^^^^^^^^^^^^^^^^^^^^^^^^^^^^^^^^^^^^^^^^^^^^^^^^^^^^^^^^^^^^^^^^^^^^^^^^^^^^^^^^^^^^^^^^^

tests/conftest.py:21: 
_ _ _ _ _ _ _ _ _ _ _ _ _ _ _ _ _ _ _ _ _ _ _ _ _ _ _ _ _ _ _ _ _ _ _ _ _ _ _ _ 
/tmp/eim-phase3-env/lib/python3.12/site-packages/gltest/direct/loader.py:57: in load_contract_class
    module = _load_module(contract_path)
             ^^^^^^^^^^^^^^^^^^^^^^^^^^^
_ _ _ _ _ _ _ _ _ _ _ _ _ _ _ _ _ _ _ _ _ _ _ _ _ _ _ _ _ _ _ _ _ _ _ _ _ _ _ _ 

contract_path = PosixPath('/workspace/scratch/6ad74b9a2f71/evidence-independence-matrix/contracts/evidence_independence_matrix.py')

    def _load_module(contract_path: Path) -> Any:
        """Load a Python module from file path."""
        module_name = f"_contract_{contract_path.stem}"
    
        if module_name in sys.modules:
            del sys.modules[module_name]
    
        spec = importlib.util.spec_from_file_location(module_name, contract_path)
        if spec is None or spec.loader is None:
            raise ImportError(f"Cannot load module from {contract_path}")
    
        module = importlib.util.module_from_spec(spec)
        sys.modules[module_name] = module
    
        try:
            spec.loader.exec_module(module)
        except Exception as e:
            if module_name in sys.modules:
                del sys.modules[module_name]
>           raise ImportError(f"Failed to load contract: {e}") from e
E           ImportError: Failed to load contract: closing parenthesis '}' does not match opening parenthesis '[' (evidence_independence_matrix.py, line 551)

/tmp/eim-phase3-env/lib/python3.12/site-packages/gltest/direct/loader.py:315: ImportError
______ ERROR at setup of test_noneligible_requires_unknown[NOT_RELEVANT] _______

contract_path = PosixPath('/workspace/scratch/6ad74b9a2f71/evidence-independence-matrix/contracts/evidence_independence_matrix.py')

    def _load_module(contract_path: Path) -> Any:
        """Load a Python module from file path."""
        module_name = f"_contract_{contract_path.stem}"
    
        if module_name in sys.modules:
            del sys.modules[module_name]
    
        spec = importlib.util.spec_from_file_location(module_name, contract_path)
        if spec is None or spec.loader is None:
            raise ImportError(f"Cannot load module from {contract_path}")
    
        module = importlib.util.module_from_spec(spec)
        sys.modules[module_name] = module
    
        try:
>           spec.loader.exec_module(module)
E             File "/workspace/scratch/6ad74b9a2f71/evidence-independence-matrix/contracts/evidence_independence_matrix.py", line 551
E               "relations": [p["relation"] for p in candidate["pairs"]}),
E                                                                      ^
E           SyntaxError: closing parenthesis '}' does not match opening parenthesis '['

/tmp/eim-phase3-env/lib/python3.12/site-packages/gltest/direct/loader.py:311: SyntaxError

The above exception was the direct cause of the following exception:

    @pytest.fixture(scope="session")
    def eim():
        archive = download_artifacts("v0.2.16")
        with archive.open("rb") as stream:
            assert hashlib.file_digest(stream, "sha256").hexdigest() == ARTIFACT_SHA256
        vm = VMContext()
        vm._sender = bytes.fromhex("ab" * 20)
        vm._contract_address = bytes.fromhex("cd" * 20)
        vm._chain_id = 61999
>       cls = load_contract_class(ROOT / "contracts/evidence_independence_matrix.py", vm, sdk_version="v0.2.16")
              ^^^^^^^^^^^^^^^^^^^^^^^^^^^^^^^^^^^^^^^^^^^^^^^^^^^^^^^^^^^^^^^^^^^^^^^^^^^^^^^^^^^^^^^^^^^^^^^^^^

tests/conftest.py:21: 
_ _ _ _ _ _ _ _ _ _ _ _ _ _ _ _ _ _ _ _ _ _ _ _ _ _ _ _ _ _ _ _ _ _ _ _ _ _ _ _ 
/tmp/eim-phase3-env/lib/python3.12/site-packages/gltest/direct/loader.py:57: in load_contract_class
    module = _load_module(contract_path)
             ^^^^^^^^^^^^^^^^^^^^^^^^^^^
_ _ _ _ _ _ _ _ _ _ _ _ _ _ _ _ _ _ _ _ _ _ _ _ _ _ _ _ _ _ _ _ _ _ _ _ _ _ _ _ 

contract_path = PosixPath('/workspace/scratch/6ad74b9a2f71/evidence-independence-matrix/contracts/evidence_independence_matrix.py')

    def _load_module(contract_path: Path) -> Any:
        """Load a Python module from file path."""
        module_name = f"_contract_{contract_path.stem}"
    
        if module_name in sys.modules:
            del sys.modules[module_name]
    
        spec = importlib.util.spec_from_file_location(module_name, contract_path)
        if spec is None or spec.loader is None:
            raise ImportError(f"Cannot load module from {contract_path}")
    
        module = importlib.util.module_from_spec(spec)
        sys.modules[module_name] = module
    
        try:
            spec.loader.exec_module(module)
        except Exception as e:
            if module_name in sys.modules:
                del sys.modules[module_name]
>           raise ImportError(f"Failed to load contract: {e}") from e
E           ImportError: Failed to load contract: closing parenthesis '}' does not match opening parenthesis '[' (evidence_independence_matrix.py, line 551)

/tmp/eim-phase3-env/lib/python3.12/site-packages/gltest/direct/loader.py:315: ImportError
________ ERROR at setup of test_noneligible_requires_unknown[UNCERTAIN] ________

contract_path = PosixPath('/workspace/scratch/6ad74b9a2f71/evidence-independence-matrix/contracts/evidence_independence_matrix.py')

    def _load_module(contract_path: Path) -> Any:
        """Load a Python module from file path."""
        module_name = f"_contract_{contract_path.stem}"
    
        if module_name in sys.modules:
            del sys.modules[module_name]
    
        spec = importlib.util.spec_from_file_location(module_name, contract_path)
        if spec is None or spec.loader is None:
            raise ImportError(f"Cannot load module from {contract_path}")
    
        module = importlib.util.module_from_spec(spec)
        sys.modules[module_name] = module
    
        try:
>           spec.loader.exec_module(module)
E             File "/workspace/scratch/6ad74b9a2f71/evidence-independence-matrix/contracts/evidence_independence_matrix.py", line 551
E               "relations": [p["relation"] for p in candidate["pairs"]}),
E                                                                      ^
E           SyntaxError: closing parenthesis '}' does not match opening parenthesis '['

/tmp/eim-phase3-env/lib/python3.12/site-packages/gltest/direct/loader.py:311: SyntaxError

The above exception was the direct cause of the following exception:

    @pytest.fixture(scope="session")
    def eim():
        archive = download_artifacts("v0.2.16")
        with archive.open("rb") as stream:
            assert hashlib.file_digest(stream, "sha256").hexdigest() == ARTIFACT_SHA256
        vm = VMContext()
        vm._sender = bytes.fromhex("ab" * 20)
        vm._contract_address = bytes.fromhex("cd" * 20)
        vm._chain_id = 61999
>       cls = load_contract_class(ROOT / "contracts/evidence_independence_matrix.py", vm, sdk_version="v0.2.16")
              ^^^^^^^^^^^^^^^^^^^^^^^^^^^^^^^^^^^^^^^^^^^^^^^^^^^^^^^^^^^^^^^^^^^^^^^^^^^^^^^^^^^^^^^^^^^^^^^^^^

tests/conftest.py:21: 
_ _ _ _ _ _ _ _ _ _ _ _ _ _ _ _ _ _ _ _ _ _ _ _ _ _ _ _ _ _ _ _ _ _ _ _ _ _ _ _ 
/tmp/eim-phase3-env/lib/python3.12/site-packages/gltest/direct/loader.py:57: in load_contract_class
    module = _load_module(contract_path)
             ^^^^^^^^^^^^^^^^^^^^^^^^^^^
_ _ _ _ _ _ _ _ _ _ _ _ _ _ _ _ _ _ _ _ _ _ _ _ _ _ _ _ _ _ _ _ _ _ _ _ _ _ _ _ 

contract_path = PosixPath('/workspace/scratch/6ad74b9a2f71/evidence-independence-matrix/contracts/evidence_independence_matrix.py')

    def _load_module(contract_path: Path) -> Any:
        """Load a Python module from file path."""
        module_name = f"_contract_{contract_path.stem}"
    
        if module_name in sys.modules:
            del sys.modules[module_name]
    
        spec = importlib.util.spec_from_file_location(module_name, contract_path)
        if spec is None or spec.loader is None:
            raise ImportError(f"Cannot load module from {contract_path}")
    
        module = importlib.util.module_from_spec(spec)
        sys.modules[module_name] = module
    
        try:
            spec.loader.exec_module(module)
        except Exception as e:
            if module_name in sys.modules:
                del sys.modules[module_name]
>           raise ImportError(f"Failed to load contract: {e}") from e
E           ImportError: Failed to load contract: closing parenthesis '}' does not match opening parenthesis '[' (evidence_independence_matrix.py, line 551)

/tmp/eim-phase3-env/lib/python3.12/site-packages/gltest/direct/loader.py:315: ImportError
_ ERROR at setup of test_postprocessing_cases[relations0-expected0-COMPLETE-counts0] _

contract_path = PosixPath('/workspace/scratch/6ad74b9a2f71/evidence-independence-matrix/contracts/evidence_independence_matrix.py')

    def _load_module(contract_path: Path) -> Any:
        """Load a Python module from file path."""
        module_name = f"_contract_{contract_path.stem}"
    
        if module_name in sys.modules:
            del sys.modules[module_name]
    
        spec = importlib.util.spec_from_file_location(module_name, contract_path)
        if spec is None or spec.loader is None:
            raise ImportError(f"Cannot load module from {contract_path}")
    
        module = importlib.util.module_from_spec(spec)
        sys.modules[module_name] = module
    
        try:
>           spec.loader.exec_module(module)
E             File "/workspace/scratch/6ad74b9a2f71/evidence-independence-matrix/contracts/evidence_independence_matrix.py", line 551
E               "relations": [p["relation"] for p in candidate["pairs"]}),
E                                                                      ^
E           SyntaxError: closing parenthesis '}' does not match opening parenthesis '['

/tmp/eim-phase3-env/lib/python3.12/site-packages/gltest/direct/loader.py:311: SyntaxError

The above exception was the direct cause of the following exception:

    @pytest.fixture(scope="session")
    def eim():
        archive = download_artifacts("v0.2.16")
        with archive.open("rb") as stream:
            assert hashlib.file_digest(stream, "sha256").hexdigest() == ARTIFACT_SHA256
        vm = VMContext()
        vm._sender = bytes.fromhex("ab" * 20)
        vm._contract_address = bytes.fromhex("cd" * 20)
        vm._chain_id = 61999
>       cls = load_contract_class(ROOT / "contracts/evidence_independence_matrix.py", vm, sdk_version="v0.2.16")
              ^^^^^^^^^^^^^^^^^^^^^^^^^^^^^^^^^^^^^^^^^^^^^^^^^^^^^^^^^^^^^^^^^^^^^^^^^^^^^^^^^^^^^^^^^^^^^^^^^^

tests/conftest.py:21: 
_ _ _ _ _ _ _ _ _ _ _ _ _ _ _ _ _ _ _ _ _ _ _ _ _ _ _ _ _ _ _ _ _ _ _ _ _ _ _ _ 
/tmp/eim-phase3-env/lib/python3.12/site-packages/gltest/direct/loader.py:57: in load_contract_class
    module = _load_module(contract_path)
             ^^^^^^^^^^^^^^^^^^^^^^^^^^^
_ _ _ _ _ _ _ _ _ _ _ _ _ _ _ _ _ _ _ _ _ _ _ _ _ _ _ _ _ _ _ _ _ _ _ _ _ _ _ _ 

contract_path = PosixPath('/workspace/scratch/6ad74b9a2f71/evidence-independence-matrix/contracts/evidence_independence_matrix.py')

    def _load_module(contract_path: Path) -> Any:
        """Load a Python module from file path."""
        module_name = f"_contract_{contract_path.stem}"
    
        if module_name in sys.modules:
            del sys.modules[module_name]
    
        spec = importlib.util.spec_from_file_location(module_name, contract_path)
        if spec is None or spec.loader is None:
            raise ImportError(f"Cannot load module from {contract_path}")
    
        module = importlib.util.module_from_spec(spec)
        sys.modules[module_name] = module
    
        try:
            spec.loader.exec_module(module)
        except Exception as e:
            if module_name in sys.modules:
                del sys.modules[module_name]
>           raise ImportError(f"Failed to load contract: {e}") from e
E           ImportError: Failed to load contract: closing parenthesis '}' does not match opening parenthesis '[' (evidence_independence_matrix.py, line 551)

/tmp/eim-phase3-env/lib/python3.12/site-packages/gltest/direct/loader.py:315: ImportError
_ ERROR at setup of test_postprocessing_cases[relations1-expected1-COMPLETE-counts1] _

contract_path = PosixPath('/workspace/scratch/6ad74b9a2f71/evidence-independence-matrix/contracts/evidence_independence_matrix.py')

    def _load_module(contract_path: Path) -> Any:
        """Load a Python module from file path."""
        module_name = f"_contract_{contract_path.stem}"
    
        if module_name in sys.modules:
            del sys.modules[module_name]
    
        spec = importlib.util.spec_from_file_location(module_name, contract_path)
        if spec is None or spec.loader is None:
            raise ImportError(f"Cannot load module from {contract_path}")
    
        module = importlib.util.module_from_spec(spec)
        sys.modules[module_name] = module
    
        try:
>           spec.loader.exec_module(module)
E             File "/workspace/scratch/6ad74b9a2f71/evidence-independence-matrix/contracts/evidence_independence_matrix.py", line 551
E               "relations": [p["relation"] for p in candidate["pairs"]}),
E                                                                      ^
E           SyntaxError: closing parenthesis '}' does not match opening parenthesis '['

/tmp/eim-phase3-env/lib/python3.12/site-packages/gltest/direct/loader.py:311: SyntaxError

The above exception was the direct cause of the following exception:

    @pytest.fixture(scope="session")
    def eim():
        archive = download_artifacts("v0.2.16")
        with archive.open("rb") as stream:
            assert hashlib.file_digest(stream, "sha256").hexdigest() == ARTIFACT_SHA256
        vm = VMContext()
        vm._sender = bytes.fromhex("ab" * 20)
        vm._contract_address = bytes.fromhex("cd" * 20)
        vm._chain_id = 61999
>       cls = load_contract_class(ROOT / "contracts/evidence_independence_matrix.py", vm, sdk_version="v0.2.16")
              ^^^^^^^^^^^^^^^^^^^^^^^^^^^^^^^^^^^^^^^^^^^^^^^^^^^^^^^^^^^^^^^^^^^^^^^^^^^^^^^^^^^^^^^^^^^^^^^^^^

tests/conftest.py:21: 
_ _ _ _ _ _ _ _ _ _ _ _ _ _ _ _ _ _ _ _ _ _ _ _ _ _ _ _ _ _ _ _ _ _ _ _ _ _ _ _ 
/tmp/eim-phase3-env/lib/python3.12/site-packages/gltest/direct/loader.py:57: in load_contract_class
    module = _load_module(contract_path)
             ^^^^^^^^^^^^^^^^^^^^^^^^^^^
_ _ _ _ _ _ _ _ _ _ _ _ _ _ _ _ _ _ _ _ _ _ _ _ _ _ _ _ _ _ _ _ _ _ _ _ _ _ _ _ 

contract_path = PosixPath('/workspace/scratch/6ad74b9a2f71/evidence-independence-matrix/contracts/evidence_independence_matrix.py')

    def _load_module(contract_path: Path) -> Any:
        """Load a Python module from file path."""
        module_name = f"_contract_{contract_path.stem}"
    
        if module_name in sys.modules:
            del sys.modules[module_name]
    
        spec = importlib.util.spec_from_file_location(module_name, contract_path)
        if spec is None or spec.loader is None:
            raise ImportError(f"Cannot load module from {contract_path}")
    
        module = importlib.util.module_from_spec(spec)
        sys.modules[module_name] = module
    
        try:
            spec.loader.exec_module(module)
        except Exception as e:
            if module_name in sys.modules:
                del sys.modules[module_name]
>           raise ImportError(f"Failed to load contract: {e}") from e
E           ImportError: Failed to load contract: closing parenthesis '}' does not match opening parenthesis '[' (evidence_independence_matrix.py, line 551)

/tmp/eim-phase3-env/lib/python3.12/site-packages/gltest/direct/loader.py:315: ImportError
_ ERROR at setup of test_postprocessing_cases[relations2-expected2-PARTIAL-counts2] _

contract_path = PosixPath('/workspace/scratch/6ad74b9a2f71/evidence-independence-matrix/contracts/evidence_independence_matrix.py')

    def _load_module(contract_path: Path) -> Any:
        """Load a Python module from file path."""
        module_name = f"_contract_{contract_path.stem}"
    
        if module_name in sys.modules:
            del sys.modules[module_name]
    
        spec = importlib.util.spec_from_file_location(module_name, contract_path)
        if spec is None or spec.loader is None:
            raise ImportError(f"Cannot load module from {contract_path}")
    
        module = importlib.util.module_from_spec(spec)
        sys.modules[module_name] = module
    
        try:
>           spec.loader.exec_module(module)
E             File "/workspace/scratch/6ad74b9a2f71/evidence-independence-matrix/contracts/evidence_independence_matrix.py", line 551
E               "relations": [p["relation"] for p in candidate["pairs"]}),
E                                                                      ^
E           SyntaxError: closing parenthesis '}' does not match opening parenthesis '['

/tmp/eim-phase3-env/lib/python3.12/site-packages/gltest/direct/loader.py:311: SyntaxError

The above exception was the direct cause of the following exception:

    @pytest.fixture(scope="session")
    def eim():
        archive = download_artifacts("v0.2.16")
        with archive.open("rb") as stream:
            assert hashlib.file_digest(stream, "sha256").hexdigest() == ARTIFACT_SHA256
        vm = VMContext()
        vm._sender = bytes.fromhex("ab" * 20)
        vm._contract_address = bytes.fromhex("cd" * 20)
        vm._chain_id = 61999
>       cls = load_contract_class(ROOT / "contracts/evidence_independence_matrix.py", vm, sdk_version="v0.2.16")
              ^^^^^^^^^^^^^^^^^^^^^^^^^^^^^^^^^^^^^^^^^^^^^^^^^^^^^^^^^^^^^^^^^^^^^^^^^^^^^^^^^^^^^^^^^^^^^^^^^^

tests/conftest.py:21: 
_ _ _ _ _ _ _ _ _ _ _ _ _ _ _ _ _ _ _ _ _ _ _ _ _ _ _ _ _ _ _ _ _ _ _ _ _ _ _ _ 
/tmp/eim-phase3-env/lib/python3.12/site-packages/gltest/direct/loader.py:57: in load_contract_class
    module = _load_module(contract_path)
             ^^^^^^^^^^^^^^^^^^^^^^^^^^^
_ _ _ _ _ _ _ _ _ _ _ _ _ _ _ _ _ _ _ _ _ _ _ _ _ _ _ _ _ _ _ _ _ _ _ _ _ _ _ _ 

contract_path = PosixPath('/workspace/scratch/6ad74b9a2f71/evidence-independence-matrix/contracts/evidence_independence_matrix.py')

    def _load_module(contract_path: Path) -> Any:
        """Load a Python module from file path."""
        module_name = f"_contract_{contract_path.stem}"
    
        if module_name in sys.modules:
            del sys.modules[module_name]
    
        spec = importlib.util.spec_from_file_location(module_name, contract_path)
        if spec is None or spec.loader is None:
            raise ImportError(f"Cannot load module from {contract_path}")
    
        module = importlib.util.module_from_spec(spec)
        sys.modules[module_name] = module
    
        try:
            spec.loader.exec_module(module)
        except Exception as e:
            if module_name in sys.modules:
                del sys.modules[module_name]
>           raise ImportError(f"Failed to load contract: {e}") from e
E           ImportError: Failed to load contract: closing parenthesis '}' does not match opening parenthesis '[' (evidence_independence_matrix.py, line 551)

/tmp/eim-phase3-env/lib/python3.12/site-packages/gltest/direct/loader.py:315: ImportError
_ ERROR at setup of test_postprocessing_cases[relations3-expected3-PARTIAL-counts3] _

contract_path = PosixPath('/workspace/scratch/6ad74b9a2f71/evidence-independence-matrix/contracts/evidence_independence_matrix.py')

    def _load_module(contract_path: Path) -> Any:
        """Load a Python module from file path."""
        module_name = f"_contract_{contract_path.stem}"
    
        if module_name in sys.modules:
            del sys.modules[module_name]
    
        spec = importlib.util.spec_from_file_location(module_name, contract_path)
        if spec is None or spec.loader is None:
            raise ImportError(f"Cannot load module from {contract_path}")
    
        module = importlib.util.module_from_spec(spec)
        sys.modules[module_name] = module
    
        try:
>           spec.loader.exec_module(module)
E             File "/workspace/scratch/6ad74b9a2f71/evidence-independence-matrix/contracts/evidence_independence_matrix.py", line 551
E               "relations": [p["relation"] for p in candidate["pairs"]}),
E                                                                      ^
E           SyntaxError: closing parenthesis '}' does not match opening parenthesis '['

/tmp/eim-phase3-env/lib/python3.12/site-packages/gltest/direct/loader.py:311: SyntaxError

The above exception was the direct cause of the following exception:

    @pytest.fixture(scope="session")
    def eim():
        archive = download_artifacts("v0.2.16")
        with archive.open("rb") as stream:
            assert hashlib.file_digest(stream, "sha256").hexdigest() == ARTIFACT_SHA256
        vm = VMContext()
        vm._sender = bytes.fromhex("ab" * 20)
        vm._contract_address = bytes.fromhex("cd" * 20)
        vm._chain_id = 61999
>       cls = load_contract_class(ROOT / "contracts/evidence_independence_matrix.py", vm, sdk_version="v0.2.16")
              ^^^^^^^^^^^^^^^^^^^^^^^^^^^^^^^^^^^^^^^^^^^^^^^^^^^^^^^^^^^^^^^^^^^^^^^^^^^^^^^^^^^^^^^^^^^^^^^^^^

tests/conftest.py:21: 
_ _ _ _ _ _ _ _ _ _ _ _ _ _ _ _ _ _ _ _ _ _ _ _ _ _ _ _ _ _ _ _ _ _ _ _ _ _ _ _ 
/tmp/eim-phase3-env/lib/python3.12/site-packages/gltest/direct/loader.py:57: in load_contract_class
    module = _load_module(contract_path)
             ^^^^^^^^^^^^^^^^^^^^^^^^^^^
_ _ _ _ _ _ _ _ _ _ _ _ _ _ _ _ _ _ _ _ _ _ _ _ _ _ _ _ _ _ _ _ _ _ _ _ _ _ _ _ 

contract_path = PosixPath('/workspace/scratch/6ad74b9a2f71/evidence-independence-matrix/contracts/evidence_independence_matrix.py')

    def _load_module(contract_path: Path) -> Any:
        """Load a Python module from file path."""
        module_name = f"_contract_{contract_path.stem}"
    
        if module_name in sys.modules:
            del sys.modules[module_name]
    
        spec = importlib.util.spec_from_file_location(module_name, contract_path)
        if spec is None or spec.loader is None:
            raise ImportError(f"Cannot load module from {contract_path}")
    
        module = importlib.util.module_from_spec(spec)
        sys.modules[module_name] = module
    
        try:
            spec.loader.exec_module(module)
        except Exception as e:
            if module_name in sys.modules:
                del sys.modules[module_name]
>           raise ImportError(f"Failed to load contract: {e}") from e
E           ImportError: Failed to load contract: closing parenthesis '}' does not match opening parenthesis '[' (evidence_independence_matrix.py, line 551)

/tmp/eim-phase3-env/lib/python3.12/site-packages/gltest/direct/loader.py:315: ImportError
_ ERROR at setup of test_postprocessing_cases[relations4-expected4-PARTIAL-counts4] _

contract_path = PosixPath('/workspace/scratch/6ad74b9a2f71/evidence-independence-matrix/contracts/evidence_independence_matrix.py')

    def _load_module(contract_path: Path) -> Any:
        """Load a Python module from file path."""
        module_name = f"_contract_{contract_path.stem}"
    
        if module_name in sys.modules:
            del sys.modules[module_name]
    
        spec = importlib.util.spec_from_file_location(module_name, contract_path)
        if spec is None or spec.loader is None:
            raise ImportError(f"Cannot load module from {contract_path}")
    
        module = importlib.util.module_from_spec(spec)
        sys.modules[module_name] = module
    
        try:
>           spec.loader.exec_module(module)
E             File "/workspace/scratch/6ad74b9a2f71/evidence-independence-matrix/contracts/evidence_independence_matrix.py", line 551
E               "relations": [p["relation"] for p in candidate["pairs"]}),
E                                                                      ^
E           SyntaxError: closing parenthesis '}' does not match opening parenthesis '['

/tmp/eim-phase3-env/lib/python3.12/site-packages/gltest/direct/loader.py:311: SyntaxError

The above exception was the direct cause of the following exception:

    @pytest.fixture(scope="session")
    def eim():
        archive = download_artifacts("v0.2.16")
        with archive.open("rb") as stream:
            assert hashlib.file_digest(stream, "sha256").hexdigest() == ARTIFACT_SHA256
        vm = VMContext()
        vm._sender = bytes.fromhex("ab" * 20)
        vm._contract_address = bytes.fromhex("cd" * 20)
        vm._chain_id = 61999
>       cls = load_contract_class(ROOT / "contracts/evidence_independence_matrix.py", vm, sdk_version="v0.2.16")
              ^^^^^^^^^^^^^^^^^^^^^^^^^^^^^^^^^^^^^^^^^^^^^^^^^^^^^^^^^^^^^^^^^^^^^^^^^^^^^^^^^^^^^^^^^^^^^^^^^^

tests/conftest.py:21: 
_ _ _ _ _ _ _ _ _ _ _ _ _ _ _ _ _ _ _ _ _ _ _ _ _ _ _ _ _ _ _ _ _ _ _ _ _ _ _ _ 
/tmp/eim-phase3-env/lib/python3.12/site-packages/gltest/direct/loader.py:57: in load_contract_class
    module = _load_module(contract_path)
             ^^^^^^^^^^^^^^^^^^^^^^^^^^^
_ _ _ _ _ _ _ _ _ _ _ _ _ _ _ _ _ _ _ _ _ _ _ _ _ _ _ _ _ _ _ _ _ _ _ _ _ _ _ _ 

contract_path = PosixPath('/workspace/scratch/6ad74b9a2f71/evidence-independence-matrix/contracts/evidence_independence_matrix.py')

    def _load_module(contract_path: Path) -> Any:
        """Load a Python module from file path."""
        module_name = f"_contract_{contract_path.stem}"
    
        if module_name in sys.modules:
            del sys.modules[module_name]
    
        spec = importlib.util.spec_from_file_location(module_name, contract_path)
        if spec is None or spec.loader is None:
            raise ImportError(f"Cannot load module from {contract_path}")
    
        module = importlib.util.module_from_spec(spec)
        sys.modules[module_name] = module
    
        try:
            spec.loader.exec_module(module)
        except Exception as e:
            if module_name in sys.modules:
                del sys.modules[module_name]
>           raise ImportError(f"Failed to load contract: {e}") from e
E           ImportError: Failed to load contract: closing parenthesis '}' does not match opening parenthesis '[' (evidence_independence_matrix.py, line 551)

/tmp/eim-phase3-env/lib/python3.12/site-packages/gltest/direct/loader.py:315: ImportError
________ ERROR at setup of test_no_single_eligible_and_nontransitivity _________

contract_path = PosixPath('/workspace/scratch/6ad74b9a2f71/evidence-independence-matrix/contracts/evidence_independence_matrix.py')

    def _load_module(contract_path: Path) -> Any:
        """Load a Python module from file path."""
        module_name = f"_contract_{contract_path.stem}"
    
        if module_name in sys.modules:
            del sys.modules[module_name]
    
        spec = importlib.util.spec_from_file_location(module_name, contract_path)
        if spec is None or spec.loader is None:
            raise ImportError(f"Cannot load module from {contract_path}")
    
        module = importlib.util.module_from_spec(spec)
        sys.modules[module_name] = module
    
        try:
>           spec.loader.exec_module(module)
E             File "/workspace/scratch/6ad74b9a2f71/evidence-independence-matrix/contracts/evidence_independence_matrix.py", line 551
E               "relations": [p["relation"] for p in candidate["pairs"]}),
E                                                                      ^
E           SyntaxError: closing parenthesis '}' does not match opening parenthesis '['

/tmp/eim-phase3-env/lib/python3.12/site-packages/gltest/direct/loader.py:311: SyntaxError

The above exception was the direct cause of the following exception:

    @pytest.fixture(scope="session")
    def eim():
        archive = download_artifacts("v0.2.16")
        with archive.open("rb") as stream:
            assert hashlib.file_digest(stream, "sha256").hexdigest() == ARTIFACT_SHA256
        vm = VMContext()
        vm._sender = bytes.fromhex("ab" * 20)
        vm._contract_address = bytes.fromhex("cd" * 20)
        vm._chain_id = 61999
>       cls = load_contract_class(ROOT / "contracts/evidence_independence_matrix.py", vm, sdk_version="v0.2.16")
              ^^^^^^^^^^^^^^^^^^^^^^^^^^^^^^^^^^^^^^^^^^^^^^^^^^^^^^^^^^^^^^^^^^^^^^^^^^^^^^^^^^^^^^^^^^^^^^^^^^

tests/conftest.py:21: 
_ _ _ _ _ _ _ _ _ _ _ _ _ _ _ _ _ _ _ _ _ _ _ _ _ _ _ _ _ _ _ _ _ _ _ _ _ _ _ _ 
/tmp/eim-phase3-env/lib/python3.12/site-packages/gltest/direct/loader.py:57: in load_contract_class
    module = _load_module(contract_path)
             ^^^^^^^^^^^^^^^^^^^^^^^^^^^
_ _ _ _ _ _ _ _ _ _ _ _ _ _ _ _ _ _ _ _ _ _ _ _ _ _ _ _ _ _ _ _ _ _ _ _ _ _ _ _ 

contract_path = PosixPath('/workspace/scratch/6ad74b9a2f71/evidence-independence-matrix/contracts/evidence_independence_matrix.py')

    def _load_module(contract_path: Path) -> Any:
        """Load a Python module from file path."""
        module_name = f"_contract_{contract_path.stem}"
    
        if module_name in sys.modules:
            del sys.modules[module_name]
    
        spec = importlib.util.spec_from_file_location(module_name, contract_path)
        if spec is None or spec.loader is None:
            raise ImportError(f"Cannot load module from {contract_path}")
    
        module = importlib.util.module_from_spec(spec)
        sys.modules[module_name] = module
    
        try:
            spec.loader.exec_module(module)
        except Exception as e:
            if module_name in sys.modules:
                del sys.modules[module_name]
>           raise ImportError(f"Failed to load contract: {e}") from e
E           ImportError: Failed to load contract: closing parenthesis '}' does not match opening parenthesis '[' (evidence_independence_matrix.py, line 551)

/tmp/eim-phase3-env/lib/python3.12/site-packages/gltest/direct/loader.py:315: ImportError
____________ ERROR at setup of test_exhaustive_four_node_relations _____________

contract_path = PosixPath('/workspace/scratch/6ad74b9a2f71/evidence-independence-matrix/contracts/evidence_independence_matrix.py')

    def _load_module(contract_path: Path) -> Any:
        """Load a Python module from file path."""
        module_name = f"_contract_{contract_path.stem}"
    
        if module_name in sys.modules:
            del sys.modules[module_name]
    
        spec = importlib.util.spec_from_file_location(module_name, contract_path)
        if spec is None or spec.loader is None:
            raise ImportError(f"Cannot load module from {contract_path}")
    
        module = importlib.util.module_from_spec(spec)
        sys.modules[module_name] = module
    
        try:
>           spec.loader.exec_module(module)
E             File "/workspace/scratch/6ad74b9a2f71/evidence-independence-matrix/contracts/evidence_independence_matrix.py", line 551
E               "relations": [p["relation"] for p in candidate["pairs"]}),
E                                                                      ^
E           SyntaxError: closing parenthesis '}' does not match opening parenthesis '['

/tmp/eim-phase3-env/lib/python3.12/site-packages/gltest/direct/loader.py:311: SyntaxError

The above exception was the direct cause of the following exception:

    @pytest.fixture(scope="session")
    def eim():
        archive = download_artifacts("v0.2.16")
        with archive.open("rb") as stream:
            assert hashlib.file_digest(stream, "sha256").hexdigest() == ARTIFACT_SHA256
        vm = VMContext()
        vm._sender = bytes.fromhex("ab" * 20)
        vm._contract_address = bytes.fromhex("cd" * 20)
        vm._chain_id = 61999
>       cls = load_contract_class(ROOT / "contracts/evidence_independence_matrix.py", vm, sdk_version="v0.2.16")
              ^^^^^^^^^^^^^^^^^^^^^^^^^^^^^^^^^^^^^^^^^^^^^^^^^^^^^^^^^^^^^^^^^^^^^^^^^^^^^^^^^^^^^^^^^^^^^^^^^^

tests/conftest.py:21: 
_ _ _ _ _ _ _ _ _ _ _ _ _ _ _ _ _ _ _ _ _ _ _ _ _ _ _ _ _ _ _ _ _ _ _ _ _ _ _ _ 
/tmp/eim-phase3-env/lib/python3.12/site-packages/gltest/direct/loader.py:57: in load_contract_class
    module = _load_module(contract_path)
             ^^^^^^^^^^^^^^^^^^^^^^^^^^^
_ _ _ _ _ _ _ _ _ _ _ _ _ _ _ _ _ _ _ _ _ _ _ _ _ _ _ _ _ _ _ _ _ _ _ _ _ _ _ _ 

contract_path = PosixPath('/workspace/scratch/6ad74b9a2f71/evidence-independence-matrix/contracts/evidence_independence_matrix.py')

    def _load_module(contract_path: Path) -> Any:
        """Load a Python module from file path."""
        module_name = f"_contract_{contract_path.stem}"
    
        if module_name in sys.modules:
            del sys.modules[module_name]
    
        spec = importlib.util.spec_from_file_location(module_name, contract_path)
        if spec is None or spec.loader is None:
            raise ImportError(f"Cannot load module from {contract_path}")
    
        module = importlib.util.module_from_spec(spec)
        sys.modules[module_name] = module
    
        try:
            spec.loader.exec_module(module)
        except Exception as e:
            if module_name in sys.modules:
                del sys.modules[module_name]
>           raise ImportError(f"Failed to load contract: {e}") from e
E           ImportError: Failed to load contract: closing parenthesis '}' does not match opening parenthesis '[' (evidence_independence_matrix.py, line 551)

/tmp/eim-phase3-env/lib/python3.12/site-packages/gltest/direct/loader.py:315: ImportError
_________ ERROR at setup of test_assessment_invariants_and_idempotency _________

contract_path = PosixPath('/workspace/scratch/6ad74b9a2f71/evidence-independence-matrix/contracts/evidence_independence_matrix.py')

    def _load_module(contract_path: Path) -> Any:
        """Load a Python module from file path."""
        module_name = f"_contract_{contract_path.stem}"
    
        if module_name in sys.modules:
            del sys.modules[module_name]
    
        spec = importlib.util.spec_from_file_location(module_name, contract_path)
        if spec is None or spec.loader is None:
            raise ImportError(f"Cannot load module from {contract_path}")
    
        module = importlib.util.module_from_spec(spec)
        sys.modules[module_name] = module
    
        try:
>           spec.loader.exec_module(module)
E             File "/workspace/scratch/6ad74b9a2f71/evidence-independence-matrix/contracts/evidence_independence_matrix.py", line 551
E               "relations": [p["relation"] for p in candidate["pairs"]}),
E                                                                      ^
E           SyntaxError: closing parenthesis '}' does not match opening parenthesis '['

/tmp/eim-phase3-env/lib/python3.12/site-packages/gltest/direct/loader.py:311: SyntaxError

The above exception was the direct cause of the following exception:

    @pytest.fixture(scope="session")
    def eim():
        archive = download_artifacts("v0.2.16")
        with archive.open("rb") as stream:
            assert hashlib.file_digest(stream, "sha256").hexdigest() == ARTIFACT_SHA256
        vm = VMContext()
        vm._sender = bytes.fromhex("ab" * 20)
        vm._contract_address = bytes.fromhex("cd" * 20)
        vm._chain_id = 61999
>       cls = load_contract_class(ROOT / "contracts/evidence_independence_matrix.py", vm, sdk_version="v0.2.16")
              ^^^^^^^^^^^^^^^^^^^^^^^^^^^^^^^^^^^^^^^^^^^^^^^^^^^^^^^^^^^^^^^^^^^^^^^^^^^^^^^^^^^^^^^^^^^^^^^^^^

tests/conftest.py:21: 
_ _ _ _ _ _ _ _ _ _ _ _ _ _ _ _ _ _ _ _ _ _ _ _ _ _ _ _ _ _ _ _ _ _ _ _ _ _ _ _ 
/tmp/eim-phase3-env/lib/python3.12/site-packages/gltest/direct/loader.py:57: in load_contract_class
    module = _load_module(contract_path)
             ^^^^^^^^^^^^^^^^^^^^^^^^^^^
_ _ _ _ _ _ _ _ _ _ _ _ _ _ _ _ _ _ _ _ _ _ _ _ _ _ _ _ _ _ _ _ _ _ _ _ _ _ _ _ 

contract_path = PosixPath('/workspace/scratch/6ad74b9a2f71/evidence-independence-matrix/contracts/evidence_independence_matrix.py')

    def _load_module(contract_path: Path) -> Any:
        """Load a Python module from file path."""
        module_name = f"_contract_{contract_path.stem}"
    
        if module_name in sys.modules:
            del sys.modules[module_name]
    
        spec = importlib.util.spec_from_file_location(module_name, contract_path)
        if spec is None or spec.loader is None:
            raise ImportError(f"Cannot load module from {contract_path}")
    
        module = importlib.util.module_from_spec(spec)
        sys.modules[module_name] = module
    
        try:
            spec.loader.exec_module(module)
        except Exception as e:
            if module_name in sys.modules:
                del sys.modules[module_name]
>           raise ImportError(f"Failed to load contract: {e}") from e
E           ImportError: Failed to load contract: closing parenthesis '}' does not match opening parenthesis '[' (evidence_independence_matrix.py, line 551)

/tmp/eim-phase3-env/lib/python3.12/site-packages/gltest/direct/loader.py:315: ImportError
____________ ERROR at setup of test_sdk_schema_and_atomic_boundary _____________

contract_path = PosixPath('/workspace/scratch/6ad74b9a2f71/evidence-independence-matrix/contracts/evidence_independence_matrix.py')

    def _load_module(contract_path: Path) -> Any:
        """Load a Python module from file path."""
        module_name = f"_contract_{contract_path.stem}"
    
        if module_name in sys.modules:
            del sys.modules[module_name]
    
        spec = importlib.util.spec_from_file_location(module_name, contract_path)
        if spec is None or spec.loader is None:
            raise ImportError(f"Cannot load module from {contract_path}")
    
        module = importlib.util.module_from_spec(spec)
        sys.modules[module_name] = module
    
        try:
>           spec.loader.exec_module(module)
E             File "/workspace/scratch/6ad74b9a2f71/evidence-independence-matrix/contracts/evidence_independence_matrix.py", line 551
E               "relations": [p["relation"] for p in candidate["pairs"]}),
E                                                                      ^
E           SyntaxError: closing parenthesis '}' does not match opening parenthesis '['

/tmp/eim-phase3-env/lib/python3.12/site-packages/gltest/direct/loader.py:311: SyntaxError

The above exception was the direct cause of the following exception:

    @pytest.fixture(scope="session")
    def eim():
        archive = download_artifacts("v0.2.16")
        with archive.open("rb") as stream:
            assert hashlib.file_digest(stream, "sha256").hexdigest() == ARTIFACT_SHA256
        vm = VMContext()
        vm._sender = bytes.fromhex("ab" * 20)
        vm._contract_address = bytes.fromhex("cd" * 20)
        vm._chain_id = 61999
>       cls = load_contract_class(ROOT / "contracts/evidence_independence_matrix.py", vm, sdk_version="v0.2.16")
              ^^^^^^^^^^^^^^^^^^^^^^^^^^^^^^^^^^^^^^^^^^^^^^^^^^^^^^^^^^^^^^^^^^^^^^^^^^^^^^^^^^^^^^^^^^^^^^^^^^

tests/conftest.py:21: 
_ _ _ _ _ _ _ _ _ _ _ _ _ _ _ _ _ _ _ _ _ _ _ _ _ _ _ _ _ _ _ _ _ _ _ _ _ _ _ _ 
/tmp/eim-phase3-env/lib/python3.12/site-packages/gltest/direct/loader.py:57: in load_contract_class
    module = _load_module(contract_path)
             ^^^^^^^^^^^^^^^^^^^^^^^^^^^
_ _ _ _ _ _ _ _ _ _ _ _ _ _ _ _ _ _ _ _ _ _ _ _ _ _ _ _ _ _ _ _ _ _ _ _ _ _ _ _ 

contract_path = PosixPath('/workspace/scratch/6ad74b9a2f71/evidence-independence-matrix/contracts/evidence_independence_matrix.py')

    def _load_module(contract_path: Path) -> Any:
        """Load a Python module from file path."""
        module_name = f"_contract_{contract_path.stem}"
    
        if module_name in sys.modules:
            del sys.modules[module_name]
    
        spec = importlib.util.spec_from_file_location(module_name, contract_path)
        if spec is None or spec.loader is None:
            raise ImportError(f"Cannot load module from {contract_path}")
    
        module = importlib.util.module_from_spec(spec)
        sys.modules[module_name] = module
    
        try:
            spec.loader.exec_module(module)
        except Exception as e:
            if module_name in sys.modules:
                del sys.modules[module_name]
>           raise ImportError(f"Failed to load contract: {e}") from e
E           ImportError: Failed to load contract: closing parenthesis '}' does not match opening parenthesis '[' (evidence_independence_matrix.py, line 551)

/tmp/eim-phase3-env/lib/python3.12/site-packages/gltest/direct/loader.py:315: ImportError
=================================== FAILURES ===================================
_____ test_static_production_boundary_has_one_contract_and_no_test_bypass ______

    def test_static_production_boundary_has_one_contract_and_no_test_bypass():
        files = list((ROOT / "contracts").glob("*.py"))
        assert len(files) == 1
        source = files[0].read_text()
>       tree = ast.parse(source)
               ^^^^^^^^^^^^^^^^^

tests/test_contract_readiness.py:256: 
_ _ _ _ _ _ _ _ _ _ _ _ _ _ _ _ _ _ _ _ _ _ _ _ _ _ _ _ _ _ _ _ _ _ _ _ _ _ _ _ 

source = '# v0.2.16\n# { "Depends": "py-genlayer:1jb45aa8ynh2a9c9xn3b7qqh8sm5q93hwfp7jqmwsfhh8jpz09h6" }\n"""EIM-V1-STUDIO / ap...t.com", "<legal-github-owner>.github.io"],\n                             "extensions": list(EXTENSIONS)},\n        }\n'
filename = '<unknown>', mode = 'exec', type_comments = False
feature_version = -1

    def parse(source, filename='<unknown>', mode='exec', *,
              type_comments=False, feature_version=None):
        """
        Parse the source into an AST node.
        Equivalent to compile(source, filename, mode, PyCF_ONLY_AST).
        Pass type_comments=True to get back type comments where the syntax allows.
        """
        flags = PyCF_ONLY_AST
        if type_comments:
            flags |= PyCF_TYPE_COMMENTS
        if feature_version is None:
            feature_version = -1
        elif isinstance(feature_version, tuple):
            major, minor = feature_version  # Should be a 2-tuple.
            if major != 3:
                raise ValueError(f"Unsupported major version: {major}")
            feature_version = minor
        # Else it should be an int giving the minor version for 3.x.
>       return compile(source, filename, mode, flags,
                       _feature_version=feature_version)
E         File "<unknown>", line 551
E           "relations": [p["relation"] for p in candidate["pairs"]}),
E                                                                  ^
E       SyntaxError: closing parenthesis '}' does not match opening parenthesis '['

/opt/codex/runtimes/codex-primary-runtime/dependencies/python/lib/python3.12/ast.py:52: SyntaxError
=========================== short test summary info ============================
ERROR tests/test_consensus.py::test_A_full_independent_reexecution_and_atomic_success
ERROR tests/test_consensus.py::test_B_C_D_L_material_disagreement[relation]
ERROR tests/test_consensus.py::test_B_C_D_L_material_disagreement[relevance]
ERROR tests/test_consensus.py::test_B_C_D_L_material_disagreement[digest] - I...
ERROR tests/test_consensus.py::test_B_C_D_L_material_disagreement[fetch_content]
ERROR tests/test_consensus.py::test_B_C_D_L_material_disagreement[read_status]
ERROR tests/test_consensus.py::test_E_F_invalid_leader_candidate_rejected[<lambda>0]
ERROR tests/test_consensus.py::test_E_F_invalid_leader_candidate_rejected[<lambda>1]
ERROR tests/test_consensus.py::test_E_F_invalid_leader_candidate_rejected[<lambda>2]
ERROR tests/test_consensus.py::test_E_F_invalid_leader_candidate_rejected[<lambda>3]
ERROR tests/test_consensus.py::test_E_F_invalid_leader_candidate_rejected[<lambda>4]
ERROR tests/test_consensus.py::test_E_F_invalid_leader_candidate_rejected[<lambda>5]
ERROR tests/test_consensus.py::test_E_F_invalid_leader_candidate_rejected[<lambda>6]
ERROR tests/test_consensus.py::test_E_F_invalid_leader_candidate_rejected[<lambda>7]
ERROR tests/test_consensus.py::test_F_G_H_O_raw_model_parser_failure_no_write[{"relevance":["RELEVANT","RELEVANT"],"relations":["INDEPENDENT"],"score":1}]
ERROR tests/test_consensus.py::test_F_G_H_O_raw_model_parser_failure_no_write[{"relevance":["RELEVANT","RELEVANT"],"relevance":["RELEVANT","RELEVANT"],"relations":["INDEPENDENT"]}]
ERROR tests/test_consensus.py::test_F_G_H_O_raw_model_parser_failure_no_write[{"relevance":["RELEVANT","RELEVANT"],"relations":["INVALID"]}]
ERROR tests/test_consensus.py::test_F_G_H_O_raw_model_parser_failure_no_write[not json]
ERROR tests/test_consensus.py::test_F_G_H_O_raw_model_parser_failure_no_write[```json\n{"relevance":["RELEVANT","RELEVANT"],"relations":["INDEPENDENT"]}\n```]
ERROR tests/test_consensus.py::test_F_G_H_O_raw_model_parser_failure_no_write[{"relevance":["RELEVANT"],"relations":["UNKNOWN"]}]
ERROR tests/test_consensus.py::test_F_G_H_O_raw_model_parser_failure_no_write[{"relevance":["RELEVANT","RELEVANT"],"relations":[]}]
ERROR tests/test_consensus.py::test_F_G_H_O_raw_model_parser_failure_no_write[{"relevance":[true,"RELEVANT"],"relations":["UNKNOWN"]}]
ERROR tests/test_consensus.py::test_F_G_H_O_raw_model_parser_failure_no_write[{"relations":["UNKNOWN"]}]
ERROR tests/test_consensus.py::test_F_G_H_O_raw_model_parser_failure_no_write[{"relevance":["NOT_APPLICABLE","RELEVANT"],"relations":["UNKNOWN"]}]
ERROR tests/test_consensus.py::test_F_G_H_O_raw_model_parser_failure_no_write[{"relevance":["UNCERTAIN","RELEVANT"],"relations":["INDEPENDENT"]}]
ERROR tests/test_consensus.py::test_I_temporary_fetch_failure_no_unknown_record[429]
ERROR tests/test_consensus.py::test_I_temporary_fetch_failure_no_unknown_record[500]
ERROR tests/test_consensus.py::test_I_temporary_fetch_failure_no_unknown_record[503]
ERROR tests/test_consensus.py::test_I_temporary_fetch_failure_no_unknown_record[408]
ERROR tests/test_consensus.py::test_I_temporary_fetch_failure_no_unknown_record[425]
ERROR tests/test_consensus.py::test_I_temporary_fetch_failure_no_unknown_record[failure5]
ERROR tests/test_consensus.py::test_I_temporary_fetch_failure_no_unknown_record[failure6]
ERROR tests/test_consensus.py::test_I_temporary_fetch_failure_no_unknown_record[failure7]
ERROR tests/test_consensus.py::test_J_unavailable_source_semantics[404] - Imp...
ERROR tests/test_consensus.py::test_J_unavailable_source_semantics[410] - Imp...
ERROR tests/test_consensus.py::test_J_unavailable_source_semantics[401] - Imp...
ERROR tests/test_consensus.py::test_J_unavailable_source_semantics[403] - Imp...
ERROR tests/test_consensus.py::test_no_readable_sources_skip_model_and_still_refetch
ERROR tests/test_consensus.py::test_unreadable_model_constraints_are_rejected_not_repaired[{"relevance":["RELEVANT","RELEVANT"],"relations":["INDEPENDENT"]}]
ERROR tests/test_consensus.py::test_unreadable_model_constraints_are_rejected_not_repaired[{"relevance":["NOT_APPLICABLE","RELEVANT"],"relations":["INDEPENDENT"]}]
ERROR tests/test_consensus.py::test_four_sources_one_full_classification_per_participant
ERROR tests/test_consensus.py::test_unsupported_source_never_enters_relevant[response0]
ERROR tests/test_consensus.py::test_unsupported_source_never_enters_relevant[response1]
ERROR tests/test_consensus.py::test_unsupported_source_never_enters_relevant[response2]
ERROR tests/test_consensus.py::test_unsupported_source_never_enters_relevant[response3]
ERROR tests/test_consensus.py::test_unsupported_source_never_enters_relevant[response4]
ERROR tests/test_consensus.py::test_unsupported_source_never_enters_relevant[response5]
ERROR tests/test_consensus.py::test_unsupported_source_never_enters_relevant[response6]
ERROR tests/test_consensus.py::test_unsupported_source_never_enters_relevant[response7]
ERROR tests/test_consensus.py::test_unsupported_source_never_enters_relevant[response8]
ERROR tests/test_consensus.py::test_unsupported_source_never_enters_relevant[response9]
ERROR tests/test_consensus.py::test_unsupported_source_never_enters_relevant[response10]
ERROR tests/test_consensus.py::test_unsupported_source_never_enters_relevant[response11]
ERROR tests/test_consensus.py::test_unsupported_source_never_enters_relevant[response12]
ERROR tests/test_consensus.py::test_unsupported_source_never_enters_relevant[response13]
ERROR tests/test_consensus.py::test_normalized_content_equal_and_single_pass_digest
ERROR tests/test_consensus.py::test_body_and_text_exact_limits_accepted - Imp...
ERROR tests/test_consensus.py::test_K_prompt_injection_is_structured_data_only
ERROR tests/test_consensus.py::test_canonical_prompt_and_pure_callback_capture
ERROR tests/test_consensus.py::test_M_N_reused_and_conflict_bypass_all_nondet[INDEPENDENT]
ERROR tests/test_consensus.py::test_M_N_reused_and_conflict_bypass_all_nondet[UNKNOWN]
ERROR tests/test_consensus.py::test_validator_rejects_non_success_wrapper[user_error]
ERROR tests/test_consensus.py::test_validator_rejects_non_success_wrapper[vm_error]
ERROR tests/test_consensus.py::test_validator_rejects_non_success_wrapper[no_wrapper]
ERROR tests/test_consensus.py::test_validator_unable_to_reexecute_disagrees_no_write[bad_json]
ERROR tests/test_consensus.py::test_validator_unable_to_reexecute_disagrees_no_write[provider]
ERROR tests/test_consensus.py::test_validator_unable_to_reexecute_disagrees_no_write[timeout]
ERROR tests/test_consensus.py::test_validator_unable_to_reexecute_disagrees_no_write[429]
ERROR tests/test_consensus.py::test_leader_model_failure_not_unknown[] - Impo...
ERROR tests/test_consensus.py::test_leader_model_failure_not_unknown[   ] - I...
ERROR tests/test_consensus.py::test_leader_model_failure_not_unknown[None] - ...
ERROR tests/test_consensus.py::test_leader_model_failure_not_unknown[output3]
ERROR tests/test_consensus.py::test_actual_unpatched_sdk_serialized_custom_path[True]
ERROR tests/test_consensus.py::test_actual_unpatched_sdk_serialized_custom_path[False]
ERROR tests/test_contract_readiness.py::test_controlled_fixture_full_pipeline
ERROR tests/test_contract_readiness.py::test_public_document_offline_readability_and_digest[ERC-20]
ERROR tests/test_contract_readiness.py::test_public_document_offline_readability_and_digest[IERC20]
ERROR tests/test_contract_readiness.py::test_injection_fixture_preserves_boundaries_and_never_follows_url
ERROR tests/test_contract_readiness.py::test_error_fixture_taxonomy_and_write_boundary[http-404]
ERROR tests/test_contract_readiness.py::test_error_fixture_taxonomy_and_write_boundary[http-410]
ERROR tests/test_contract_readiness.py::test_error_fixture_taxonomy_and_write_boundary[http-401]
ERROR tests/test_contract_readiness.py::test_error_fixture_taxonomy_and_write_boundary[http-403]
ERROR tests/test_contract_readiness.py::test_error_fixture_taxonomy_and_write_boundary[oversize]
ERROR tests/test_contract_readiness.py::test_error_fixture_taxonomy_and_write_boundary[invalid-utf8]
ERROR tests/test_contract_readiness.py::test_error_fixture_taxonomy_and_write_boundary[html]
ERROR tests/test_contract_readiness.py::test_error_fixture_taxonomy_and_write_boundary[unsupported-extension]
ERROR tests/test_contract_readiness.py::test_error_fixture_taxonomy_and_write_boundary[http-429]
ERROR tests/test_contract_readiness.py::test_error_fixture_taxonomy_and_write_boundary[http-500]
ERROR tests/test_contract_readiness.py::test_error_fixture_taxonomy_and_write_boundary[http-503]
ERROR tests/test_contract_readiness.py::test_error_fixture_taxonomy_and_write_boundary[timeout]
ERROR tests/test_contract_readiness.py::test_error_fixture_taxonomy_and_write_boundary[dns]
ERROR tests/test_contract_readiness.py::test_error_fixture_taxonomy_and_write_boundary[connection]
ERROR tests/test_contract_readiness.py::test_error_fixture_taxonomy_and_write_boundary[model-failure]
ERROR tests/test_contract_readiness.py::test_error_fixture_taxonomy_and_write_boundary[invalid-json]
ERROR tests/test_contract_readiness.py::test_error_fixture_taxonomy_and_write_boundary[duplicate-key]
ERROR tests/test_contract_readiness.py::test_error_fixture_taxonomy_and_write_boundary[illegal-enum]
ERROR tests/test_contract_readiness.py::test_error_fixture_taxonomy_and_write_boundary[wrong-relevance-length]
ERROR tests/test_contract_readiness.py::test_error_fixture_taxonomy_and_write_boundary[wrong-relation-length]
ERROR tests/test_contract_readiness.py::test_error_fixture_taxonomy_and_write_boundary[extra-model-field]
ERROR tests/test_contract_readiness.py::test_error_fixture_taxonomy_and_write_boundary[missing-pair]
ERROR tests/test_contract_readiness.py::test_error_fixture_taxonomy_and_write_boundary[extra-pair]
ERROR tests/test_contract_readiness.py::test_error_fixture_taxonomy_and_write_boundary[wrong-ordering]
ERROR tests/test_contract_readiness.py::test_atomic_failure_preserves_old_record_and_creates_no_new_record[fetch]
ERROR tests/test_contract_readiness.py::test_atomic_failure_preserves_old_record_and_creates_no_new_record[model]
ERROR tests/test_contract_readiness.py::test_atomic_failure_preserves_old_record_and_creates_no_new_record[invalid-json]
ERROR tests/test_contract_readiness.py::test_atomic_failure_preserves_old_record_and_creates_no_new_record[schema]
ERROR tests/test_contract_readiness.py::test_atomic_failure_preserves_old_record_and_creates_no_new_record[disagreement]
ERROR tests/test_contract_readiness.py::test_atomic_failure_preserves_old_record_and_creates_no_new_record[candidate-invariant]
ERROR tests/test_contract_readiness.py::test_atomic_failure_preserves_old_record_and_creates_no_new_record[postprocess]
ERROR tests/test_contract_readiness.py::test_partial_idempotency_namespace_and_new_observation[same]
ERROR tests/test_contract_readiness.py::test_partial_idempotency_namespace_and_new_observation[conflict]
ERROR tests/test_contract_readiness.py::test_partial_idempotency_namespace_and_new_observation[new-key]
ERROR tests/test_contract_readiness.py::test_partial_idempotency_namespace_and_new_observation[other-creator]
ERROR tests/test_contract_readiness.py::test_validator_classification_independent_of_valid_leader_answer[relation]
ERROR tests/test_contract_readiness.py::test_validator_classification_independent_of_valid_leader_answer[digest]
ERROR tests/test_contract_readiness.py::test_public_interface_authorization_and_immutable_views
ERROR tests/test_deterministic.py::test_key_rejection[] - ImportError: Failed...
ERROR tests/test_deterministic.py::test_key_rejection[aaaaaaaaaaaaaaaaaaaaaaaaaaaaaaaaaaaaaaaaaaaaaaaaaaaaaaaaaaaaaaaaa]
ERROR tests/test_deterministic.py::test_key_rejection[a b] - ImportError: Fai...
ERROR tests/test_deterministic.py::test_key_rejection[\xe9] - ImportError: Fa...
ERROR tests/test_deterministic.py::test_key_rejection[x.y] - ImportError: Fai...
ERROR tests/test_deterministic.py::test_key_rejection[\nkey] - ImportError: F...
ERROR tests/test_deterministic.py::test_key_rejection[None] - ImportError: Fa...
ERROR tests/test_deterministic.py::test_key_rejection[5] - ImportError: Faile...
ERROR tests/test_deterministic.py::test_input_boundaries - ImportError: Faile...
ERROR tests/test_deterministic.py::test_text_normalization - ImportError: Fai...
ERROR tests/test_deterministic.py::test_url_restrictions[http://alice.github.io/a.txt]
ERROR tests/test_deterministic.py::test_url_restrictions[https://alice.github.io/a.txt?]
ERROR tests/test_deterministic.py::test_url_restrictions[https://alice.github.io/a.txt#]
ERROR tests/test_deterministic.py::test_url_restrictions[https://user@alice.github.io/a.txt]
ERROR tests/test_deterministic.py::test_url_restrictions[https://alice.github.io:444/a.txt]
ERROR tests/test_deterministic.py::test_url_restrictions[https://alice.github.io:/a.txt]
ERROR tests/test_deterministic.py::test_url_restrictions[https://alice.github.io/a\\b.txt]
ERROR tests/test_deterministic.py::test_url_restrictions[https://alice.github.io/\na.txt]
ERROR tests/test_deterministic.py::test_url_restrictions[https://alice.github.io/\ta.txt]
ERROR tests/test_deterministic.py::test_url_restrictions[https://alice.github.io/a\x7f.txt]
ERROR tests/test_deterministic.py::test_url_restrictions[https://alice.github.io/\u4e2d\u6587.txt]
ERROR tests/test_deterministic.py::test_url_restrictions[https://alice.github.io/a b.txt]
ERROR tests/test_deterministic.py::test_url_restrictions[https://127.0.0.1/a.txt]
ERROR tests/test_deterministic.py::test_url_restrictions[https://[::1]/a.txt]
ERROR tests/test_deterministic.py::test_url_restrictions[https://alice.github.io/./a.txt]
ERROR tests/test_deterministic.py::test_url_restrictions[https://alice.github.io/x/../a.txt]
ERROR tests/test_deterministic.py::test_url_restrictions[https://alice.github.io/%2e/a.txt]
ERROR tests/test_deterministic.py::test_url_restrictions[https://alice.github.io/.%2E/a.txt]
ERROR tests/test_deterministic.py::test_url_restrictions[https://alice.github.io/%2E%2e/a.txt]
ERROR tests/test_deterministic.py::test_url_restrictions[https://nested.alice.github.io/a.txt]
ERROR tests/test_deterministic.py::test_url_restrictions[https://alice.github.io.evil.com/a.txt]
ERROR tests/test_deterministic.py::test_url_restrictions[https://evilgithub.io/a.txt]
ERROR tests/test_deterministic.py::test_url_restrictions[https://alice.github.io./a.txt]
ERROR tests/test_deterministic.py::test_url_restrictions[https://-alice.github.io/a.txt]
ERROR tests/test_deterministic.py::test_url_restrictions[https://alice-.github.io/a.txt]
ERROR tests/test_deterministic.py::test_url_restrictions[https://al--ice.github.io/a.txt]
ERROR tests/test_deterministic.py::test_url_restrictions[https://aaaaaaaaaaaaaaaaaaaaaaaaaaaaaaaaaaaaaaaa.github.io/a.txt]
ERROR tests/test_deterministic.py::test_url_restrictions[https://alice.github.io/a.TXT]
ERROR tests/test_deterministic.py::test_url_restrictions[https://alice.github.io/a.html]
ERROR tests/test_deterministic.py::test_url_restrictions[https://alice.github.io]
ERROR tests/test_deterministic.py::test_url_restrictions[https://alice.github.io/%zz.txt]
ERROR tests/test_deterministic.py::test_url_normalization_duplicates_and_boundary
ERROR tests/test_deterministic.py::test_creator_and_hash_vectors - ImportErro...
ERROR tests/test_deterministic.py::test_strict_model_parser_rejects[] - Impor...
ERROR tests/test_deterministic.py::test_strict_model_parser_rejects[```json\n{}\n```]
ERROR tests/test_deterministic.py::test_strict_model_parser_rejects[explanation {}]
ERROR tests/test_deterministic.py::test_strict_model_parser_rejects[{} trailing]
ERROR tests/test_deterministic.py::test_strict_model_parser_rejects[[]] - Imp...
ERROR tests/test_deterministic.py::test_strict_model_parser_rejects[null] - I...
ERROR tests/test_deterministic.py::test_strict_model_parser_rejects[{"relevance":[],"relevance":[],"relations":[]}]
ERROR tests/test_deterministic.py::test_strict_model_parser_rejects[{"relevance":[],"relations":[],"x":1}]
ERROR tests/test_deterministic.py::test_strict_model_parser_rejects[{"relevance":[]}]
ERROR tests/test_deterministic.py::test_strict_model_parser_rejects[{"relevance":[NaN],"relations":[]}]
ERROR tests/test_deterministic.py::test_strict_model_parser_rejects[{"relevance":[Infinity],"relations":[]}]
ERROR tests/test_deterministic.py::test_strict_model_parser_rejects[{"relevance":[{"x":1,"x":2}],"relations":[]}]
ERROR tests/test_deterministic.py::test_strict_model_parser_rejects[{"relevance":["RELEVANT","RELEVANT"],"relations":["SELF"]}]
ERROR tests/test_deterministic.py::test_strict_model_parser_rejects[{"relevance":["RELEVANT"],"relations":["UNKNOWN"]}]
ERROR tests/test_deterministic.py::test_strict_model_parser_rejects[{"relevance":[true,"RELEVANT"],"relations":["UNKNOWN"]}]
ERROR tests/test_deterministic.py::test_parser_binds_metadata - ImportError: ...
ERROR tests/test_deterministic.py::test_candidate_rejection[<lambda>0] - Impo...
ERROR tests/test_deterministic.py::test_candidate_rejection[<lambda>1] - Impo...
ERROR tests/test_deterministic.py::test_candidate_rejection[<lambda>2] - Impo...
ERROR tests/test_deterministic.py::test_candidate_rejection[<lambda>3] - Impo...
ERROR tests/test_deterministic.py::test_candidate_rejection[<lambda>4] - Impo...
ERROR tests/test_deterministic.py::test_candidate_rejection[<lambda>5] - Impo...
ERROR tests/test_deterministic.py::test_candidate_rejection[<lambda>6] - Impo...
ERROR tests/test_deterministic.py::test_candidate_rejection[<lambda>7] - Impo...
ERROR tests/test_deterministic.py::test_candidate_rejection[<lambda>8] - Impo...
ERROR tests/test_deterministic.py::test_candidate_rejection[<lambda>9] - Impo...
ERROR tests/test_deterministic.py::test_candidate_rejection[<lambda>10] - Imp...
ERROR tests/test_deterministic.py::test_candidate_rejection[<lambda>11] - Imp...
ERROR tests/test_deterministic.py::test_candidate_rejection[<lambda>12] - Imp...
ERROR tests/test_deterministic.py::test_candidate_rejection[<lambda>13] - Imp...
ERROR tests/test_deterministic.py::test_candidate_rejection[<lambda>14] - Imp...
ERROR tests/test_deterministic.py::test_candidate_rejection[<lambda>15] - Imp...
ERROR tests/test_deterministic.py::test_candidate_rejection[<lambda>16] - Imp...
ERROR tests/test_deterministic.py::test_candidate_rejection[<lambda>17] - Imp...
ERROR tests/test_deterministic.py::test_candidate_rejection[<lambda>18] - Imp...
ERROR tests/test_deterministic.py::test_candidate_rejection[<lambda>19] - Imp...
ERROR tests/test_deterministic.py::test_source_invariants[UNAVAILABLE-RELEVANT-None]
ERROR tests/test_deterministic.py::test_source_invariants[UNSUPPORTED-NOT_APPLICABLE-aaaaaaaaaaaaaaaaaaaaaaaaaaaaaaaaaaaaaaaaaaaaaaaaaaaaaaaaaaaaaaaa]
ERROR tests/test_deterministic.py::test_source_invariants[READABLE-NOT_APPLICABLE-aaaaaaaaaaaaaaaaaaaaaaaaaaaaaaaaaaaaaaaaaaaaaaaaaaaaaaaaaaaaaaaa]
ERROR tests/test_deterministic.py::test_source_invariants[READABLE-RELEVANT-aaaaaaaaaaaaaaaaaaaaaaaaaaaaaaaaaaaaaaaaaaaaaaaaaaaaaaaaaaaaaaa]
ERROR tests/test_deterministic.py::test_noneligible_requires_unknown[NOT_RELEVANT]
ERROR tests/test_deterministic.py::test_noneligible_requires_unknown[UNCERTAIN]
ERROR tests/test_deterministic.py::test_postprocessing_cases[relations0-expected0-COMPLETE-counts0]
ERROR tests/test_deterministic.py::test_postprocessing_cases[relations1-expected1-COMPLETE-counts1]
ERROR tests/test_deterministic.py::test_postprocessing_cases[relations2-expected2-PARTIAL-counts2]
ERROR tests/test_deterministic.py::test_postprocessing_cases[relations3-expected3-PARTIAL-counts3]
ERROR tests/test_deterministic.py::test_postprocessing_cases[relations4-expected4-PARTIAL-counts4]
ERROR tests/test_deterministic.py::test_no_single_eligible_and_nontransitivity
ERROR tests/test_deterministic.py::test_exhaustive_four_node_relations - Impo...
ERROR tests/test_deterministic.py::test_assessment_invariants_and_idempotency
ERROR tests/test_deterministic.py::test_sdk_schema_and_atomic_boundary - Impo...
FAILED tests/test_contract_readiness.py::test_static_production_boundary_has_one_contract_and_no_test_bypass
1 failed, 210 errors in 2.63s
